# This file uses centimeters as units for non-parametric coordinates.

mtllib boules.mtl
g default
v 0.148936 0.820397 0.158195
v 0.085988 0.770388 0.119966
v 0.000000 0.752083 0.105973
v -0.085988 0.770388 0.119966
v -0.148936 0.820397 0.158195
v -0.171976 0.888711 0.210417
v -0.148936 0.957026 0.262639
v -0.085988 1.007035 0.300868
v 0.000000 1.025340 0.314861
v 0.085988 1.007035 0.300868
v 0.148936 0.957026 0.262639
v 0.171976 0.888711 0.210417
v 0.287722 0.796701 0.057255
v 0.166116 0.700090 -0.016598
v 0.000000 0.664728 -0.043630
v -0.166116 0.700090 -0.016598
v -0.287722 0.796701 0.057255
v -0.332232 0.928674 0.158140
v -0.287722 1.060646 0.259025
v -0.166116 1.157257 0.332878
v 0.000000 1.192619 0.359910
v 0.166116 1.157257 0.332878
v 0.287722 1.060646 0.259025
v 0.332232 0.928674 0.158140
v 0.406900 0.805607 -0.067693
v 0.234924 0.668978 -0.172136
v 0.000000 0.618969 -0.210365
v -0.234924 0.668978 -0.172136
v -0.406900 0.805607 -0.067693
v -0.469847 0.992244 0.074980
v -0.406900 1.178882 0.217653
v -0.234924 1.315510 0.322097
v 0.000000 1.365519 0.360326
v 0.234924 1.315510 0.322097
v 0.406900 1.178882 0.217653
v 0.469847 0.992244 0.074980
v 0.498348 0.846508 -0.208134
v 0.287722 0.679173 -0.336051
v 0.000000 0.617924 -0.382872
v -0.287722 0.679173 -0.336051
v -0.498348 0.846508 -0.208134
v -0.575443 1.075091 -0.033396
v -0.498348 1.303675 0.141342
v -0.287722 1.471009 0.269259
v 0.000000 1.532258 0.316080
v 0.287722 1.471009 0.269259
v 0.498348 1.303675 0.141342
v 0.575443 1.075091 -0.033396
v 0.555835 0.916617 -0.354497
v 0.320912 0.729979 -0.497170
v 0.000000 0.661665 -0.549392
v -0.320912 0.729979 -0.497170
v -0.555835 0.916617 -0.354497
v -0.641823 1.171568 -0.159603
v -0.555835 1.426520 0.035292
v -0.320912 1.613158 0.177965
v 0.000000 1.681472 0.230187
v 0.320912 1.613158 0.177965
v 0.555835 1.426520 0.035292
v 0.641823 1.171568 -0.159603
v 0.575443 1.011156 -0.496809
v 0.332232 0.817934 -0.644515
v 0.000000 0.747210 -0.698579
v -0.332232 0.817934 -0.644515
v -0.575443 1.011156 -0.496809
v -0.664465 1.275101 -0.295039
v -0.575443 1.539047 -0.093269
v -0.332232 1.732268 0.054436
v 0.000000 1.802992 0.108500
v 0.332232 1.732268 0.054436
v 0.575443 1.539047 -0.093269
v 0.664465 1.275101 -0.295039
v 0.555835 1.123682 -0.625371
v 0.320912 0.937045 -0.768043
v 0.000000 0.868731 -0.820265
v -0.320912 0.937045 -0.768043
v -0.555835 1.123682 -0.625371
v -0.641823 1.378634 -0.430476
v -0.555835 1.633586 -0.235581
v -0.320912 1.820223 -0.092908
v 0.000000 1.888537 -0.040686
v 0.320912 1.820223 -0.092908
v 0.555835 1.633586 -0.235581
v 0.641823 1.378634 -0.430476
v 0.498348 1.246528 -0.731420
v 0.287722 1.079193 -0.859337
v 0.000000 1.017944 -0.906158
v -0.287722 1.079193 -0.859337
v -0.498348 1.246528 -0.731420
v -0.575443 1.475111 -0.556683
v -0.498348 1.703695 -0.381945
v -0.287722 1.871029 -0.254028
v 0.000000 1.932278 -0.207207
v 0.287722 1.871029 -0.254028
v 0.498348 1.703695 -0.381945
v 0.575443 1.475111 -0.556683
v 0.406900 1.371320 -0.807732
v 0.234924 1.234692 -0.912175
v 0.000000 1.184683 -0.950405
v -0.234924 1.234692 -0.912175
v -0.406900 1.371320 -0.807732
v -0.469847 1.557958 -0.665059
v -0.406900 1.744596 -0.522386
v -0.234924 1.881224 -0.417942
v 0.000000 1.931233 -0.379713
v 0.234924 1.881224 -0.417942
v 0.406900 1.744596 -0.522386
v 0.469847 1.557958 -0.665059
v 0.287722 1.489556 -0.849104
v 0.166116 1.392945 -0.922957
v 0.000000 1.357583 -0.949989
v -0.166116 1.392945 -0.922957
v -0.287722 1.489556 -0.849104
v -0.332232 1.621529 -0.748219
v -0.287722 1.753501 -0.647334
v -0.166116 1.850112 -0.573481
v 0.000000 1.885474 -0.546449
v 0.166116 1.850112 -0.573481
v 0.287722 1.753501 -0.647334
v 0.332232 1.621529 -0.748219
v 0.148936 1.593177 -0.852717
v 0.085988 1.543167 -0.890946
v 0.000000 1.524863 -0.904939
v -0.085988 1.543167 -0.890946
v -0.148936 1.593177 -0.852717
v -0.171976 1.661491 -0.800495
v -0.148936 1.729805 -0.748273
v -0.085988 1.779814 -0.710045
v 0.000000 1.798119 -0.696052
v 0.085988 1.779814 -0.710045
v 0.148936 1.729805 -0.748273
v 0.171976 1.661491 -0.800495
v 0.000000 0.875081 0.228247
v 0.000000 1.675121 -0.818326
v 0.148936 1.499200 -0.662563
v 0.085988 1.449191 -0.700792
v 0.000000 1.430886 -0.714784
v -0.085988 1.449191 -0.700792
v -0.148936 1.499200 -0.662563
v -0.171976 1.567515 -0.610341
v -0.148936 1.635829 -0.558119
v -0.085988 1.685838 -0.519890
v 0.000000 1.704143 -0.505897
v 0.085988 1.685838 -0.519890
v 0.148936 1.635829 -0.558119
v 0.171976 1.567515 -0.610341
v 0.287722 1.475504 -0.763502
v 0.166116 1.378893 -0.837355
v 0.000000 1.343531 -0.864387
v -0.166116 1.378893 -0.837355
v -0.287722 1.475504 -0.763502
v -0.332232 1.607477 -0.662617
v -0.287722 1.739449 -0.561732
v -0.166116 1.836060 -0.487879
v 0.000000 1.871422 -0.460847
v 0.166116 1.836060 -0.487879
v 0.287722 1.739449 -0.561732
v 0.332232 1.607477 -0.662617
v 0.406900 1.484410 -0.888450
v 0.234924 1.347782 -0.992894
v 0.000000 1.297772 -1.031123
v -0.234924 1.347782 -0.992894
v -0.406900 1.484410 -0.888450
v -0.469847 1.671047 -0.745777
v -0.406900 1.857685 -0.603104
v -0.234924 1.994313 -0.498661
v 0.000000 2.044322 -0.460432
v 0.234924 1.994313 -0.498661
v 0.406900 1.857685 -0.603104
v 0.469847 1.671047 -0.745777
v 0.498348 1.525311 -1.028891
v 0.287722 1.357976 -1.156808
v 0.000000 1.296727 -1.203629
v -0.287722 1.357976 -1.156808
v -0.498348 1.525311 -1.028891
v -0.575443 1.753894 -0.854154
v -0.498348 1.982478 -0.679416
v -0.287722 2.149812 -0.551499
v 0.000000 2.211061 -0.504678
v 0.287722 2.149812 -0.551499
v 0.498348 1.982478 -0.679416
v 0.575443 1.753894 -0.854154
v 0.555835 1.595420 -1.175255
v 0.320912 1.408782 -1.317928
v 0.000000 1.340468 -1.370150
v -0.320912 1.408782 -1.317928
v -0.555835 1.595420 -1.175255
v -0.641823 1.850371 -0.980360
v -0.555835 2.105323 -0.785465
v -0.320912 2.291961 -0.642793
v 0.000000 2.360275 -0.590571
v 0.320912 2.291961 -0.642793
v 0.555835 2.105323 -0.785465
v 0.641823 1.850371 -0.980360
v 0.575443 1.689959 -1.317567
v 0.332232 1.496737 -1.465272
v 0.000000 1.426013 -1.519337
v -0.332232 1.496737 -1.465272
v -0.575443 1.689959 -1.317567
v -0.664465 1.953904 -1.115797
v -0.575443 2.217850 -0.914027
v -0.332232 2.411071 -0.766321
v 0.000000 2.481795 -0.712257
v 0.332232 2.411071 -0.766321
v 0.575443 2.217850 -0.914027
v 0.664465 1.953904 -1.115797
v 0.555835 1.802485 -1.446128
v 0.320912 1.615848 -1.588801
v 0.000000 1.547534 -1.641023
v -0.320912 1.615848 -1.588801
v -0.555835 1.802485 -1.446128
v -0.641823 2.057437 -1.251233
v -0.555835 2.312389 -1.056339
v -0.320912 2.499026 -0.913666
v 0.000000 2.567341 -0.861444
v 0.320912 2.499026 -0.913666
v 0.555835 2.312389 -1.056339
v 0.641823 2.057437 -1.251233
v 0.498348 1.925331 -1.552178
v 0.287722 1.757996 -1.680095
v 0.000000 1.696747 -1.726916
v -0.287722 1.757996 -1.680095
v -0.498348 1.925331 -1.552178
v -0.575443 2.153914 -1.377440
v -0.498348 2.382498 -1.202702
v -0.287722 2.549832 -1.074785
v 0.000000 2.611081 -1.027964
v 0.287722 2.549832 -1.074785
v 0.498348 2.382498 -1.202702
v 0.575443 2.153914 -1.377440
v 0.406900 2.050124 -1.628489
v 0.234924 1.913495 -1.732933
v 0.000000 1.863486 -1.771162
v -0.234924 1.913495 -1.732933
v -0.406900 2.050124 -1.628489
v -0.469847 2.236761 -1.485816
v -0.406900 2.423399 -1.343143
v -0.234924 2.560027 -1.238700
v 0.000000 2.610036 -1.200471
v 0.234924 2.560027 -1.238700
v 0.406900 2.423399 -1.343143
v 0.469847 2.236761 -1.485816
v 0.287722 2.168359 -1.669861
v 0.166116 2.071748 -1.743714
v 0.000000 2.036386 -1.770746
v -0.166116 2.071748 -1.743714
v -0.287722 2.168359 -1.669861
v -0.332232 2.300332 -1.568976
v -0.287722 2.432305 -1.468091
v -0.166116 2.528915 -1.394238
v 0.000000 2.564277 -1.367207
v 0.166116 2.528915 -1.394238
v 0.287722 2.432305 -1.468091
v 0.332232 2.300332 -1.568976
v 0.148936 2.271980 -1.673475
v 0.085988 2.221971 -1.711704
v 0.000000 2.203666 -1.725697
v -0.085988 2.221971 -1.711704
v -0.148936 2.271980 -1.673475
v -0.171976 2.340294 -1.621253
v -0.148936 2.408608 -1.569031
v -0.085988 2.458617 -1.530802
v 0.000000 2.476922 -1.516809
v 0.085988 2.458617 -1.530802
v 0.148936 2.408608 -1.569031
v 0.171976 2.340294 -1.621253
v 0.000000 1.553884 -0.592510
v 0.000000 2.353924 -1.639084
v 0.148936 2.159485 -1.479819
v 0.085988 2.109475 -1.518048
v 0.000000 2.091171 -1.532041
v -0.085988 2.109475 -1.518048
v -0.148936 2.159485 -1.479819
v -0.171976 2.227799 -1.427597
v -0.148936 2.296113 -1.375375
v -0.085988 2.346123 -1.337146
v 0.000000 2.364427 -1.323153
v 0.085988 2.346123 -1.337146
v 0.148936 2.296113 -1.375375
v 0.171976 2.227799 -1.427597
v 0.287722 2.135788 -1.580759
v 0.166116 2.039178 -1.654612
v 0.000000 2.003816 -1.681643
v -0.166116 2.039178 -1.654612
v -0.287722 2.135788 -1.580759
v -0.332232 2.267761 -1.479874
v -0.287722 2.399734 -1.378989
v -0.166116 2.496345 -1.305136
v 0.000000 2.531707 -1.278104
v 0.166116 2.496345 -1.305136
v 0.287722 2.399734 -1.378989
v 0.332232 2.267761 -1.479874
v 0.406900 2.144694 -1.705707
v 0.234924 2.008066 -1.810150
v 0.000000 1.958057 -1.848379
v -0.234924 2.008066 -1.810150
v -0.406900 2.144694 -1.705707
v -0.469847 2.331332 -1.563034
v -0.406900 2.517969 -1.420361
v -0.234924 2.654598 -1.315917
v 0.000000 2.704607 -1.277688
v 0.234924 2.654598 -1.315917
v 0.406900 2.517969 -1.420361
v 0.469847 2.331332 -1.563034
v 0.498348 2.185595 -1.846148
v 0.287722 2.018260 -1.974065
v 0.000000 1.957012 -2.020886
v -0.287722 2.018260 -1.974065
v -0.498348 2.185595 -1.846148
v -0.575443 2.414179 -1.671410
v -0.498348 2.642762 -1.496672
v -0.287722 2.810097 -1.368755
v 0.000000 2.871346 -1.321934
v 0.287722 2.810097 -1.368755
v 0.498348 2.642762 -1.496672
v 0.575443 2.414179 -1.671410
v 0.555835 2.255704 -1.992511
v 0.320912 2.069067 -2.135184
v 0.000000 2.000752 -2.187406
v -0.320912 2.069067 -2.135184
v -0.555835 2.255704 -1.992511
v -0.641823 2.510656 -1.797617
v -0.555835 2.765608 -1.602722
v -0.320912 2.952245 -1.460049
v 0.000000 3.020559 -1.407827
v 0.320912 2.952245 -1.460049
v 0.555835 2.765608 -1.602722
v 0.641823 2.510656 -1.797617
v 0.575443 2.350243 -2.134823
v 0.332232 2.157022 -2.282529
v 0.000000 2.086298 -2.336593
v -0.332232 2.157022 -2.282529
v -0.575443 2.350243 -2.134823
v -0.664465 2.614189 -1.933053
v -0.575443 2.878134 -1.731283
v -0.332232 3.071356 -1.583578
v 0.000000 3.142080 -1.529513
v 0.332232 3.071356 -1.583578
v 0.575443 2.878134 -1.731283
v 0.664465 2.614189 -1.933053
v 0.555835 2.462770 -2.263385
v 0.320912 2.276132 -2.406057
v 0.000000 2.207818 -2.458279
v -0.320912 2.276132 -2.406057
v -0.555835 2.462770 -2.263385
v -0.641823 2.717721 -2.068490
v -0.555835 2.972673 -1.873595
v -0.320912 3.159311 -1.730922
v 0.000000 3.227625 -1.678700
v 0.320912 3.159311 -1.730922
v 0.555835 2.972673 -1.873595
v 0.641823 2.717721 -2.068490
v 0.498348 2.585615 -2.369434
v 0.287722 2.418281 -2.497351
v 0.000000 2.357032 -2.544172
v -0.287722 2.418281 -2.497351
v -0.498348 2.585615 -2.369434
v -0.575443 2.814199 -2.194697
v -0.498348 3.042782 -2.019959
v -0.287722 3.210117 -1.892042
v 0.000000 3.271366 -1.845221
v 0.287722 3.210117 -1.892042
v 0.498348 3.042782 -2.019959
v 0.575443 2.814199 -2.194697
v 0.406900 2.710408 -2.445746
v 0.234924 2.573780 -2.550189
v 0.000000 2.523770 -2.588418
v -0.234924 2.573780 -2.550189
v -0.406900 2.710408 -2.445746
v -0.469847 2.897046 -2.303073
v -0.406900 3.083683 -2.160400
v -0.234924 3.220311 -2.055956
v 0.000000 3.270321 -2.017727
v 0.234924 3.220311 -2.055956
v 0.406900 3.083683 -2.160400
v 0.469847 2.897046 -2.303073
v 0.287722 2.828644 -2.487118
v 0.166116 2.732033 -2.560971
v 0.000000 2.696671 -2.588003
v -0.166116 2.732033 -2.560971
v -0.287722 2.828644 -2.487118
v -0.332232 2.960616 -2.386233
v -0.287722 3.092589 -2.285348
v -0.166116 3.189200 -2.211495
v 0.000000 3.224562 -2.184463
v 0.166116 3.189200 -2.211495
v 0.287722 3.092589 -2.285348
v 0.332232 2.960616 -2.386233
v 0.148936 2.932264 -2.490731
v 0.085988 2.882255 -2.528960
v 0.000000 2.863950 -2.542953
v -0.085988 2.882255 -2.528960
v -0.148936 2.932264 -2.490731
v -0.171976 3.000578 -2.438509
v -0.148936 3.068892 -2.386287
v -0.085988 3.118902 -2.348058
v 0.000000 3.137207 -2.334066
v 0.085988 3.118902 -2.348058
v 0.148936 3.068892 -2.386287
v 0.171976 3.000578 -2.438509
v 0.000000 2.214169 -1.409767
v 0.000000 3.014209 -2.456340
v 0.059195 0.950468 -0.003970
v 0.034176 0.930067 -0.018453
v 0.000000 0.922600 -0.023754
v -0.034176 0.930067 -0.018453
v -0.059195 0.950468 -0.003970
v -0.068353 0.978335 0.015814
v -0.059195 1.006203 0.035598
v -0.034176 1.026604 0.050081
v 0.000000 1.034071 0.055382
v 0.034176 1.026604 0.050081
v 0.059195 1.006203 0.035598
v 0.068353 0.978335 0.015814
v 0.000000 0.285487 0.991758
v 0.000000 0.978335 0.015814
v 0.059195 0.276727 0.945058
v 0.055230 0.269040 0.959841
v 0.044398 0.267145 0.973313
v 0.029601 0.271552 0.981865
v 0.034176 0.256327 0.930575
v 0.031887 0.250005 0.946328
v 0.025633 0.251844 0.962450
v 0.017090 0.261350 0.974622
v 0.000000 0.248859 0.925274
v 0.000000 0.243039 0.941382
v 0.000000 0.246244 0.958474
v 0.000000 0.257616 0.971972
v -0.034176 0.256327 0.930575
v -0.031887 0.250005 0.946328
v -0.025633 0.251844 0.962450
v -0.017090 0.261350 0.974622
v -0.059195 0.276727 0.945058
v -0.055230 0.269040 0.959841
v -0.044398 0.267145 0.973313
v -0.029601 0.271552 0.981865
v -0.068353 0.304595 0.964842
v -0.063774 0.295041 0.978300
v -0.051266 0.288047 0.988151
v -0.034180 0.285487 0.991758
v -0.059195 0.332463 0.984626
v -0.055230 0.321042 0.996759
v -0.044398 0.308948 1.002990
v -0.029601 0.299422 1.001651
v -0.034176 0.352863 0.999109
v -0.031887 0.340076 1.010272
v -0.025633 0.324249 1.013853
v -0.017090 0.309623 1.008893
v 0.000000 0.360330 1.004410
v 0.000000 0.347043 1.015218
v 0.000000 0.329850 1.017829
v 0.000000 0.313357 1.011544
v 0.034176 0.352863 0.999109
v 0.031887 0.340076 1.010272
v 0.025633 0.324249 1.013853
v 0.017090 0.309623 1.008893
v 0.059195 0.332463 0.984626
v 0.055230 0.321042 0.996759
v 0.044398 0.308948 1.002990
v 0.029601 0.299422 1.001651
v 0.068353 0.304595 0.964842
v 0.063774 0.295041 0.978300
v 0.051266 0.288047 0.988151
v 0.034180 0.285487 0.991758
vt 0.564018 0.538195
vt 0.629801 0.538195
vt 0.629801 0.574835
vt 0.556430 0.574835
vt 0.576090 0.506732
vt 0.629801 0.506732
vt 0.695583 0.538195
vt 0.703171 0.574835
vt 0.629801 0.614154
vt 0.553842 0.614154
vt 0.515862 0.538195
vt 0.502719 0.574835
vt 0.591821 0.482590
vt 0.629801 0.482590
vt 0.683512 0.506732
vt 0.536771 0.506732
vt 0.743739 0.538195
vt 0.756882 0.574835
vt 0.705760 0.614154
vt 0.629801 0.653474
vt 0.556430 0.653474
vt 0.498236 0.614154
vt 0.667780 0.482590
vt 0.722831 0.506732
vt 0.761365 0.614154
vt 0.703171 0.653474
vt 0.629801 0.690113
vt 0.564018 0.690113
vt 0.502719 0.653474
vt 0.756882 0.653474
vt 0.695583 0.690113
vt 0.629801 0.721576
vt 0.576090 0.721576
vt 0.515862 0.690113
vt 0.743739 0.690113
vt 0.683512 0.721576
vt 0.629801 0.745719
vt 0.591821 0.745719
vt 0.536771 0.721576
vt 0.722831 0.721576
vt 0.667780 0.745719
vt 0.055606 0.460485
vt 0.055606 0.394703
vt 0.092245 0.394703
vt 0.092245 0.468073
vt 0.024143 0.448414
vt 0.024143 0.394703
vt 0.055606 0.328920
vt 0.092245 0.321332
vt 0.131565 0.394703
vt 0.131565 0.470662
vt 0.055606 0.508641
vt 0.092245 0.521784
vt 0.000000 0.432682
vt 0.000000 0.394703
vt 0.024143 0.340992
vt 0.024143 0.487733
vt 0.055606 0.280764
vt 0.092245 0.267621
vt 0.131565 0.318744
vt 0.170884 0.394703
vt 0.170884 0.468073
vt 0.131565 0.526267
vt 0.000000 0.356723
vt 0.024143 0.301672
vt 0.131565 0.263138
vt 0.170884 0.321332
vt 0.207524 0.394703
vt 0.207524 0.460485
vt 0.170884 0.521784
vt 0.170884 0.267621
vt 0.207524 0.328920
vt 0.238987 0.394703
vt 0.238987 0.448414
vt 0.207524 0.508641
vt 0.207524 0.280764
vt 0.238987 0.340992
vt 0.263129 0.394703
vt 0.263129 0.432682
vt 0.238987 0.487733
vt 0.238987 0.301672
vt 0.263129 0.356723
vt 0.578238 0.842231
vt 0.564341 0.828335
vt 0.582030 0.797696
vt 0.608876 0.824542
vt 0.545358 0.861214
vt 0.545358 0.823248
vt 0.545358 0.787870
vt 0.597220 0.771386
vt 0.635186 0.809352
vt 0.583324 0.861214
vt 0.618702 0.861214
vt 0.526375 0.828335
vt 0.508686 0.797696
vt 0.545358 0.757489
vt 0.578238 0.880197
vt 0.608876 0.897886
vt 0.512479 0.842231
vt 0.481840 0.824542
vt 0.493496 0.771386
vt 0.545358 0.734178
vt 0.608876 0.751198
vt 0.564341 0.894093
vt 0.582030 0.924732
vt 0.507392 0.861214
vt 0.472014 0.861214
vt 0.455530 0.809352
vt 0.481840 0.751198
vt 0.635186 0.913076
vt 0.597220 0.951042
vt 0.545358 0.899180
vt 0.545358 0.934558
vt 0.512479 0.880197
vt 0.481840 0.897886
vt 0.545358 0.964938
vt 0.526375 0.894093
vt 0.508686 0.924732
vt 0.608876 0.971230
vt 0.545358 0.988250
vt 0.493496 0.951042
vt 0.455530 0.913076
vt 0.481840 0.971230
vt 0.891422 0.178906
vt 0.853456 0.216872
vt 0.838266 0.190562
vt 0.865112 0.163716
vt 0.801594 0.230768
vt 0.801594 0.200388
vt 0.820577 0.159923
vt 0.834473 0.146027
vt 0.865112 0.237060
vt 0.801594 0.254080
vt 0.749732 0.216872
vt 0.764922 0.190562
vt 0.801594 0.165009
vt 0.801594 0.127044
vt 0.874938 0.127044
vt 0.839560 0.127044
vt 0.738076 0.237060
vt 0.711766 0.178906
vt 0.738076 0.163716
vt 0.782611 0.159923
vt 0.865112 0.090372
vt 0.834473 0.108061
vt 0.768715 0.146027
vt 0.838266 0.063526
vt 0.820577 0.094164
vt 0.728250 0.127044
vt 0.763628 0.127044
vt 0.853456 0.037216
vt 0.891422 0.075182
vt 0.801594 0.053699
vt 0.801594 0.089078
vt 0.738076 0.090372
vt 0.768715 0.108061
vt 0.801594 0.023319
vt 0.764922 0.063526
vt 0.782611 0.094164
vt 0.801594 0.000008
vt 0.865112 0.017027
vt 0.749732 0.037216
vt 0.711766 0.075182
vt 0.738076 0.017027
vt 0.990864 0.352819
vt 0.931805 0.352819
vt 0.931805 0.319925
vt 0.997676 0.319925
vt 0.872746 0.352819
vt 0.865933 0.319925
vt 0.931805 0.284624
vt 1.000000 0.284624
vt 0.863609 0.284624
vt 0.931805 0.249323
vt 0.997676 0.249323
vt 0.865933 0.249323
vt 0.931805 0.216429
vt 0.990864 0.216429
vt 0.872746 0.216429
vt 0.146745 0.768327
vt 0.205803 0.768327
vt 0.205803 0.801222
vt 0.139932 0.801222
vt 0.264862 0.768327
vt 0.271675 0.801222
vt 0.205803 0.836523
vt 0.137608 0.836523
vt 0.273999 0.836523
vt 0.205803 0.871823
vt 0.139932 0.871823
vt 0.271675 0.871823
vt 0.205803 0.904718
vt 0.146745 0.904718
vt 0.264862 0.904718
vt 0.858199 0.740130
vt 0.844302 0.726234
vt 0.861992 0.695595
vt 0.888837 0.722441
vt 0.825319 0.721147
vt 0.825319 0.685769
vt 0.806337 0.726234
vt 0.788647 0.695595
vt 0.792440 0.740130
vt 0.761801 0.722441
vt 0.787354 0.759113
vt 0.751975 0.759113
vt 0.792440 0.778096
vt 0.761801 0.795785
vt 0.806337 0.791993
vt 0.788647 0.822631
vt 0.825319 0.797079
vt 0.825319 0.832457
vt 0.844302 0.791993
vt 0.861992 0.822631
vt 0.858199 0.778096
vt 0.888837 0.795785
vt 0.863285 0.759113
vt 0.898664 0.759113
vt 0.877182 0.669285
vt 0.915148 0.707251
vt 0.825319 0.655389
vt 0.773457 0.669285
vt 0.735491 0.707251
vt 0.354566 0.343589
vt 0.392545 0.343589
vt 0.392545 0.367731
vt 0.338834 0.367731
vt 0.430525 0.343589
vt 0.446257 0.367731
vt 0.773457 0.848941
vt 0.735491 0.810975
vt 0.825319 0.862838
vt 0.877182 0.848941
vt 0.915148 0.810975
vt 0.260981 0.250004
vt 0.260981 0.212024
vt 0.285123 0.212024
vt 0.285123 0.265735
vt 0.260981 0.174045
vt 0.285123 0.158313
vt 0.285123 0.118994
vt 0.316587 0.098086
vt 0.316587 0.146242
vt 0.825319 0.632077
vt 0.888837 0.649097
vt 0.761801 0.649097
vt 0.299515 0.367731
vt 0.326763 0.399195
vt 0.278607 0.399195
vt 0.392545 0.399195
vt 0.458328 0.399195
vt 0.485576 0.367731
vt 0.506484 0.399195
vt 0.825319 0.886149
vt 0.761801 0.869130
vt 0.888837 0.869130
vt 0.285123 0.305055
vt 0.316587 0.277807
vt 0.316587 0.325963
vt 0.316587 0.212024
vt 0.353226 0.084943
vt 0.353226 0.138654
vt 0.127254 0.980605
vt 0.068195 0.980605
vt 0.068195 0.947710
vt 0.134067 0.947710
vt 0.009136 0.980605
vt 0.002324 0.947710
vt 0.319175 0.435834
vt 0.265464 0.435834
vt 0.392545 0.435834
vt 0.465916 0.435834
vt 0.519627 0.435834
vt 0.507373 0.000009
vt 0.566432 0.000009
vt 0.566432 0.032904
vt 0.500560 0.032904
vt 0.625490 0.000009
vt 0.632303 0.032904
vt 0.353226 0.285395
vt 0.353226 0.339106
vt 0.353226 0.212024
vt 0.392545 0.080460
vt 0.392545 0.136065
vt 0.068195 0.912409
vt 0.136391 0.912409
vt 0.000000 0.912409
vt 0.316587 0.475154
vt 0.260981 0.475154
vt 0.392545 0.475154
vt 0.468504 0.475154
vt 0.524110 0.475154
vt 0.566432 0.068204
vt 0.498236 0.068204
vt 0.634627 0.068204
vt 0.392545 0.287983
vt 0.392545 0.343589
vt 0.392545 0.212024
vt 0.431865 0.084943
vt 0.431865 0.138654
vt 0.068195 0.877109
vt 0.134067 0.877109
vt 0.002324 0.877109
vt 0.319175 0.514473
vt 0.265464 0.514473
vt 0.392545 0.514473
vt 0.465916 0.514473
vt 0.519627 0.514473
vt 0.566432 0.103505
vt 0.500560 0.103505
vt 0.632303 0.103505
vt 0.431865 0.285395
vt 0.431865 0.339106
vt 0.431865 0.212024
vt 0.468504 0.098086
vt 0.468504 0.146242
vt 0.068195 0.844214
vt 0.127254 0.844214
vt 0.009136 0.844214
vt 0.326763 0.551112
vt 0.278607 0.551112
vt 0.392545 0.551112
vt 0.458328 0.551112
vt 0.506484 0.551112
vt 0.566432 0.136400
vt 0.507373 0.136400
vt 0.625490 0.136400
vt 0.468504 0.277807
vt 0.468504 0.325963
vt 0.468504 0.212024
vt 0.499968 0.118994
vt 0.499968 0.158313
vt 0.447543 0.843769
vt 0.384025 0.860789
vt 0.384025 0.837477
vt 0.435887 0.823581
vt 0.320507 0.843769
vt 0.332162 0.823581
vt 0.338834 0.582576
vt 0.299515 0.582576
vt 0.392545 0.582576
vt 0.446257 0.582576
vt 0.485576 0.582576
vt 0.320507 0.623737
vt 0.384025 0.606717
vt 0.384025 0.630028
vt 0.332162 0.643925
vt 0.447543 0.623737
vt 0.435887 0.643925
vt 0.499968 0.265735
vt 0.499968 0.305055
vt 0.499968 0.212024
vt 0.473853 0.785615
vt 0.420697 0.797271
vt 0.447543 0.770425
vt 0.384025 0.807097
vt 0.347352 0.797271
vt 0.294197 0.785615
vt 0.320507 0.770425
vt 0.392545 0.606718
vt 0.354566 0.606718
vt 0.430525 0.606718
vt 0.294197 0.681891
vt 0.347352 0.670235
vt 0.320507 0.697081
vt 0.384025 0.660409
vt 0.420697 0.670235
vt 0.473853 0.681891
vt 0.447543 0.697081
vt 0.524110 0.212024
vt 0.524110 0.250004
vt 0.524110 0.174045
vt 0.403007 0.766632
vt 0.416904 0.752736
vt 0.384025 0.771719
vt 0.365042 0.766632
vt 0.351145 0.752736
vt 0.310680 0.733753
vt 0.346059 0.733753
vt 0.351145 0.714770
vt 0.365042 0.700874
vt 0.384025 0.695787
vt 0.403007 0.700874
vt 0.416904 0.714770
vt 0.457369 0.733753
vt 0.421990 0.733753
vt 0.825319 0.759113
vt 0.384025 0.733753
vt 0.867689 0.455408
vt 0.853793 0.441512
vt 0.871482 0.410873
vt 0.898328 0.437719
vt 0.834810 0.436425
vt 0.834810 0.401047
vt 0.815827 0.441512
vt 0.798138 0.410873
vt 0.801930 0.455408
vt 0.771292 0.437719
vt 0.796844 0.474391
vt 0.761465 0.474391
vt 0.801930 0.493374
vt 0.771292 0.511063
vt 0.815827 0.507270
vt 0.798138 0.537909
vt 0.834810 0.512357
vt 0.834810 0.547735
vt 0.853793 0.507270
vt 0.871482 0.537909
vt 0.867689 0.493374
vt 0.898328 0.511063
vt 0.872776 0.474391
vt 0.908154 0.474391
vt 0.886672 0.384563
vt 0.924638 0.422529
vt 0.834810 0.370666
vt 0.782947 0.384563
vt 0.744982 0.422529
vt 0.596566 0.205008
vt 0.634546 0.205008
vt 0.634546 0.229151
vt 0.580835 0.229151
vt 0.672525 0.205008
vt 0.688257 0.229151
vt 0.782947 0.564219
vt 0.744982 0.526253
vt 0.834810 0.578115
vt 0.886672 0.564219
vt 0.924638 0.526253
vt 0.000000 0.169553
vt 0.000000 0.131573
vt 0.024143 0.131573
vt 0.024143 0.185285
vt 0.000000 0.093594
vt 0.024143 0.077862
vt 0.024143 0.038543
vt 0.055606 0.017635
vt 0.055606 0.065791
vt 0.834810 0.347355
vt 0.898328 0.364374
vt 0.771292 0.364374
vt 0.541516 0.229151
vt 0.568764 0.260614
vt 0.520608 0.260614
vt 0.634546 0.260614
vt 0.700328 0.260614
vt 0.727576 0.229151
vt 0.748484 0.260614
vt 0.834810 0.601427
vt 0.771292 0.584407
vt 0.898328 0.584407
vt 0.024143 0.224604
vt 0.055606 0.197356
vt 0.055606 0.245512
vt 0.055606 0.131573
vt 0.092245 0.004492
vt 0.092245 0.058203
vt 0.397725 0.997178
vt 0.338666 0.997178
vt 0.338666 0.964284
vt 0.404538 0.964284
vt 0.279607 0.997178
vt 0.272795 0.964284
vt 0.561175 0.297253
vt 0.507464 0.297253
vt 0.634546 0.297253
vt 0.707917 0.297253
vt 0.761628 0.297253
vt 0.009136 0.707823
vt 0.068195 0.707823
vt 0.068195 0.740718
vt 0.002324 0.740718
vt 0.127254 0.707823
vt 0.134067 0.740718
vt 0.092245 0.204944
vt 0.092245 0.258655
vt 0.092245 0.131573
vt 0.131565 0.000009
vt 0.131565 0.055615
vt 0.338666 0.928983
vt 0.406862 0.928983
vt 0.270471 0.928983
vt 0.558587 0.336573
vt 0.502981 0.336573
vt 0.634546 0.336573
vt 0.710505 0.336573
vt 0.766111 0.336573
vt 0.068195 0.776019
vt 0.000000 0.776019
vt 0.136391 0.776019
vt 0.131565 0.207532
vt 0.131565 0.263138
vt 0.131565 0.131573
vt 0.170884 0.004492
vt 0.170884 0.058203
vt 0.338666 0.893683
vt 0.404538 0.893683
vt 0.272795 0.893683
vt 0.561175 0.375892
vt 0.507464 0.375892
vt 0.634546 0.375892
vt 0.707917 0.375892
vt 0.761628 0.375892
vt 0.068195 0.811319
vt 0.002324 0.811319
vt 0.134067 0.811319
vt 0.170884 0.204944
vt 0.170884 0.258655
vt 0.170884 0.131573
vt 0.207524 0.017635
vt 0.207524 0.065791
vt 0.338666 0.860788
vt 0.397725 0.860788
vt 0.279607 0.860788
vt 0.568764 0.412531
vt 0.520608 0.412531
vt 0.634546 0.412531
vt 0.700328 0.412531
vt 0.748484 0.412531
vt 0.068195 0.844214
vt 0.009136 0.844214
vt 0.127254 0.844214
vt 0.207524 0.197356
vt 0.207524 0.245512
vt 0.207524 0.131573
vt 0.238987 0.038543
vt 0.238987 0.077862
vt 0.267229 0.751309
vt 0.203711 0.768328
vt 0.203711 0.745017
vt 0.255573 0.731120
vt 0.140193 0.751309
vt 0.151848 0.731120
vt 0.580835 0.443995
vt 0.541516 0.443995
vt 0.634546 0.443995
vt 0.688257 0.443995
vt 0.727576 0.443995
vt 0.140193 0.531276
vt 0.203711 0.514256
vt 0.203711 0.537568
vt 0.151848 0.551464
vt 0.267229 0.531276
vt 0.255573 0.551464
vt 0.238987 0.185285
vt 0.238987 0.224604
vt 0.238987 0.131573
vt 0.293539 0.693155
vt 0.240383 0.704810
vt 0.267229 0.677965
vt 0.203711 0.714637
vt 0.167038 0.704810
vt 0.113883 0.693155
vt 0.140193 0.677965
vt 0.634546 0.468137
vt 0.596566 0.468137
vt 0.672525 0.468137
vt 0.113883 0.589430
vt 0.167038 0.577774
vt 0.140193 0.604620
vt 0.203711 0.567948
vt 0.240383 0.577774
vt 0.293539 0.589430
vt 0.267229 0.604620
vt 0.263129 0.131573
vt 0.263129 0.169553
vt 0.263129 0.093594
vt 0.222693 0.674172
vt 0.236590 0.660275
vt 0.203711 0.679258
vt 0.184728 0.674172
vt 0.170831 0.660275
vt 0.130366 0.641292
vt 0.165745 0.641292
vt 0.170831 0.622309
vt 0.184728 0.608413
vt 0.203711 0.603327
vt 0.222693 0.608413
vt 0.236590 0.622309
vt 0.277055 0.641292
vt 0.241676 0.641292
vt 0.834810 0.474391
vt 0.203711 0.641292
vt 0.243607 0.020364
vt 0.238638 0.025333
vt 0.231850 0.013576
vt 0.231850 0.027152
vt 0.225063 0.025333
vt 0.220094 0.020364
vt 0.218275 0.013576
vt 0.220094 0.006789
vt 0.225063 0.001820
vt 0.231850 0.000001
vt 0.238638 0.001820
vt 0.243607 0.006789
vt 0.245426 0.013576
vt 0.311485 0.000009
vt 0.327560 0.000009
vt 0.327560 0.085424
vt 0.311485 0.085424
vt 0.373028 0.079497
vt 0.352593 0.079497
vt 0.352593 0.000009
vt 0.373028 0.000009
vt 0.332157 0.079497
vt 0.332157 0.000009
vt 0.892080 0.000009
vt 0.908155 0.000009
vt 0.908155 0.085424
vt 0.892080 0.085424
vt 0.930115 0.000009
vt 0.930115 0.085424
vt 0.952074 0.000009
vt 0.952074 0.085424
vt 0.968149 0.000009
vt 0.968149 0.085424
vt 0.374863 0.000009
vt 0.395299 0.000009
vt 0.395299 0.079497
vt 0.374863 0.079497
vt 0.415734 0.000009
vt 0.415734 0.079497
vt 0.251491 0.000009
vt 0.267566 0.000009
vt 0.267566 0.085424
vt 0.251491 0.085424
vt 0.289525 0.000009
vt 0.289525 0.085424
vt 0.009456 0.012508
vt 0.012508 0.009456
vt 0.016678 0.016678
vt 0.008338 0.016678
vt 0.009456 0.020848
vt 0.012508 0.023901
vt 0.016678 0.025018
vt 0.020848 0.023901
vt 0.023901 0.020848
vt 0.025018 0.016678
vt 0.023901 0.012508
vt 0.020848 0.009456
vt 0.016678 0.008338
vt 0.010424 0.005845
vt 0.005845 0.010424
vt 0.008339 0.002234
vt 0.008898 0.003202
vt 0.003202 0.008898
vt 0.002234 0.008339
vt 0.004169 0.016678
vt 0.001117 0.016678
vt 0.000000 0.016678
vt 0.005845 0.022933
vt 0.003202 0.024459
vt 0.002234 0.025018
vt 0.010424 0.027512
vt 0.008898 0.030155
vt 0.008339 0.031122
vt 0.016678 0.029188
vt 0.016678 0.032240
vt 0.016678 0.033357
vt 0.022933 0.027512
vt 0.024459 0.030155
vt 0.025018 0.031122
vt 0.027512 0.022933
vt 0.030155 0.024459
vt 0.031122 0.025018
vt 0.029188 0.016678
vt 0.032240 0.016678
vt 0.033357 0.016678
vt 0.027512 0.010424
vt 0.030155 0.008898
vt 0.031122 0.008339
vt 0.022933 0.005845
vt 0.024459 0.003202
vt 0.025018 0.002234
vt 0.016678 0.004169
vt 0.016678 0.001117
vt 0.016678 0.000000
vn 0.276625 -0.778682 0.563146
vn 0.276625 -0.778682 0.563146
vn 0.276625 -0.778682 0.563145
vn 0.276625 -0.778682 0.563145
vn 0.101252 -0.859123 0.501653
vn 0.101252 -0.859123 0.501653
vn 0.101252 -0.859123 0.501653
vn 0.101252 -0.859123 0.501653
vn -0.101252 -0.859123 0.501653
vn -0.101252 -0.859123 0.501653
vn -0.101252 -0.859123 0.501653
vn -0.101252 -0.859123 0.501653
vn -0.276625 -0.778682 0.563145
vn -0.276625 -0.778682 0.563145
vn -0.276625 -0.778682 0.563145
vn -0.276625 -0.778682 0.563145
vn -0.377877 -0.639355 0.669653
vn -0.377877 -0.639355 0.669653
vn -0.377877 -0.639355 0.669653
vn -0.377877 -0.639355 0.669653
vn -0.377877 -0.478474 0.792636
vn -0.377877 -0.478474 0.792636
vn -0.377877 -0.478474 0.792636
vn -0.377877 -0.478474 0.792636
vn -0.276625 -0.339146 0.899143
vn -0.276625 -0.339146 0.899143
vn -0.276625 -0.339146 0.899143
vn -0.276625 -0.339146 0.899143
vn -0.101252 -0.258706 0.960635
vn -0.101252 -0.258706 0.960635
vn -0.101252 -0.258706 0.960635
vn -0.101252 -0.258706 0.960635
vn 0.101252 -0.258706 0.960635
vn 0.101252 -0.258706 0.960635
vn 0.101252 -0.258706 0.960635
vn 0.101252 -0.258706 0.960635
vn 0.276625 -0.339146 0.899143
vn 0.276625 -0.339146 0.899143
vn 0.276625 -0.339146 0.899143
vn 0.276625 -0.339146 0.899143
vn 0.377877 -0.478474 0.792636
vn 0.377877 -0.478474 0.792636
vn 0.377877 -0.478474 0.792636
vn 0.377877 -0.478474 0.792636
vn 0.377877 -0.639355 0.669652
vn 0.377877 -0.639355 0.669652
vn 0.377877 -0.639355 0.669652
vn 0.377877 -0.639355 0.669652
vn 0.437468 -0.824688 0.358487
vn 0.437467 -0.824688 0.358487
vn 0.437468 -0.824688 0.358487
vn 0.437468 -0.824688 0.358487
vn 0.160124 -0.951900 0.261240
vn 0.160124 -0.951900 0.261240
vn 0.160124 -0.951900 0.261240
vn 0.160124 -0.951900 0.261240
vn -0.160124 -0.951900 0.261240
vn -0.160124 -0.951900 0.261240
vn -0.160124 -0.951900 0.261240
vn -0.160124 -0.951900 0.261240
vn -0.437468 -0.824688 0.358487
vn -0.437467 -0.824688 0.358487
vn -0.437468 -0.824688 0.358487
vn -0.437468 -0.824688 0.358487
vn -0.597592 -0.604349 0.526921
vn -0.597592 -0.604349 0.526921
vn -0.597592 -0.604349 0.526921
vn -0.597592 -0.604349 0.526921
vn -0.597592 -0.349925 0.721413
vn -0.597592 -0.349924 0.721413
vn -0.597592 -0.349924 0.721413
vn -0.597592 -0.349924 0.721413
vn -0.437468 -0.129586 0.889848
vn -0.437468 -0.129586 0.889848
vn -0.437468 -0.129586 0.889848
vn -0.437468 -0.129586 0.889848
vn -0.160124 -0.002374 0.987094
vn -0.160124 -0.002374 0.987094
vn -0.160124 -0.002374 0.987094
vn -0.160124 -0.002374 0.987094
vn 0.160124 -0.002374 0.987094
vn 0.160124 -0.002374 0.987094
vn 0.160124 -0.002374 0.987094
vn 0.160124 -0.002374 0.987094
vn 0.437468 -0.129586 0.889848
vn 0.437468 -0.129586 0.889848
vn 0.437468 -0.129586 0.889848
vn 0.437468 -0.129586 0.889848
vn 0.597592 -0.349925 0.721413
vn 0.597592 -0.349925 0.721413
vn 0.597592 -0.349925 0.721413
vn 0.597592 -0.349925 0.721413
vn 0.597592 -0.604349 0.526921
vn 0.597592 -0.604349 0.526921
vn 0.597592 -0.604349 0.526921
vn 0.597592 -0.604349 0.526921
vn 0.566309 -0.813584 0.131811
vn 0.566310 -0.813584 0.131811
vn 0.566309 -0.813584 0.131811
vn 0.566309 -0.813584 0.131811
vn 0.207284 -0.978263 0.005925
vn 0.207284 -0.978263 0.005925
vn 0.207284 -0.978263 0.005925
vn 0.207284 -0.978263 0.005925
vn -0.207284 -0.978263 0.005925
vn -0.207284 -0.978263 0.005925
vn -0.207284 -0.978263 0.005925
vn -0.207284 -0.978263 0.005925
vn -0.566309 -0.813584 0.131811
vn -0.566309 -0.813584 0.131811
vn -0.566309 -0.813584 0.131811
vn -0.566309 -0.813584 0.131811
vn -0.773593 -0.528352 0.349854
vn -0.773593 -0.528352 0.349854
vn -0.773593 -0.528352 0.349854
vn -0.773593 -0.528352 0.349854
vn -0.773593 -0.198995 0.601627
vn -0.773593 -0.198995 0.601627
vn -0.773593 -0.198995 0.601627
vn -0.773593 -0.198995 0.601627
vn -0.566309 0.086236 0.819669
vn -0.566309 0.086236 0.819669
vn -0.566309 0.086236 0.819669
vn -0.566309 0.086236 0.819669
vn -0.207283 0.250915 0.945556
vn -0.207283 0.250915 0.945556
vn -0.207283 0.250915 0.945556
vn -0.207283 0.250915 0.945556
vn 0.207284 0.250915 0.945556
vn 0.207284 0.250915 0.945556
vn 0.207284 0.250915 0.945556
vn 0.207284 0.250915 0.945556
vn 0.566309 0.086236 0.819669
vn 0.566309 0.086236 0.819669
vn 0.566309 0.086236 0.819669
vn 0.566309 0.086236 0.819669
vn 0.773593 -0.198995 0.601627
vn 0.773593 -0.198995 0.601627
vn 0.773593 -0.198995 0.601627
vn 0.773593 -0.198995 0.601627
vn 0.773593 -0.528353 0.349854
vn 0.773593 -0.528353 0.349854
vn 0.773593 -0.528352 0.349854
vn 0.773593 -0.528352 0.349854
vn 0.655710 -0.748244 -0.100871
vn 0.655710 -0.748244 -0.100871
vn 0.655710 -0.748244 -0.100871
vn 0.655710 -0.748244 -0.100871
vn 0.240007 -0.938920 -0.246630
vn 0.240007 -0.938920 -0.246630
vn 0.240007 -0.938920 -0.246630
vn 0.240007 -0.938920 -0.246630
vn -0.240007 -0.938920 -0.246630
vn -0.240007 -0.938920 -0.246630
vn -0.240007 -0.938920 -0.246630
vn -0.240007 -0.938920 -0.246630
vn -0.655710 -0.748244 -0.100871
vn -0.655710 -0.748244 -0.100871
vn -0.655710 -0.748244 -0.100871
vn -0.655710 -0.748244 -0.100871
vn -0.895717 -0.417984 0.151593
vn -0.895717 -0.417984 0.151593
vn -0.895717 -0.417984 0.151593
vn -0.895717 -0.417984 0.151593
vn -0.895717 -0.036632 0.443113
vn -0.895717 -0.036632 0.443113
vn -0.895717 -0.036632 0.443113
vn -0.895717 -0.036632 0.443113
vn -0.655711 0.293628 0.695576
vn -0.655711 0.293628 0.695576
vn -0.655711 0.293628 0.695576
vn -0.655711 0.293628 0.695576
vn -0.240007 0.484304 0.841336
vn -0.240007 0.484304 0.841336
vn -0.240007 0.484304 0.841336
vn -0.240007 0.484304 0.841336
vn 0.240007 0.484304 0.841336
vn 0.240007 0.484304 0.841336
vn 0.240007 0.484304 0.841336
vn 0.240007 0.484304 0.841336
vn 0.655711 0.293628 0.695576
vn 0.655711 0.293628 0.695576
vn 0.655711 0.293628 0.695576
vn 0.655711 0.293628 0.695576
vn 0.895717 -0.036632 0.443113
vn 0.895717 -0.036632 0.443113
vn 0.895717 -0.036632 0.443113
vn 0.895717 -0.036632 0.443113
vn 0.895717 -0.417983 0.151593
vn 0.895717 -0.417983 0.151593
vn 0.895717 -0.417983 0.151593
vn 0.895717 -0.417983 0.151593
vn 0.701359 -0.634479 -0.324857
vn 0.701359 -0.634479 -0.324857
vn 0.701359 -0.634479 -0.324857
vn 0.701359 -0.634479 -0.324857
vn 0.256715 -0.838429 -0.480764
vn 0.256715 -0.838429 -0.480764
vn 0.256715 -0.838429 -0.480764
vn 0.256715 -0.838429 -0.480764
vn -0.256715 -0.838429 -0.480764
vn -0.256715 -0.838429 -0.480764
vn -0.256715 -0.838429 -0.480764
vn -0.256715 -0.838429 -0.480764
vn -0.701359 -0.634479 -0.324857
vn -0.701359 -0.634479 -0.324857
vn -0.701359 -0.634479 -0.324857
vn -0.701359 -0.634479 -0.324857
vn -0.958074 -0.281227 -0.054818
vn -0.958074 -0.281227 -0.054818
vn -0.958074 -0.281227 -0.054818
vn -0.958074 -0.281227 -0.054818
vn -0.958075 0.126674 0.256997
vn -0.958075 0.126674 0.256997
vn -0.958075 0.126674 0.256997
vn -0.958075 0.126674 0.256997
vn -0.701359 0.479926 0.527036
vn -0.701359 0.479926 0.527036
vn -0.701359 0.479926 0.527036
vn -0.701359 0.479926 0.527036
vn -0.256715 0.683876 0.682943
vn -0.256715 0.683876 0.682943
vn -0.256715 0.683876 0.682943
vn -0.256715 0.683876 0.682943
vn 0.256715 0.683876 0.682943
vn 0.256715 0.683876 0.682943
vn 0.256715 0.683876 0.682943
vn 0.256715 0.683876 0.682943
vn 0.701359 0.479926 0.527036
vn 0.701359 0.479926 0.527036
vn 0.701359 0.479926 0.527036
vn 0.701359 0.479926 0.527036
vn 0.958074 0.126674 0.256997
vn 0.958074 0.126674 0.256997
vn 0.958074 0.126673 0.256997
vn 0.958074 0.126673 0.256997
vn 0.958074 -0.281227 -0.054818
vn 0.958074 -0.281227 -0.054818
vn 0.958074 -0.281227 -0.054818
vn 0.958074 -0.281227 -0.054818
vn 0.701359 -0.479926 -0.527036
vn 0.701359 -0.479926 -0.527036
vn 0.701359 -0.479926 -0.527036
vn 0.701359 -0.479926 -0.527036
vn 0.256715 -0.683876 -0.682943
vn 0.256715 -0.683876 -0.682943
vn 0.256715 -0.683876 -0.682943
vn 0.256715 -0.683876 -0.682943
vn -0.256715 -0.683876 -0.682943
vn -0.256715 -0.683876 -0.682943
vn -0.256715 -0.683876 -0.682943
vn -0.256715 -0.683876 -0.682943
vn -0.701359 -0.479926 -0.527036
vn -0.701359 -0.479926 -0.527036
vn -0.701359 -0.479926 -0.527036
vn -0.701359 -0.479926 -0.527036
vn -0.958075 -0.126674 -0.256997
vn -0.958075 -0.126674 -0.256997
vn -0.958075 -0.126674 -0.256997
vn -0.958075 -0.126674 -0.256997
vn -0.958074 0.281227 0.054818
vn -0.958074 0.281227 0.054818
vn -0.958074 0.281227 0.054818
vn -0.958074 0.281227 0.054818
vn -0.701359 0.634479 0.324857
vn -0.701359 0.634479 0.324857
vn -0.701359 0.634479 0.324857
vn -0.701359 0.634479 0.324857
vn -0.256715 0.838429 0.480764
vn -0.256715 0.838429 0.480764
vn -0.256715 0.838429 0.480764
vn -0.256715 0.838429 0.480764
vn 0.256715 0.838429 0.480764
vn 0.256715 0.838429 0.480764
vn 0.256715 0.838429 0.480764
vn 0.256715 0.838429 0.480764
vn 0.701359 0.634479 0.324857
vn 0.701359 0.634479 0.324857
vn 0.701359 0.634479 0.324857
vn 0.701359 0.634479 0.324857
vn 0.958074 0.281227 0.054818
vn 0.958074 0.281227 0.054818
vn 0.958074 0.281227 0.054818
vn 0.958074 0.281227 0.054818
vn 0.958075 -0.126674 -0.256997
vn 0.958075 -0.126674 -0.256997
vn 0.958075 -0.126674 -0.256997
vn 0.958075 -0.126674 -0.256997
vn 0.655710 -0.293628 -0.695576
vn 0.655710 -0.293628 -0.695576
vn 0.655710 -0.293628 -0.695576
vn 0.655710 -0.293628 -0.695576
vn 0.240007 -0.484305 -0.841336
vn 0.240007 -0.484305 -0.841336
vn 0.240007 -0.484305 -0.841336
vn 0.240007 -0.484305 -0.841336
vn -0.240007 -0.484305 -0.841336
vn -0.240007 -0.484305 -0.841336
vn -0.240007 -0.484305 -0.841336
vn -0.240007 -0.484305 -0.841336
vn -0.655711 -0.293628 -0.695576
vn -0.655711 -0.293628 -0.695576
vn -0.655711 -0.293628 -0.695576
vn -0.655711 -0.293628 -0.695576
vn -0.895717 0.036632 -0.443113
vn -0.895717 0.036632 -0.443113
vn -0.895717 0.036632 -0.443113
vn -0.895717 0.036632 -0.443113
vn -0.895717 0.417984 -0.151593
vn -0.895717 0.417983 -0.151593
vn -0.895717 0.417983 -0.151593
vn -0.895717 0.417984 -0.151593
vn -0.655711 0.748244 0.100871
vn -0.655711 0.748244 0.100871
vn -0.655710 0.748244 0.100871
vn -0.655710 0.748244 0.100871
vn -0.240007 0.938920 0.246630
vn -0.240007 0.938920 0.246630
vn -0.240007 0.938920 0.246630
vn -0.240007 0.938920 0.246630
vn 0.240007 0.938920 0.246630
vn 0.240007 0.938920 0.246630
vn 0.240007 0.938920 0.246630
vn 0.240007 0.938920 0.246630
vn 0.655711 0.748244 0.100871
vn 0.655711 0.748244 0.100871
vn 0.655711 0.748244 0.100871
vn 0.655711 0.748244 0.100871
vn 0.895717 0.417984 -0.151593
vn 0.895717 0.417984 -0.151593
vn 0.895717 0.417983 -0.151593
vn 0.895717 0.417984 -0.151593
vn 0.895717 0.036632 -0.443113
vn 0.895717 0.036632 -0.443113
vn 0.895717 0.036632 -0.443113
vn 0.895717 0.036632 -0.443113
vn 0.566309 -0.086236 -0.819669
vn 0.566309 -0.086236 -0.819669
vn 0.566309 -0.086236 -0.819669
vn 0.566309 -0.086236 -0.819669
vn 0.207284 -0.250915 -0.945555
vn 0.207284 -0.250915 -0.945556
vn 0.207284 -0.250915 -0.945555
vn 0.207284 -0.250915 -0.945556
vn -0.207284 -0.250915 -0.945556
vn -0.207283 -0.250915 -0.945556
vn -0.207283 -0.250915 -0.945556
vn -0.207283 -0.250915 -0.945556
vn -0.566309 -0.086236 -0.819669
vn -0.566309 -0.086236 -0.819669
vn -0.566309 -0.086236 -0.819669
vn -0.566309 -0.086236 -0.819669
vn -0.773593 0.198995 -0.601627
vn -0.773593 0.198995 -0.601627
vn -0.773593 0.198995 -0.601627
vn -0.773593 0.198995 -0.601627
vn -0.773593 0.528352 -0.349854
vn -0.773593 0.528353 -0.349854
vn -0.773593 0.528353 -0.349854
vn -0.773593 0.528353 -0.349854
vn -0.566309 0.813584 -0.131813
vn -0.566309 0.813584 -0.131813
vn -0.566309 0.813584 -0.131813
vn -0.566309 0.813584 -0.131813
vn -0.207284 0.978263 -0.005925
vn -0.207284 0.978263 -0.005925
vn -0.207284 0.978263 -0.005925
vn -0.207284 0.978263 -0.005925
vn 0.207284 0.978263 -0.005925
vn 0.207284 0.978263 -0.005925
vn 0.207284 0.978263 -0.005925
vn 0.207284 0.978263 -0.005925
vn 0.566309 0.813584 -0.131812
vn 0.566309 0.813584 -0.131812
vn 0.566309 0.813584 -0.131812
vn 0.566309 0.813584 -0.131812
vn 0.773593 0.528353 -0.349853
vn 0.773593 0.528353 -0.349853
vn 0.773593 0.528353 -0.349853
vn 0.773593 0.528353 -0.349853
vn 0.773593 0.198995 -0.601627
vn 0.773593 0.198995 -0.601627
vn 0.773593 0.198995 -0.601627
vn 0.773593 0.198995 -0.601627
vn 0.437468 0.129586 -0.889848
vn 0.437468 0.129586 -0.889848
vn 0.437468 0.129586 -0.889848
vn 0.437468 0.129586 -0.889848
vn 0.160124 0.002374 -0.987094
vn 0.160124 0.002374 -0.987094
vn 0.160124 0.002374 -0.987094
vn 0.160124 0.002374 -0.987094
vn -0.160124 0.002374 -0.987094
vn -0.160124 0.002374 -0.987094
vn -0.160124 0.002374 -0.987094
vn -0.160124 0.002374 -0.987094
vn -0.437468 0.129586 -0.889848
vn -0.437468 0.129586 -0.889848
vn -0.437468 0.129586 -0.889848
vn -0.437468 0.129586 -0.889848
vn -0.597592 0.349924 -0.721413
vn -0.597592 0.349924 -0.721413
vn -0.597592 0.349924 -0.721413
vn -0.597592 0.349924 -0.721413
vn -0.597591 0.604349 -0.526922
vn -0.597591 0.604349 -0.526922
vn -0.597591 0.604349 -0.526922
vn -0.597591 0.604349 -0.526922
vn -0.437468 0.824688 -0.358486
vn -0.437468 0.824688 -0.358486
vn -0.437468 0.824688 -0.358486
vn -0.437468 0.824688 -0.358486
vn -0.160124 0.951900 -0.261240
vn -0.160124 0.951900 -0.261240
vn -0.160124 0.951900 -0.261240
vn -0.160124 0.951900 -0.261240
vn 0.160124 0.951900 -0.261241
vn 0.160124 0.951900 -0.261241
vn 0.160124 0.951900 -0.261241
vn 0.160124 0.951900 -0.261241
vn 0.437467 0.824688 -0.358486
vn 0.437467 0.824688 -0.358486
vn 0.437467 0.824688 -0.358486
vn 0.437467 0.824688 -0.358486
vn 0.597591 0.604349 -0.526922
vn 0.597591 0.604349 -0.526922
vn 0.597591 0.604349 -0.526922
vn 0.597591 0.604349 -0.526922
vn 0.597592 0.349924 -0.721413
vn 0.597592 0.349924 -0.721413
vn 0.597592 0.349924 -0.721413
vn 0.597592 0.349924 -0.721413
vn 0.276625 0.339147 -0.899143
vn 0.276625 0.339147 -0.899143
vn 0.276625 0.339147 -0.899143
vn 0.276625 0.339147 -0.899143
vn 0.101252 0.258706 -0.960635
vn 0.101252 0.258706 -0.960635
vn 0.101252 0.258706 -0.960635
vn 0.101252 0.258706 -0.960635
vn -0.101252 0.258706 -0.960635
vn -0.101252 0.258706 -0.960635
vn -0.101252 0.258706 -0.960635
vn -0.101252 0.258706 -0.960635
vn -0.276625 0.339147 -0.899143
vn -0.276626 0.339147 -0.899143
vn -0.276626 0.339147 -0.899143
vn -0.276626 0.339147 -0.899143
vn -0.377877 0.478474 -0.792636
vn -0.377877 0.478474 -0.792636
vn -0.377877 0.478474 -0.792636
vn -0.377877 0.478474 -0.792636
vn -0.377877 0.639356 -0.669652
vn -0.377878 0.639355 -0.669652
vn -0.377877 0.639355 -0.669652
vn -0.377877 0.639355 -0.669652
vn -0.276626 0.778682 -0.563145
vn -0.276626 0.778682 -0.563145
vn -0.276626 0.778682 -0.563145
vn -0.276626 0.778682 -0.563145
vn -0.101252 0.859123 -0.501653
vn -0.101252 0.859123 -0.501653
vn -0.101252 0.859123 -0.501653
vn -0.101252 0.859123 -0.501653
vn 0.101252 0.859123 -0.501653
vn 0.101252 0.859123 -0.501653
vn 0.101252 0.859123 -0.501653
vn 0.101252 0.859123 -0.501653
vn 0.276626 0.778682 -0.563145
vn 0.276626 0.778682 -0.563145
vn 0.276626 0.778682 -0.563145
vn 0.276626 0.778682 -0.563145
vn 0.377877 0.639356 -0.669652
vn 0.377877 0.639356 -0.669652
vn 0.377877 0.639356 -0.669652
vn 0.377877 0.639356 -0.669652
vn 0.377877 0.478474 -0.792636
vn 0.377877 0.478474 -0.792636
vn 0.377877 0.478474 -0.792636
vn 0.377877 0.478474 -0.792636
vn 0.094676 -0.677063 0.729809
vn 0.094676 -0.677063 0.729809
vn 0.094676 -0.677063 0.729810
vn 0.034654 -0.704595 0.708763
vn 0.034654 -0.704595 0.708763
vn 0.034654 -0.704595 0.708763
vn -0.034654 -0.704595 0.708763
vn -0.034654 -0.704595 0.708763
vn -0.034654 -0.704595 0.708763
vn -0.094675 -0.677063 0.729810
vn -0.094675 -0.677063 0.729810
vn -0.094675 -0.677063 0.729810
vn -0.129329 -0.629378 0.766262
vn -0.129329 -0.629378 0.766262
vn -0.129329 -0.629378 0.766262
vn -0.129329 -0.574317 0.808353
vn -0.129329 -0.574317 0.808353
vn -0.129329 -0.574317 0.808353
vn -0.094676 -0.526632 0.844805
vn -0.094676 -0.526632 0.844805
vn -0.094676 -0.526632 0.844805
vn -0.034654 -0.499101 0.865851
vn -0.034654 -0.499101 0.865851
vn -0.034654 -0.499101 0.865851
vn 0.034654 -0.499101 0.865851
vn 0.034654 -0.499101 0.865851
vn 0.034654 -0.499101 0.865851
vn 0.094675 -0.526632 0.844805
vn 0.094675 -0.526632 0.844805
vn 0.094675 -0.526632 0.844805
vn 0.129329 -0.574317 0.808353
vn 0.129329 -0.574317 0.808353
vn 0.129329 -0.574317 0.808353
vn 0.129329 -0.629378 0.766262
vn 0.129329 -0.629378 0.766262
vn 0.129329 -0.629378 0.766262
vn 0.094676 0.526632 -0.844805
vn 0.094676 0.526632 -0.844805
vn 0.094676 0.526632 -0.844805
vn 0.034653 0.499100 -0.865851
vn 0.034653 0.499100 -0.865851
vn 0.034653 0.499100 -0.865851
vn -0.034653 0.499100 -0.865851
vn -0.034653 0.499100 -0.865851
vn -0.034653 0.499100 -0.865851
vn -0.094676 0.526632 -0.844805
vn -0.094676 0.526632 -0.844805
vn -0.094676 0.526632 -0.844805
vn -0.129329 0.574316 -0.808353
vn -0.129329 0.574316 -0.808353
vn -0.129329 0.574316 -0.808354
vn -0.129329 0.629379 -0.766261
vn -0.129329 0.629379 -0.766261
vn -0.129329 0.629379 -0.766261
vn -0.094677 0.677062 -0.729810
vn -0.094677 0.677062 -0.729810
vn -0.094677 0.677062 -0.729810
vn -0.034652 0.704594 -0.708764
vn -0.034652 0.704594 -0.708764
vn -0.034652 0.704594 -0.708764
vn 0.034652 0.704594 -0.708764
vn 0.034652 0.704594 -0.708764
vn 0.034652 0.704594 -0.708764
vn 0.094677 0.677062 -0.729810
vn 0.094677 0.677062 -0.729810
vn 0.094677 0.677062 -0.729810
vn 0.129329 0.629379 -0.766261
vn 0.129329 0.629379 -0.766261
vn 0.129329 0.629379 -0.766261
vn 0.129329 0.574317 -0.808353
vn 0.129329 0.574317 -0.808353
vn 0.129329 0.574317 -0.808353
vn 0.276624 -0.778683 0.563145
vn 0.276624 -0.778682 0.563145
vn 0.276624 -0.778683 0.563145
vn 0.276624 -0.778683 0.563145
vn 0.101252 -0.859122 0.501654
vn 0.101252 -0.859122 0.501654
vn 0.101252 -0.859122 0.501654
vn 0.101252 -0.859122 0.501654
vn -0.101253 -0.859122 0.501654
vn -0.101253 -0.859122 0.501654
vn -0.101253 -0.859122 0.501654
vn -0.101253 -0.859122 0.501654
vn -0.276624 -0.778683 0.563145
vn -0.276624 -0.778683 0.563145
vn -0.276624 -0.778683 0.563145
vn -0.276624 -0.778683 0.563145
vn -0.377877 -0.639355 0.669653
vn -0.377877 -0.639355 0.669653
vn -0.377877 -0.639355 0.669653
vn -0.377877 -0.639355 0.669653
vn -0.377877 -0.478474 0.792636
vn -0.377877 -0.478474 0.792636
vn -0.377877 -0.478474 0.792636
vn -0.377877 -0.478474 0.792636
vn -0.276625 -0.339146 0.899143
vn -0.276625 -0.339146 0.899143
vn -0.276625 -0.339146 0.899143
vn -0.276625 -0.339146 0.899143
vn -0.101252 -0.258706 0.960635
vn -0.101252 -0.258706 0.960635
vn -0.101252 -0.258706 0.960635
vn -0.101252 -0.258706 0.960635
vn 0.101252 -0.258706 0.960635
vn 0.101252 -0.258706 0.960635
vn 0.101252 -0.258706 0.960635
vn 0.101252 -0.258706 0.960635
vn 0.276626 -0.339146 0.899143
vn 0.276626 -0.339146 0.899143
vn 0.276626 -0.339146 0.899143
vn 0.276626 -0.339146 0.899143
vn 0.377876 -0.478474 0.792636
vn 0.377876 -0.478474 0.792636
vn 0.377876 -0.478474 0.792636
vn 0.377877 -0.478474 0.792636
vn 0.377877 -0.639355 0.669652
vn 0.377877 -0.639355 0.669652
vn 0.377877 -0.639355 0.669652
vn 0.377877 -0.639355 0.669652
vn 0.437468 -0.824688 0.358486
vn 0.437468 -0.824688 0.358486
vn 0.437468 -0.824688 0.358486
vn 0.437468 -0.824688 0.358486
vn 0.160124 -0.951900 0.261240
vn 0.160124 -0.951900 0.261240
vn 0.160124 -0.951900 0.261240
vn 0.160124 -0.951900 0.261240
vn -0.160124 -0.951900 0.261240
vn -0.160124 -0.951900 0.261240
vn -0.160124 -0.951900 0.261240
vn -0.160124 -0.951900 0.261240
vn -0.437468 -0.824688 0.358486
vn -0.437468 -0.824688 0.358486
vn -0.437468 -0.824688 0.358486
vn -0.437468 -0.824688 0.358486
vn -0.597592 -0.604350 0.526921
vn -0.597592 -0.604350 0.526920
vn -0.597592 -0.604350 0.526920
vn -0.597592 -0.604350 0.526920
vn -0.597592 -0.349924 0.721413
vn -0.597592 -0.349924 0.721413
vn -0.597592 -0.349924 0.721413
vn -0.597592 -0.349924 0.721413
vn -0.437468 -0.129586 0.889848
vn -0.437468 -0.129586 0.889848
vn -0.437468 -0.129586 0.889848
vn -0.437468 -0.129586 0.889848
vn -0.160124 -0.002374 0.987094
vn -0.160124 -0.002374 0.987094
vn -0.160124 -0.002374 0.987094
vn -0.160124 -0.002374 0.987094
vn 0.160124 -0.002374 0.987094
vn 0.160124 -0.002374 0.987094
vn 0.160124 -0.002374 0.987094
vn 0.160124 -0.002374 0.987094
vn 0.437468 -0.129586 0.889848
vn 0.437468 -0.129586 0.889848
vn 0.437468 -0.129586 0.889848
vn 0.437468 -0.129586 0.889848
vn 0.597592 -0.349924 0.721413
vn 0.597592 -0.349924 0.721413
vn 0.597592 -0.349924 0.721413
vn 0.597592 -0.349924 0.721413
vn 0.597592 -0.604350 0.526921
vn 0.597592 -0.604350 0.526921
vn 0.597592 -0.604350 0.526921
vn 0.597592 -0.604350 0.526921
vn 0.566309 -0.813584 0.131812
vn 0.566309 -0.813584 0.131812
vn 0.566309 -0.813584 0.131812
vn 0.566309 -0.813584 0.131812
vn 0.207284 -0.978263 0.005925
vn 0.207283 -0.978263 0.005925
vn 0.207283 -0.978263 0.005925
vn 0.207283 -0.978263 0.005925
vn -0.207284 -0.978263 0.005925
vn -0.207284 -0.978263 0.005925
vn -0.207284 -0.978263 0.005925
vn -0.207284 -0.978263 0.005925
vn -0.566309 -0.813584 0.131812
vn -0.566309 -0.813585 0.131812
vn -0.566309 -0.813585 0.131812
vn -0.566309 -0.813585 0.131812
vn -0.773593 -0.528353 0.349854
vn -0.773593 -0.528353 0.349854
vn -0.773593 -0.528353 0.349854
vn -0.773593 -0.528353 0.349854
vn -0.773593 -0.198995 0.601627
vn -0.773593 -0.198995 0.601627
vn -0.773593 -0.198995 0.601627
vn -0.773593 -0.198995 0.601627
vn -0.566310 0.086236 0.819669
vn -0.566310 0.086236 0.819669
vn -0.566310 0.086236 0.819669
vn -0.566310 0.086236 0.819669
vn -0.207284 0.250915 0.945555
vn -0.207284 0.250915 0.945555
vn -0.207284 0.250915 0.945555
vn -0.207284 0.250915 0.945555
vn 0.207284 0.250915 0.945556
vn 0.207284 0.250915 0.945556
vn 0.207284 0.250915 0.945555
vn 0.207284 0.250915 0.945555
vn 0.566310 0.086237 0.819669
vn 0.566310 0.086237 0.819669
vn 0.566310 0.086237 0.819669
vn 0.566310 0.086237 0.819669
vn 0.773593 -0.198995 0.601627
vn 0.773593 -0.198995 0.601627
vn 0.773593 -0.198995 0.601627
vn 0.773593 -0.198995 0.601627
vn 0.773593 -0.528353 0.349854
vn 0.773593 -0.528353 0.349854
vn 0.773593 -0.528352 0.349854
vn 0.773593 -0.528353 0.349854
vn 0.655710 -0.748244 -0.100871
vn 0.655710 -0.748244 -0.100871
vn 0.655710 -0.748244 -0.100871
vn 0.655710 -0.748244 -0.100871
vn 0.240007 -0.938920 -0.246630
vn 0.240007 -0.938920 -0.246630
vn 0.240007 -0.938920 -0.246630
vn 0.240007 -0.938920 -0.246630
vn -0.240007 -0.938920 -0.246630
vn -0.240007 -0.938920 -0.246630
vn -0.240007 -0.938920 -0.246630
vn -0.240007 -0.938920 -0.246630
vn -0.655710 -0.748244 -0.100871
vn -0.655710 -0.748244 -0.100871
vn -0.655710 -0.748244 -0.100871
vn -0.655710 -0.748244 -0.100871
vn -0.895717 -0.417984 0.151593
vn -0.895717 -0.417984 0.151593
vn -0.895717 -0.417984 0.151593
vn -0.895717 -0.417984 0.151593
vn -0.895717 -0.036632 0.443113
vn -0.895717 -0.036632 0.443113
vn -0.895717 -0.036632 0.443113
vn -0.895717 -0.036632 0.443113
vn -0.655711 0.293628 0.695576
vn -0.655711 0.293628 0.695576
vn -0.655711 0.293628 0.695576
vn -0.655711 0.293628 0.695576
vn -0.240007 0.484304 0.841336
vn -0.240007 0.484304 0.841336
vn -0.240007 0.484304 0.841336
vn -0.240007 0.484304 0.841336
vn 0.240007 0.484304 0.841336
vn 0.240007 0.484304 0.841336
vn 0.240007 0.484304 0.841336
vn 0.240007 0.484304 0.841336
vn 0.655710 0.293628 0.695576
vn 0.655710 0.293628 0.695576
vn 0.655710 0.293628 0.695576
vn 0.655710 0.293628 0.695576
vn 0.895717 -0.036632 0.443113
vn 0.895717 -0.036632 0.443113
vn 0.895717 -0.036632 0.443113
vn 0.895717 -0.036632 0.443113
vn 0.895717 -0.417984 0.151593
vn 0.895717 -0.417984 0.151593
vn 0.895717 -0.417983 0.151593
vn 0.895717 -0.417983 0.151593
vn 0.701359 -0.634479 -0.324857
vn 0.701359 -0.634479 -0.324857
vn 0.701359 -0.634479 -0.324857
vn 0.701359 -0.634479 -0.324857
vn 0.256715 -0.838428 -0.480765
vn 0.256715 -0.838428 -0.480765
vn 0.256715 -0.838428 -0.480765
vn 0.256715 -0.838428 -0.480765
vn -0.256715 -0.838428 -0.480765
vn -0.256715 -0.838428 -0.480765
vn -0.256715 -0.838428 -0.480765
vn -0.256715 -0.838428 -0.480765
vn -0.701359 -0.634479 -0.324857
vn -0.701359 -0.634479 -0.324857
vn -0.701359 -0.634479 -0.324857
vn -0.701360 -0.634479 -0.324857
vn -0.958074 -0.281227 -0.054818
vn -0.958074 -0.281227 -0.054818
vn -0.958074 -0.281227 -0.054818
vn -0.958074 -0.281227 -0.054818
vn -0.958075 0.126674 0.256996
vn -0.958075 0.126674 0.256996
vn -0.958075 0.126674 0.256996
vn -0.958075 0.126674 0.256996
vn -0.701359 0.479926 0.527035
vn -0.701359 0.479926 0.527035
vn -0.701359 0.479926 0.527035
vn -0.701359 0.479926 0.527035
vn -0.256715 0.683876 0.682943
vn -0.256715 0.683876 0.682943
vn -0.256715 0.683876 0.682943
vn -0.256715 0.683876 0.682943
vn 0.256715 0.683876 0.682943
vn 0.256715 0.683876 0.682943
vn 0.256715 0.683876 0.682943
vn 0.256715 0.683876 0.682943
vn 0.701359 0.479926 0.527035
vn 0.701359 0.479926 0.527035
vn 0.701359 0.479926 0.527035
vn 0.701359 0.479926 0.527035
vn 0.958075 0.126674 0.256996
vn 0.958075 0.126674 0.256996
vn 0.958075 0.126674 0.256996
vn 0.958075 0.126674 0.256996
vn 0.958074 -0.281227 -0.054818
vn 0.958074 -0.281227 -0.054818
vn 0.958074 -0.281227 -0.054818
vn 0.958074 -0.281227 -0.054818
vn 0.701359 -0.479926 -0.527036
vn 0.701359 -0.479926 -0.527036
vn 0.701359 -0.479926 -0.527036
vn 0.701359 -0.479926 -0.527036
vn 0.256715 -0.683876 -0.682943
vn 0.256715 -0.683876 -0.682943
vn 0.256715 -0.683876 -0.682943
vn 0.256715 -0.683876 -0.682943
vn -0.256715 -0.683876 -0.682943
vn -0.256715 -0.683876 -0.682943
vn -0.256715 -0.683876 -0.682943
vn -0.256715 -0.683876 -0.682943
vn -0.701359 -0.479926 -0.527036
vn -0.701359 -0.479926 -0.527036
vn -0.701359 -0.479926 -0.527036
vn -0.701359 -0.479926 -0.527036
vn -0.958074 -0.126673 -0.256997
vn -0.958075 -0.126673 -0.256997
vn -0.958075 -0.126673 -0.256997
vn -0.958075 -0.126673 -0.256997
vn -0.958074 0.281227 0.054818
vn -0.958074 0.281227 0.054818
vn -0.958074 0.281227 0.054818
vn -0.958074 0.281227 0.054818
vn -0.701359 0.634479 0.324858
vn -0.701359 0.634479 0.324858
vn -0.701359 0.634479 0.324858
vn -0.701359 0.634479 0.324858
vn -0.256716 0.838429 0.480765
vn -0.256716 0.838429 0.480765
vn -0.256716 0.838429 0.480765
vn -0.256716 0.838429 0.480765
vn 0.256716 0.838429 0.480765
vn 0.256716 0.838429 0.480765
vn 0.256716 0.838429 0.480765
vn 0.256716 0.838429 0.480765
vn 0.701359 0.634478 0.324859
vn 0.701359 0.634478 0.324859
vn 0.701359 0.634478 0.324859
vn 0.701359 0.634478 0.324859
vn 0.958074 0.281227 0.054818
vn 0.958074 0.281227 0.054818
vn 0.958074 0.281227 0.054818
vn 0.958074 0.281227 0.054818
vn 0.958074 -0.126673 -0.256997
vn 0.958074 -0.126673 -0.256997
vn 0.958075 -0.126673 -0.256997
vn 0.958075 -0.126673 -0.256997
vn 0.655711 -0.293628 -0.695576
vn 0.655711 -0.293628 -0.695576
vn 0.655711 -0.293628 -0.695576
vn 0.655711 -0.293628 -0.695576
vn 0.240007 -0.484304 -0.841336
vn 0.240007 -0.484304 -0.841336
vn 0.240007 -0.484304 -0.841336
vn 0.240007 -0.484304 -0.841336
vn -0.240007 -0.484304 -0.841336
vn -0.240007 -0.484304 -0.841336
vn -0.240007 -0.484304 -0.841336
vn -0.240007 -0.484304 -0.841336
vn -0.655711 -0.293628 -0.695576
vn -0.655711 -0.293628 -0.695576
vn -0.655711 -0.293628 -0.695576
vn -0.655711 -0.293628 -0.695576
vn -0.895717 0.036632 -0.443113
vn -0.895717 0.036632 -0.443113
vn -0.895717 0.036632 -0.443113
vn -0.895717 0.036632 -0.443113
vn -0.895717 0.417984 -0.151593
vn -0.895717 0.417983 -0.151593
vn -0.895717 0.417983 -0.151593
vn -0.895717 0.417983 -0.151593
vn -0.655710 0.748244 0.100870
vn -0.655710 0.748244 0.100870
vn -0.655710 0.748244 0.100870
vn -0.655710 0.748244 0.100870
vn -0.240007 0.938920 0.246629
vn -0.240007 0.938920 0.246629
vn -0.240007 0.938920 0.246629
vn -0.240007 0.938920 0.246629
vn 0.240007 0.938920 0.246629
vn 0.240007 0.938920 0.246629
vn 0.240007 0.938920 0.246629
vn 0.240007 0.938920 0.246629
vn 0.655710 0.748244 0.100870
vn 0.655710 0.748244 0.100870
vn 0.655710 0.748244 0.100870
vn 0.655710 0.748244 0.100870
vn 0.895717 0.417984 -0.151593
vn 0.895717 0.417984 -0.151593
vn 0.895717 0.417984 -0.151593
vn 0.895717 0.417984 -0.151593
vn 0.895717 0.036632 -0.443113
vn 0.895717 0.036632 -0.443113
vn 0.895717 0.036632 -0.443113
vn 0.895717 0.036632 -0.443113
vn 0.566309 -0.086237 -0.819669
vn 0.566309 -0.086237 -0.819669
vn 0.566310 -0.086237 -0.819669
vn 0.566309 -0.086237 -0.819669
vn 0.207284 -0.250915 -0.945556
vn 0.207284 -0.250915 -0.945555
vn 0.207284 -0.250915 -0.945555
vn 0.207284 -0.250915 -0.945555
vn -0.207284 -0.250915 -0.945555
vn -0.207284 -0.250915 -0.945555
vn -0.207284 -0.250915 -0.945555
vn -0.207284 -0.250915 -0.945555
vn -0.566309 -0.086237 -0.819669
vn -0.566309 -0.086237 -0.819669
vn -0.566309 -0.086237 -0.819669
vn -0.566309 -0.086237 -0.819669
vn -0.773593 0.198995 -0.601627
vn -0.773593 0.198995 -0.601627
vn -0.773593 0.198995 -0.601627
vn -0.773593 0.198995 -0.601627
vn -0.773593 0.528353 -0.349854
vn -0.773593 0.528353 -0.349854
vn -0.773593 0.528353 -0.349854
vn -0.773593 0.528353 -0.349854
vn -0.566310 0.813584 -0.131811
vn -0.566310 0.813584 -0.131811
vn -0.566310 0.813584 -0.131811
vn -0.566310 0.813584 -0.131811
vn -0.207284 0.978263 -0.005924
vn -0.207284 0.978263 -0.005924
vn -0.207284 0.978263 -0.005924
vn -0.207284 0.978263 -0.005924
vn 0.207284 0.978263 -0.005924
vn 0.207284 0.978263 -0.005924
vn 0.207284 0.978263 -0.005924
vn 0.207284 0.978263 -0.005924
vn 0.566310 0.813584 -0.131811
vn 0.566310 0.813584 -0.131811
vn 0.566310 0.813584 -0.131811
vn 0.566310 0.813584 -0.131811
vn 0.773593 0.528352 -0.349854
vn 0.773593 0.528352 -0.349854
vn 0.773593 0.528352 -0.349854
vn 0.773593 0.528352 -0.349854
vn 0.773593 0.198995 -0.601627
vn 0.773593 0.198995 -0.601627
vn 0.773593 0.198995 -0.601627
vn 0.773593 0.198995 -0.601627
vn 0.437467 0.129586 -0.889848
vn 0.437467 0.129586 -0.889848
vn 0.437467 0.129586 -0.889848
vn 0.437467 0.129586 -0.889848
vn 0.160124 0.002374 -0.987094
vn 0.160124 0.002374 -0.987094
vn 0.160124 0.002374 -0.987094
vn 0.160124 0.002374 -0.987094
vn -0.160124 0.002374 -0.987094
vn -0.160124 0.002374 -0.987094
vn -0.160124 0.002374 -0.987094
vn -0.160124 0.002374 -0.987094
vn -0.437468 0.129586 -0.889848
vn -0.437468 0.129586 -0.889848
vn -0.437468 0.129586 -0.889848
vn -0.437468 0.129586 -0.889848
vn -0.597592 0.349925 -0.721413
vn -0.597591 0.349925 -0.721413
vn -0.597592 0.349925 -0.721413
vn -0.597592 0.349925 -0.721413
vn -0.597593 0.604349 -0.526920
vn -0.597593 0.604349 -0.526920
vn -0.597593 0.604349 -0.526920
vn -0.597593 0.604349 -0.526920
vn -0.437468 0.824687 -0.358487
vn -0.437468 0.824687 -0.358487
vn -0.437468 0.824687 -0.358487
vn -0.437468 0.824687 -0.358487
vn -0.160123 0.951900 -0.261240
vn -0.160123 0.951900 -0.261240
vn -0.160123 0.951900 -0.261240
vn -0.160123 0.951900 -0.261240
vn 0.160123 0.951900 -0.261240
vn 0.160124 0.951900 -0.261240
vn 0.160123 0.951900 -0.261240
vn 0.160123 0.951900 -0.261240
vn 0.437468 0.824687 -0.358487
vn 0.437468 0.824687 -0.358487
vn 0.437468 0.824687 -0.358487
vn 0.437468 0.824687 -0.358487
vn 0.597592 0.604349 -0.526920
vn 0.597593 0.604349 -0.526920
vn 0.597593 0.604349 -0.526920
vn 0.597592 0.604349 -0.526920
vn 0.597592 0.349925 -0.721413
vn 0.597592 0.349925 -0.721413
vn 0.597592 0.349925 -0.721413
vn 0.597592 0.349925 -0.721413
vn 0.276625 0.339147 -0.899143
vn 0.276625 0.339147 -0.899143
vn 0.276625 0.339147 -0.899143
vn 0.276625 0.339147 -0.899143
vn 0.101252 0.258706 -0.960635
vn 0.101252 0.258706 -0.960635
vn 0.101252 0.258706 -0.960635
vn 0.101252 0.258706 -0.960635
vn -0.101251 0.258706 -0.960635
vn -0.101251 0.258706 -0.960635
vn -0.101251 0.258706 -0.960635
vn -0.101251 0.258706 -0.960635
vn -0.276624 0.339147 -0.899143
vn -0.276624 0.339147 -0.899143
vn -0.276624 0.339147 -0.899143
vn -0.276624 0.339147 -0.899143
vn -0.377877 0.478473 -0.792636
vn -0.377877 0.478473 -0.792636
vn -0.377877 0.478473 -0.792636
vn -0.377877 0.478473 -0.792637
vn -0.377877 0.639355 -0.669652
vn -0.377877 0.639355 -0.669652
vn -0.377877 0.639355 -0.669652
vn -0.377877 0.639355 -0.669652
vn -0.276625 0.778682 -0.563145
vn -0.276625 0.778682 -0.563145
vn -0.276625 0.778682 -0.563145
vn -0.276625 0.778682 -0.563145
vn -0.101252 0.859122 -0.501654
vn -0.101252 0.859122 -0.501654
vn -0.101252 0.859122 -0.501654
vn -0.101252 0.859122 -0.501654
vn 0.101252 0.859122 -0.501654
vn 0.101252 0.859122 -0.501654
vn 0.101252 0.859122 -0.501654
vn 0.101252 0.859122 -0.501654
vn 0.276625 0.778683 -0.563145
vn 0.276625 0.778683 -0.563145
vn 0.276625 0.778683 -0.563145
vn 0.276625 0.778683 -0.563145
vn 0.377877 0.639355 -0.669652
vn 0.377877 0.639355 -0.669652
vn 0.377877 0.639355 -0.669652
vn 0.377877 0.639355 -0.669652
vn 0.377877 0.478473 -0.792636
vn 0.377877 0.478473 -0.792636
vn 0.377877 0.478473 -0.792636
vn 0.377877 0.478473 -0.792636
vn 0.094675 -0.677064 0.729809
vn 0.094675 -0.677064 0.729809
vn 0.094675 -0.677064 0.729809
vn 0.034653 -0.704595 0.708763
vn 0.034653 -0.704595 0.708763
vn 0.034653 -0.704595 0.708763
vn -0.034653 -0.704595 0.708763
vn -0.034653 -0.704595 0.708763
vn -0.034653 -0.704595 0.708763
vn -0.094675 -0.677064 0.729809
vn -0.094675 -0.677064 0.729809
vn -0.094675 -0.677064 0.729809
vn -0.129330 -0.629379 0.766261
vn -0.129330 -0.629379 0.766261
vn -0.129330 -0.629379 0.766261
vn -0.129330 -0.574316 0.808353
vn -0.129330 -0.574316 0.808353
vn -0.129330 -0.574316 0.808353
vn -0.094675 -0.526631 0.844806
vn -0.094675 -0.526631 0.844806
vn -0.094675 -0.526631 0.844806
vn -0.034654 -0.499101 0.865851
vn -0.034654 -0.499101 0.865851
vn -0.034654 -0.499101 0.865851
vn 0.034654 -0.499101 0.865851
vn 0.034654 -0.499101 0.865851
vn 0.034654 -0.499101 0.865851
vn 0.094675 -0.526631 0.844806
vn 0.094675 -0.526631 0.844806
vn 0.094675 -0.526631 0.844806
vn 0.129330 -0.574317 0.808353
vn 0.129330 -0.574317 0.808353
vn 0.129330 -0.574317 0.808353
vn 0.129330 -0.629378 0.766262
vn 0.129330 -0.629378 0.766262
vn 0.129330 -0.629378 0.766262
vn 0.094678 0.526634 -0.844804
vn 0.094678 0.526634 -0.844804
vn 0.094678 0.526633 -0.844804
vn 0.034653 0.499101 -0.865851
vn 0.034653 0.499101 -0.865851
vn 0.034653 0.499101 -0.865851
vn -0.034655 0.499101 -0.865851
vn -0.034655 0.499101 -0.865851
vn -0.034655 0.499101 -0.865851
vn -0.094678 0.526634 -0.844804
vn -0.094678 0.526634 -0.844804
vn -0.094678 0.526633 -0.844804
vn -0.129328 0.574312 -0.808356
vn -0.129328 0.574312 -0.808356
vn -0.129328 0.574312 -0.808356
vn -0.129329 0.629382 -0.766259
vn -0.129329 0.629382 -0.766259
vn -0.129329 0.629382 -0.766259
vn -0.094676 0.677062 -0.729811
vn -0.094676 0.677062 -0.729811
vn -0.094676 0.677062 -0.729811
vn -0.034655 0.704594 -0.708764
vn -0.034655 0.704594 -0.708764
vn -0.034655 0.704594 -0.708764
vn 0.034655 0.704594 -0.708764
vn 0.034655 0.704594 -0.708764
vn 0.034655 0.704594 -0.708764
vn 0.094676 0.677062 -0.729811
vn 0.094676 0.677062 -0.729811
vn 0.094676 0.677062 -0.729811
vn 0.129329 0.629382 -0.766259
vn 0.129329 0.629382 -0.766259
vn 0.129329 0.629382 -0.766259
vn 0.129328 0.574312 -0.808356
vn 0.129328 0.574312 -0.808356
vn 0.129328 0.574312 -0.808356
vn 0.276625 -0.778681 0.563147
vn 0.276625 -0.778681 0.563147
vn 0.276625 -0.778681 0.563147
vn 0.276625 -0.778681 0.563147
vn 0.101252 -0.859123 0.501653
vn 0.101252 -0.859123 0.501653
vn 0.101252 -0.859123 0.501653
vn 0.101252 -0.859123 0.501653
vn -0.101252 -0.859123 0.501653
vn -0.101252 -0.859123 0.501653
vn -0.101252 -0.859123 0.501653
vn -0.101252 -0.859123 0.501653
vn -0.276625 -0.778681 0.563146
vn -0.276625 -0.778681 0.563146
vn -0.276625 -0.778681 0.563146
vn -0.276625 -0.778681 0.563146
vn -0.377877 -0.639356 0.669652
vn -0.377877 -0.639356 0.669652
vn -0.377877 -0.639356 0.669652
vn -0.377877 -0.639356 0.669652
vn -0.377877 -0.478473 0.792636
vn -0.377877 -0.478473 0.792636
vn -0.377877 -0.478473 0.792636
vn -0.377877 -0.478473 0.792636
vn -0.276625 -0.339147 0.899143
vn -0.276625 -0.339147 0.899143
vn -0.276625 -0.339147 0.899143
vn -0.276625 -0.339147 0.899143
vn -0.101252 -0.258706 0.960635
vn -0.101252 -0.258706 0.960635
vn -0.101252 -0.258706 0.960635
vn -0.101252 -0.258706 0.960635
vn 0.101252 -0.258706 0.960635
vn 0.101252 -0.258706 0.960635
vn 0.101252 -0.258706 0.960635
vn 0.101252 -0.258706 0.960635
vn 0.276625 -0.339146 0.899143
vn 0.276625 -0.339146 0.899143
vn 0.276625 -0.339146 0.899143
vn 0.276625 -0.339146 0.899143
vn 0.377877 -0.478473 0.792636
vn 0.377877 -0.478473 0.792636
vn 0.377877 -0.478473 0.792636
vn 0.377877 -0.478473 0.792636
vn 0.377877 -0.639356 0.669652
vn 0.377877 -0.639356 0.669652
vn 0.377877 -0.639356 0.669652
vn 0.377877 -0.639356 0.669652
vn 0.437467 -0.824688 0.358486
vn 0.437467 -0.824688 0.358486
vn 0.437467 -0.824688 0.358486
vn 0.437467 -0.824688 0.358486
vn 0.160124 -0.951900 0.261241
vn 0.160124 -0.951900 0.261241
vn 0.160124 -0.951900 0.261241
vn 0.160124 -0.951900 0.261241
vn -0.160124 -0.951900 0.261241
vn -0.160124 -0.951900 0.261241
vn -0.160124 -0.951900 0.261241
vn -0.160124 -0.951900 0.261241
vn -0.437467 -0.824688 0.358486
vn -0.437467 -0.824688 0.358486
vn -0.437467 -0.824688 0.358486
vn -0.437467 -0.824688 0.358486
vn -0.597592 -0.604350 0.526921
vn -0.597592 -0.604350 0.526921
vn -0.597592 -0.604350 0.526921
vn -0.597592 -0.604350 0.526921
vn -0.597592 -0.349924 0.721413
vn -0.597592 -0.349924 0.721413
vn -0.597592 -0.349924 0.721413
vn -0.597592 -0.349924 0.721413
vn -0.437468 -0.129586 0.889848
vn -0.437468 -0.129586 0.889848
vn -0.437468 -0.129586 0.889848
vn -0.437468 -0.129586 0.889848
vn -0.160125 -0.002374 0.987094
vn -0.160125 -0.002374 0.987094
vn -0.160125 -0.002374 0.987094
vn -0.160125 -0.002374 0.987094
vn 0.160124 -0.002374 0.987094
vn 0.160124 -0.002374 0.987094
vn 0.160124 -0.002374 0.987094
vn 0.160124 -0.002374 0.987094
vn 0.437467 -0.129586 0.889848
vn 0.437467 -0.129586 0.889848
vn 0.437467 -0.129586 0.889848
vn 0.437467 -0.129586 0.889848
vn 0.597591 -0.349924 0.721414
vn 0.597591 -0.349924 0.721414
vn 0.597591 -0.349924 0.721414
vn 0.597591 -0.349924 0.721414
vn 0.597592 -0.604350 0.526921
vn 0.597592 -0.604350 0.526921
vn 0.597592 -0.604350 0.526921
vn 0.597592 -0.604350 0.526921
vn 0.566309 -0.813585 0.131811
vn 0.566309 -0.813585 0.131811
vn 0.566309 -0.813585 0.131811
vn 0.566309 -0.813585 0.131811
vn 0.207283 -0.978263 0.005926
vn 0.207283 -0.978263 0.005926
vn 0.207283 -0.978263 0.005926
vn 0.207283 -0.978263 0.005926
vn -0.207283 -0.978263 0.005925
vn -0.207283 -0.978263 0.005925
vn -0.207283 -0.978263 0.005925
vn -0.207283 -0.978263 0.005925
vn -0.566309 -0.813584 0.131811
vn -0.566309 -0.813584 0.131811
vn -0.566309 -0.813584 0.131811
vn -0.566309 -0.813584 0.131811
vn -0.773593 -0.528353 0.349854
vn -0.773593 -0.528353 0.349854
vn -0.773593 -0.528353 0.349854
vn -0.773593 -0.528353 0.349854
vn -0.773594 -0.198995 0.601626
vn -0.773594 -0.198995 0.601626
vn -0.773594 -0.198995 0.601626
vn -0.773593 -0.198995 0.601626
vn -0.566309 0.086237 0.819669
vn -0.566309 0.086237 0.819669
vn -0.566309 0.086237 0.819669
vn -0.566309 0.086237 0.819669
vn -0.207284 0.250915 0.945556
vn -0.207284 0.250915 0.945556
vn -0.207284 0.250915 0.945556
vn -0.207284 0.250915 0.945556
vn 0.207284 0.250915 0.945556
vn 0.207284 0.250915 0.945556
vn 0.207284 0.250915 0.945556
vn 0.207284 0.250915 0.945556
vn 0.566309 0.086237 0.819669
vn 0.566309 0.086237 0.819669
vn 0.566309 0.086237 0.819669
vn 0.566309 0.086237 0.819669
vn 0.773593 -0.198995 0.601627
vn 0.773593 -0.198995 0.601627
vn 0.773593 -0.198995 0.601627
vn 0.773593 -0.198995 0.601627
vn 0.773593 -0.528352 0.349854
vn 0.773593 -0.528352 0.349854
vn 0.773593 -0.528352 0.349854
vn 0.773593 -0.528352 0.349854
vn 0.655711 -0.748244 -0.100871
vn 0.655711 -0.748244 -0.100871
vn 0.655711 -0.748244 -0.100871
vn 0.655710 -0.748244 -0.100871
vn 0.240007 -0.938920 -0.246631
vn 0.240007 -0.938920 -0.246631
vn 0.240007 -0.938920 -0.246631
vn 0.240007 -0.938920 -0.246631
vn -0.240007 -0.938920 -0.246630
vn -0.240007 -0.938920 -0.246630
vn -0.240007 -0.938920 -0.246630
vn -0.240007 -0.938920 -0.246630
vn -0.655711 -0.748244 -0.100870
vn -0.655711 -0.748244 -0.100871
vn -0.655711 -0.748244 -0.100871
vn -0.655711 -0.748244 -0.100870
vn -0.895718 -0.417983 0.151592
vn -0.895718 -0.417983 0.151592
vn -0.895718 -0.417983 0.151592
vn -0.895718 -0.417983 0.151592
vn -0.895717 -0.036632 0.443113
vn -0.895717 -0.036632 0.443113
vn -0.895717 -0.036632 0.443113
vn -0.895717 -0.036632 0.443113
vn -0.655711 0.293628 0.695576
vn -0.655711 0.293628 0.695576
vn -0.655711 0.293628 0.695576
vn -0.655711 0.293628 0.695576
vn -0.240007 0.484304 0.841336
vn -0.240007 0.484304 0.841336
vn -0.240007 0.484304 0.841336
vn -0.240007 0.484304 0.841336
vn 0.240007 0.484304 0.841336
vn 0.240007 0.484304 0.841336
vn 0.240007 0.484304 0.841336
vn 0.240007 0.484304 0.841336
vn 0.655711 0.293628 0.695576
vn 0.655711 0.293628 0.695576
vn 0.655711 0.293628 0.695576
vn 0.655711 0.293628 0.695576
vn 0.895717 -0.036632 0.443113
vn 0.895717 -0.036632 0.443113
vn 0.895717 -0.036632 0.443113
vn 0.895717 -0.036632 0.443113
vn 0.895718 -0.417983 0.151592
vn 0.895718 -0.417983 0.151592
vn 0.895718 -0.417983 0.151592
vn 0.895718 -0.417983 0.151592
vn 0.701359 -0.634479 -0.324857
vn 0.701359 -0.634479 -0.324857
vn 0.701359 -0.634479 -0.324857
vn 0.701359 -0.634479 -0.324857
vn 0.256715 -0.838429 -0.480764
vn 0.256715 -0.838429 -0.480764
vn 0.256715 -0.838429 -0.480764
vn 0.256715 -0.838429 -0.480764
vn -0.256715 -0.838429 -0.480764
vn -0.256715 -0.838429 -0.480764
vn -0.256715 -0.838429 -0.480764
vn -0.256715 -0.838429 -0.480764
vn -0.701359 -0.634478 -0.324858
vn -0.701359 -0.634478 -0.324858
vn -0.701359 -0.634479 -0.324858
vn -0.701359 -0.634479 -0.324858
vn -0.958074 -0.281227 -0.054817
vn -0.958074 -0.281227 -0.054817
vn -0.958074 -0.281227 -0.054817
vn -0.958074 -0.281227 -0.054817
vn -0.958074 0.126673 0.256997
vn -0.958074 0.126674 0.256997
vn -0.958074 0.126674 0.256997
vn -0.958074 0.126673 0.256997
vn -0.701359 0.479926 0.527035
vn -0.701359 0.479926 0.527035
vn -0.701359 0.479926 0.527035
vn -0.701359 0.479926 0.527035
vn -0.256715 0.683876 0.682943
vn -0.256715 0.683876 0.682943
vn -0.256715 0.683876 0.682943
vn -0.256715 0.683876 0.682943
vn 0.256715 0.683876 0.682943
vn 0.256715 0.683876 0.682943
vn 0.256715 0.683876 0.682943
vn 0.256715 0.683876 0.682943
vn 0.701359 0.479926 0.527035
vn 0.701359 0.479926 0.527035
vn 0.701359 0.479926 0.527035
vn 0.701359 0.479926 0.527035
vn 0.958074 0.126673 0.256997
vn 0.958074 0.126673 0.256997
vn 0.958074 0.126673 0.256997
vn 0.958074 0.126673 0.256997
vn 0.958074 -0.281227 -0.054817
vn 0.958074 -0.281227 -0.054817
vn 0.958074 -0.281227 -0.054817
vn 0.958074 -0.281227 -0.054817
vn 0.701360 -0.479926 -0.527035
vn 0.701360 -0.479926 -0.527035
vn 0.701360 -0.479926 -0.527035
vn 0.701360 -0.479926 -0.527035
vn 0.256716 -0.683876 -0.682943
vn 0.256716 -0.683876 -0.682943
vn 0.256716 -0.683876 -0.682943
vn 0.256716 -0.683876 -0.682943
vn -0.256716 -0.683876 -0.682943
vn -0.256716 -0.683876 -0.682943
vn -0.256716 -0.683876 -0.682943
vn -0.256716 -0.683876 -0.682943
vn -0.701360 -0.479926 -0.527035
vn -0.701360 -0.479926 -0.527035
vn -0.701360 -0.479926 -0.527035
vn -0.701360 -0.479926 -0.527035
vn -0.958074 -0.126673 -0.256997
vn -0.958074 -0.126673 -0.256997
vn -0.958074 -0.126673 -0.256997
vn -0.958074 -0.126673 -0.256997
vn -0.958074 0.281227 0.054818
vn -0.958074 0.281227 0.054818
vn -0.958074 0.281227 0.054818
vn -0.958074 0.281227 0.054818
vn -0.701359 0.634478 0.324857
vn -0.701359 0.634478 0.324857
vn -0.701359 0.634478 0.324857
vn -0.701359 0.634478 0.324857
vn -0.256716 0.838429 0.480764
vn -0.256716 0.838429 0.480764
vn -0.256716 0.838429 0.480764
vn -0.256716 0.838429 0.480764
vn 0.256716 0.838429 0.480764
vn 0.256716 0.838429 0.480764
vn 0.256716 0.838429 0.480764
vn 0.256716 0.838429 0.480764
vn 0.701359 0.634479 0.324857
vn 0.701359 0.634479 0.324857
vn 0.701359 0.634479 0.324857
vn 0.701359 0.634479 0.324857
vn 0.958074 0.281227 0.054818
vn 0.958074 0.281227 0.054818
vn 0.958074 0.281227 0.054818
vn 0.958074 0.281227 0.054818
vn 0.958074 -0.126673 -0.256997
vn 0.958074 -0.126673 -0.256997
vn 0.958074 -0.126673 -0.256997
vn 0.958074 -0.126673 -0.256997
vn 0.655711 -0.293629 -0.695576
vn 0.655711 -0.293629 -0.695576
vn 0.655711 -0.293629 -0.695576
vn 0.655711 -0.293629 -0.695576
vn 0.240007 -0.484304 -0.841336
vn 0.240007 -0.484304 -0.841336
vn 0.240007 -0.484304 -0.841336
vn 0.240007 -0.484304 -0.841336
vn -0.240007 -0.484304 -0.841336
vn -0.240007 -0.484304 -0.841336
vn -0.240007 -0.484304 -0.841336
vn -0.240007 -0.484304 -0.841336
vn -0.655711 -0.293628 -0.695576
vn -0.655711 -0.293628 -0.695576
vn -0.655711 -0.293628 -0.695576
vn -0.655711 -0.293628 -0.695576
vn -0.895717 0.036631 -0.443113
vn -0.895717 0.036631 -0.443113
vn -0.895717 0.036631 -0.443113
vn -0.895717 0.036631 -0.443113
vn -0.895718 0.417983 -0.151592
vn -0.895718 0.417983 -0.151592
vn -0.895718 0.417983 -0.151592
vn -0.895718 0.417983 -0.151592
vn -0.655711 0.748244 0.100870
vn -0.655711 0.748244 0.100870
vn -0.655711 0.748244 0.100870
vn -0.655711 0.748244 0.100870
vn -0.240007 0.938920 0.246631
vn -0.240007 0.938920 0.246631
vn -0.240007 0.938920 0.246631
vn -0.240007 0.938920 0.246631
vn 0.240007 0.938920 0.246631
vn 0.240007 0.938920 0.246631
vn 0.240007 0.938920 0.246631
vn 0.240007 0.938920 0.246631
vn 0.655711 0.748244 0.100870
vn 0.655711 0.748244 0.100870
vn 0.655711 0.748244 0.100870
vn 0.655711 0.748244 0.100870
vn 0.895718 0.417983 -0.151592
vn 0.895718 0.417983 -0.151592
vn 0.895718 0.417983 -0.151592
vn 0.895718 0.417983 -0.151592
vn 0.895717 0.036631 -0.443112
vn 0.895717 0.036631 -0.443112
vn 0.895717 0.036631 -0.443112
vn 0.895717 0.036631 -0.443112
vn 0.566310 -0.086237 -0.819669
vn 0.566310 -0.086237 -0.819669
vn 0.566310 -0.086237 -0.819669
vn 0.566310 -0.086237 -0.819669
vn 0.207283 -0.250915 -0.945556
vn 0.207283 -0.250915 -0.945556
vn 0.207283 -0.250915 -0.945556
vn 0.207283 -0.250915 -0.945556
vn -0.207283 -0.250915 -0.945556
vn -0.207283 -0.250915 -0.945556
vn -0.207283 -0.250915 -0.945556
vn -0.207283 -0.250915 -0.945556
vn -0.566310 -0.086237 -0.819669
vn -0.566310 -0.086237 -0.819669
vn -0.566309 -0.086237 -0.819669
vn -0.566310 -0.086237 -0.819669
vn -0.773592 0.198995 -0.601628
vn -0.773592 0.198995 -0.601628
vn -0.773592 0.198995 -0.601628
vn -0.773592 0.198995 -0.601628
vn -0.773592 0.528353 -0.349854
vn -0.773592 0.528353 -0.349854
vn -0.773592 0.528353 -0.349854
vn -0.773592 0.528353 -0.349854
vn -0.566309 0.813584 -0.131811
vn -0.566309 0.813584 -0.131811
vn -0.566309 0.813585 -0.131811
vn -0.566309 0.813584 -0.131811
vn -0.207284 0.978263 -0.005925
vn -0.207284 0.978263 -0.005925
vn -0.207284 0.978263 -0.005925
vn -0.207284 0.978263 -0.005925
vn 0.207284 0.978263 -0.005925
vn 0.207284 0.978263 -0.005925
vn 0.207284 0.978263 -0.005925
vn 0.207284 0.978263 -0.005925
vn 0.566309 0.813584 -0.131811
vn 0.566310 0.813584 -0.131811
vn 0.566309 0.813584 -0.131811
vn 0.566309 0.813584 -0.131811
vn 0.773592 0.528353 -0.349854
vn 0.773592 0.528353 -0.349854
vn 0.773592 0.528353 -0.349854
vn 0.773592 0.528353 -0.349854
vn 0.773592 0.198995 -0.601628
vn 0.773592 0.198995 -0.601628
vn 0.773593 0.198995 -0.601628
vn 0.773593 0.198995 -0.601628
vn 0.437468 0.129586 -0.889848
vn 0.437468 0.129586 -0.889848
vn 0.437468 0.129586 -0.889848
vn 0.437468 0.129586 -0.889848
vn 0.160124 0.002374 -0.987094
vn 0.160124 0.002374 -0.987094
vn 0.160124 0.002374 -0.987094
vn 0.160124 0.002374 -0.987094
vn -0.160124 0.002374 -0.987094
vn -0.160124 0.002374 -0.987094
vn -0.160124 0.002374 -0.987094
vn -0.160124 0.002374 -0.987094
vn -0.437468 0.129586 -0.889848
vn -0.437468 0.129586 -0.889848
vn -0.437468 0.129586 -0.889848
vn -0.437468 0.129586 -0.889848
vn -0.597592 0.349924 -0.721413
vn -0.597592 0.349924 -0.721413
vn -0.597592 0.349924 -0.721413
vn -0.597592 0.349924 -0.721413
vn -0.597592 0.604349 -0.526921
vn -0.597592 0.604349 -0.526921
vn -0.597592 0.604349 -0.526921
vn -0.597592 0.604349 -0.526921
vn -0.437467 0.824689 -0.358485
vn -0.437467 0.824689 -0.358485
vn -0.437467 0.824689 -0.358485
vn -0.437467 0.824689 -0.358485
vn -0.160125 0.951900 -0.261241
vn -0.160125 0.951900 -0.261241
vn -0.160125 0.951900 -0.261241
vn -0.160125 0.951900 -0.261241
vn 0.160124 0.951900 -0.261241
vn 0.160124 0.951900 -0.261241
vn 0.160124 0.951900 -0.261241
vn 0.160124 0.951900 -0.261241
vn 0.437467 0.824688 -0.358486
vn 0.437467 0.824688 -0.358486
vn 0.437467 0.824688 -0.358486
vn 0.437467 0.824688 -0.358486
vn 0.597592 0.604349 -0.526921
vn 0.597592 0.604349 -0.526921
vn 0.597592 0.604349 -0.526921
vn 0.597592 0.604349 -0.526921
vn 0.597591 0.349924 -0.721414
vn 0.597591 0.349924 -0.721414
vn 0.597591 0.349924 -0.721414
vn 0.597591 0.349924 -0.721414
vn 0.276624 0.339147 -0.899143
vn 0.276624 0.339147 -0.899143
vn 0.276624 0.339147 -0.899143
vn 0.276624 0.339147 -0.899143
vn 0.101251 0.258706 -0.960635
vn 0.101251 0.258706 -0.960635
vn 0.101251 0.258706 -0.960635
vn 0.101251 0.258706 -0.960635
vn -0.101252 0.258706 -0.960635
vn -0.101252 0.258706 -0.960635
vn -0.101252 0.258706 -0.960635
vn -0.101252 0.258706 -0.960635
vn -0.276625 0.339147 -0.899143
vn -0.276625 0.339147 -0.899143
vn -0.276625 0.339147 -0.899143
vn -0.276625 0.339147 -0.899143
vn -0.377877 0.478473 -0.792636
vn -0.377877 0.478473 -0.792636
vn -0.377877 0.478473 -0.792636
vn -0.377877 0.478473 -0.792636
vn -0.377876 0.639356 -0.669652
vn -0.377876 0.639356 -0.669652
vn -0.377876 0.639356 -0.669652
vn -0.377876 0.639356 -0.669652
vn -0.276626 0.778683 -0.563144
vn -0.276626 0.778683 -0.563144
vn -0.276626 0.778683 -0.563144
vn -0.276626 0.778683 -0.563144
vn -0.101253 0.859122 -0.501654
vn -0.101253 0.859122 -0.501654
vn -0.101253 0.859122 -0.501654
vn -0.101253 0.859122 -0.501654
vn 0.101253 0.859122 -0.501654
vn 0.101253 0.859122 -0.501654
vn 0.101253 0.859122 -0.501654
vn 0.101253 0.859122 -0.501654
vn 0.276626 0.778682 -0.563145
vn 0.276626 0.778682 -0.563145
vn 0.276626 0.778682 -0.563145
vn 0.276626 0.778682 -0.563145
vn 0.377876 0.639356 -0.669652
vn 0.377876 0.639356 -0.669652
vn 0.377876 0.639356 -0.669652
vn 0.377876 0.639356 -0.669652
vn 0.377877 0.478474 -0.792636
vn 0.377877 0.478474 -0.792636
vn 0.377877 0.478474 -0.792636
vn 0.377877 0.478474 -0.792636
vn 0.094678 -0.677063 0.729809
vn 0.094678 -0.677063 0.729809
vn 0.094678 -0.677063 0.729810
vn 0.034653 -0.704595 0.708763
vn 0.034653 -0.704595 0.708763
vn 0.034653 -0.704596 0.708763
vn -0.034653 -0.704595 0.708763
vn -0.034653 -0.704595 0.708763
vn -0.034653 -0.704596 0.708763
vn -0.094677 -0.677062 0.729810
vn -0.094677 -0.677062 0.729810
vn -0.094677 -0.677062 0.729810
vn -0.129329 -0.629378 0.766262
vn -0.129329 -0.629378 0.766262
vn -0.129329 -0.629378 0.766262
vn -0.129328 -0.574316 0.808353
vn -0.129328 -0.574316 0.808353
vn -0.129328 -0.574316 0.808353
vn -0.094676 -0.526631 0.844806
vn -0.094676 -0.526631 0.844806
vn -0.094676 -0.526631 0.844806
vn -0.034657 -0.499102 0.865850
vn -0.034657 -0.499102 0.865850
vn -0.034657 -0.499102 0.865850
vn 0.034657 -0.499102 0.865850
vn 0.034657 -0.499102 0.865850
vn 0.034657 -0.499102 0.865850
vn 0.094676 -0.526632 0.844805
vn 0.094676 -0.526632 0.844805
vn 0.094676 -0.526632 0.844805
vn 0.129328 -0.574316 0.808353
vn 0.129328 -0.574316 0.808353
vn 0.129328 -0.574316 0.808353
vn 0.129330 -0.629378 0.766262
vn 0.129330 -0.629378 0.766262
vn 0.129330 -0.629378 0.766262
vn 0.094674 0.526630 -0.844807
vn 0.094674 0.526630 -0.844807
vn 0.094674 0.526630 -0.844807
vn 0.034659 0.499103 -0.865849
vn 0.034659 0.499103 -0.865849
vn 0.034659 0.499103 -0.865849
vn -0.034659 0.499103 -0.865849
vn -0.034659 0.499103 -0.865849
vn -0.034659 0.499103 -0.865849
vn -0.094674 0.526630 -0.844807
vn -0.094674 0.526630 -0.844807
vn -0.094674 0.526630 -0.844807
vn -0.129329 0.574316 -0.808353
vn -0.129329 0.574316 -0.808353
vn -0.129329 0.574316 -0.808353
vn -0.129330 0.629380 -0.766260
vn -0.129330 0.629380 -0.766260
vn -0.129330 0.629380 -0.766260
vn -0.094678 0.677062 -0.729811
vn -0.094678 0.677062 -0.729811
vn -0.094678 0.677062 -0.729811
vn -0.034651 0.704595 -0.708763
vn -0.034651 0.704595 -0.708763
vn -0.034651 0.704595 -0.708763
vn 0.034651 0.704595 -0.708763
vn 0.034651 0.704595 -0.708763
vn 0.034651 0.704595 -0.708763
vn 0.094678 0.677062 -0.729811
vn 0.094678 0.677062 -0.729811
vn 0.094678 0.677062 -0.729811
vn 0.129329 0.629380 -0.766260
vn 0.129329 0.629380 -0.766260
vn 0.129329 0.629380 -0.766260
vn 0.129329 0.574316 -0.808353
vn 0.129329 0.574316 -0.808353
vn 0.129329 0.574316 -0.808353
vn -0.000000 0.578882 -0.815411
vn 0.000000 0.578883 -0.815411
vn 0.000000 0.578882 -0.815411
vn 0.000000 0.578883 -0.815411
vn -0.000000 0.578883 -0.815411
vn 0.000000 0.578882 -0.815412
vn 0.000000 0.578882 -0.815411
vn 0.000000 0.578881 -0.815412
vn -0.000000 0.578881 -0.815412
vn 0.000000 0.578883 -0.815411
vn 0.000000 0.578881 -0.815412
vn -0.000000 0.578881 -0.815412
vn 0.000000 0.578883 -0.815411
vn 0.866020 -0.409780 -0.286514
vn 0.499997 -0.708239 -0.498398
vn 0.707107 -0.576583 -0.409331
vn 0.866025 -0.407706 -0.289441
vn 0.000000 -0.817483 -0.575953
vn 0.000000 -0.815411 -0.578882
vn 0.258820 -0.787627 -0.559157
vn -0.499997 -0.708239 -0.498398
vn -0.258820 -0.787627 -0.559157
vn -0.866020 -0.409780 -0.286514
vn -0.866025 -0.407706 -0.289441
vn -0.707106 -0.576583 -0.409332
vn -0.999994 -0.002077 0.002925
vn -0.965926 -0.211044 -0.149826
vn -0.866020 0.405626 0.292364
vn -0.965926 0.211044 0.149826
vn -0.965926 0.211044 0.149826
vn -0.499996 0.704086 0.504249
vn -0.499999 0.706167 0.501327
vn -0.707107 0.576583 0.409332
vn -0.000000 0.813329 0.581804
vn 0.000000 0.815411 0.578882
vn 0.499996 0.704086 0.504249
vn 0.499999 0.706167 0.501327
vn 0.866020 0.405626 0.292364
vn 0.707106 0.576584 0.409332
vn 0.999994 -0.002077 0.002925
vn 0.965926 0.211044 0.149825
vn 0.965926 0.211044 0.149825
vn 0.965926 -0.211044 -0.149826
vn 0.081114 -0.685776 0.723279
vn 0.140493 -0.637355 0.757655
vn 0.000000 -0.578882 0.815411
vn -0.000000 -0.703498 0.710698
vn -0.081116 -0.685776 0.723279
vn -0.140497 -0.637355 0.757654
vn -0.162233 -0.571214 0.804609
vn -0.140498 -0.505071 0.851565
vn -0.081115 -0.456650 0.885941
vn 0.000001 -0.438929 0.898522
vn 0.081115 -0.456651 0.885941
vn 0.140497 -0.505071 0.851566
vn 0.162230 -0.571213 0.804610
vn 0.477292 -0.707729 0.520876
vn 0.125279 -0.737355 0.663786
vn 0.761251 -0.634385 0.134358
vn 0.439508 -0.896738 -0.051896
vn 0.347373 -0.906971 0.238192
vn -0.000001 -0.764728 0.644353
vn 0.000000 -0.940478 -0.339854
vn 0.000000 -0.982868 0.184309
vn 0.000000 -0.982868 0.184309
vn -0.275564 -0.872221 0.404097
vn -0.439507 -0.896739 -0.051895
vn -0.477291 -0.707729 0.520877
vn -0.761251 -0.634386 0.134358
vn -0.551129 -0.483031 0.680396
vn -0.963612 -0.154738 0.217966
vn -0.694743 -0.416366 0.586491
vn -0.477291 -0.258333 0.839915
vn -0.834512 0.238133 0.496872
vn -0.601665 -0.133116 0.787578
vn -0.275564 -0.093843 0.956691
vn -0.481806 0.525737 0.701045
vn -0.347371 0.074238 0.934785
vn 0.000000 -0.033635 0.999434
vn -0.000001 0.631007 0.775777
vn -0.000000 0.150134 0.988666
vn 0.275563 -0.093843 0.956692
vn 0.481803 0.525737 0.701047
vn 0.347369 0.074238 0.934785
vn 0.477290 -0.258333 0.839916
vn 0.834512 0.238132 0.496874
vn 0.601664 -0.133116 0.787579
vn 0.551129 -0.483030 0.680396
vn 0.963611 -0.154739 0.217966
vn 0.694744 -0.416365 0.586491
s off
g Boules
usemtl initialShadingGroup
f 1/83/1 2/84/2 14/85/3 13/86/4
f 2/84/5 3/88/6 15/89/7 14/85/8
f 3/88/9 4/94/10 16/95/11 15/89/12
f 4/94/13 5/99/14 17/100/15 16/95/16
f 5/99/17 6/106/18 18/107/19 17/100/20
f 6/106/21 7/114/22 19/115/23 18/107/24
f 7/114/25 8/117/26 20/118/27 19/115/28
f 8/117/29 9/112/30 21/113/31 20/118/32
f 9/112/33 10/104/34 22/105/35 21/113/36
f 10/104/37 11/97/38 23/98/39 22/105/40
f 11/97/41 12/92/42 24/93/43 23/98/44
f 12/92/45 1/83/46 13/86/47 24/93/48
f 13/86/49 14/85/50 26/90/51 25/91/52
f 14/85/53 15/89/54 27/96/55 26/90/56
f 15/89/57 16/95/58 28/101/59 27/96/60
f 16/95/61 17/100/62 29/108/63 28/101/64
f 17/13/65 18/14/66 30/6/67 29/5/68
f 18/14/69 19/23/70 31/15/71 30/6/72
f 19/115/73 20/118/74 32/121/75 31/122/76
f 20/118/77 21/113/78 33/116/79 32/121/80
f 21/113/81 22/105/82 34/111/83 33/116/84
f 22/105/85 23/98/86 35/110/87 34/111/88
f 23/54/89 24/55/90 36/47/91 35/46/92
f 24/55/93 13/64/94 25/56/95 36/47/96
f 25/56/97 26/65/98 38/58/99 37/48/100
f 26/90/101 27/96/102 39/102/103 38/103/104
f 27/96/105 28/101/106 40/109/107 39/102/108
f 28/16/109 29/5/110 41/1/111 40/11/112
f 29/5/113 30/6/114 42/2/115 41/1/116
f 30/6/117 31/15/118 43/7/119 42/2/120
f 31/15/121 32/24/122 44/17/123 43/7/124
f 32/121/125 33/116/126 45/120/127 44/123/128
f 33/116/129 34/111/130 46/119/131 45/120/132
f 34/57/133 35/46/134 47/42/135 46/52/136
f 35/46/137 36/47/138 48/43/139 47/42/140
f 36/47/141 25/56/142 37/48/143 48/43/144
f 37/48/145 38/58/146 50/59/147 49/49/148
f 38/165/149 39/166/150 51/167/151 50/168/152
f 39/166/153 40/169/154 52/170/155 51/167/156
f 40/11/157 41/1/158 53/4/159 52/12/160
f 41/1/161 42/2/162 54/3/163 53/4/164
f 42/2/165 43/7/166 55/8/167 54/3/168
f 43/7/169 44/17/170 56/18/171 55/8/172
f 44/180/173 45/181/174 57/182/175 56/183/176
f 45/181/177 46/184/178 58/185/179 57/182/180
f 46/52/181 47/42/182 59/45/183 58/53/184
f 47/42/185 48/43/186 60/44/187 59/45/188
f 48/43/189 37/48/190 49/49/191 60/44/192
f 49/49/193 50/59/194 62/66/195 61/60/196
f 50/168/197 51/167/198 63/171/199 62/172/200
f 51/167/201 52/170/202 64/173/203 63/171/204
f 52/12/205 53/4/206 65/10/207 64/22/208
f 53/4/209 54/3/210 66/9/211 65/10/212
f 54/3/213 55/8/214 67/19/215 66/9/216
f 55/8/217 56/18/218 68/25/219 67/19/220
f 56/183/221 57/182/222 69/186/223 68/187/224
f 57/182/225 58/185/226 70/188/227 69/186/228
f 58/53/229 59/45/230 71/51/231 70/63/232
f 59/45/233 60/44/234 72/50/235 71/51/236
f 60/44/237 49/49/238 61/60/239 72/50/240
f 61/60/241 62/66/242 74/71/243 73/67/244
f 62/172/245 63/171/246 75/174/247 74/175/248
f 63/171/249 64/173/250 76/176/251 75/174/252
f 64/22/253 65/10/254 77/21/255 76/29/256
f 65/10/257 66/9/258 78/20/259 77/21/260
f 66/9/261 67/19/262 79/26/263 78/20/264
f 67/19/265 68/25/266 80/30/267 79/26/268
f 68/187/269 69/186/270 81/189/271 80/190/272
f 69/186/273 70/188/274 82/191/275 81/189/276
f 70/63/277 71/51/278 83/62/279 82/70/280
f 71/51/281 72/50/282 84/61/283 83/62/284
f 72/50/285 61/60/286 73/67/287 84/61/288
f 73/67/289 74/71/290 86/76/291 85/72/292
f 74/175/293 75/174/294 87/177/295 86/178/296
f 75/174/297 76/176/298 88/179/299 87/177/300
f 76/29/301 77/21/302 89/28/303 88/34/304
f 77/21/305 78/20/306 90/27/307 89/28/308
f 78/20/309 79/26/310 91/31/311 90/27/312
f 79/26/313 80/30/314 92/35/315 91/31/316
f 80/190/317 81/189/318 93/192/319 92/193/320
f 81/189/321 82/191/322 94/194/323 93/192/324
f 82/70/325 83/62/326 95/69/327 94/75/328
f 83/62/329 84/61/330 96/68/331 95/69/332
f 84/61/333 73/67/334 85/72/335 96/68/336
f 85/72/337 86/76/338 98/81/339 97/77/340
f 86/132/341 87/133/342 99/128/343 98/125/344
f 87/133/345 88/140/346 100/134/347 99/128/348
f 88/34/349 89/28/350 101/33/351 100/39/352
f 89/28/353 90/27/354 102/32/355 101/33/356
f 90/27/357 91/31/358 103/36/359 102/32/360
f 91/31/361 92/35/362 104/40/363 103/36/364
f 92/164/365 93/160/366 105/157/367 104/162/368
f 93/160/369 94/161/370 106/151/371 105/157/372
f 94/75/373 95/69/374 107/74/375 106/80/376
f 95/69/377 96/68/378 108/73/379 107/74/380
f 96/68/381 85/72/382 97/77/383 108/73/384
f 97/124/385 98/125/386 110/126/387 109/127/388
f 98/125/389 99/128/390 111/129/391 110/126/392
f 99/128/393 100/134/394 112/135/395 111/129/396
f 100/134/397 101/141/398 113/142/399 112/135/400
f 101/33/401 102/32/402 114/37/403 113/38/404
f 102/32/405 103/36/406 115/41/407 114/37/408
f 103/163/409 104/162/410 116/158/411 115/155/412
f 104/162/413 105/157/414 117/153/415 116/158/416
f 105/157/417 106/151/418 118/147/419 117/153/420
f 106/151/421 107/152/422 119/144/423 118/147/424
f 107/74/425 108/73/426 120/78/427 119/79/428
f 108/73/429 97/77/430 109/82/431 120/78/432
f 109/127/433 110/126/434 122/130/435 121/131/436
f 110/126/437 111/129/438 123/136/439 122/130/440
f 111/129/441 112/135/442 124/143/443 123/136/444
f 112/135/445 113/142/446 125/146/447 124/143/448
f 113/142/449 114/149/450 126/150/451 125/146/452
f 114/149/453 115/155/454 127/156/455 126/150/456
f 115/155/457 116/158/458 128/159/459 127/156/460
f 116/158/461 117/153/462 129/154/463 128/159/464
f 117/153/465 118/147/466 130/148/467 129/154/468
f 118/147/469 119/144/470 131/145/471 130/148/472
f 119/144/473 120/138/474 132/139/475 131/145/476
f 120/138/477 109/127/478 121/131/479 132/139/480
f 2/84/481 1/83/482 133/87/483
f 3/88/484 2/84/485 133/87/486
f 4/94/487 3/88/488 133/87/489
f 5/99/490 4/94/491 133/87/492
f 6/106/493 5/99/494 133/87/495
f 7/114/496 6/106/497 133/87/498
f 8/117/499 7/114/500 133/87/501
f 9/112/502 8/117/503 133/87/504
f 10/104/505 9/112/506 133/87/507
f 11/97/508 10/104/509 133/87/510
f 12/92/511 11/97/512 133/87/513
f 1/83/514 12/92/515 133/87/516
f 121/131/517 122/130/518 134/137/519
f 122/130/520 123/136/521 134/137/522
f 123/136/523 124/143/524 134/137/525
f 124/143/526 125/146/527 134/137/528
f 125/146/529 126/150/530 134/137/531
f 126/150/532 127/156/533 134/137/534
f 127/156/535 128/159/536 134/137/537
f 128/159/538 129/154/539 134/137/540
f 129/154/541 130/148/542 134/137/543
f 130/148/544 131/145/545 134/137/546
f 131/145/547 132/139/548 134/137/549
f 132/139/550 121/131/551 134/137/552
f 135/195/553 136/196/554 148/197/555 147/198/556
f 136/196/557 137/199/558 149/200/559 148/197/560
f 137/199/561 138/201/562 150/202/563 149/200/564
f 138/201/565 139/203/566 151/204/567 150/202/568
f 139/203/569 140/205/570 152/206/571 151/204/572
f 140/205/573 141/207/574 153/208/575 152/206/576
f 141/207/577 142/209/578 154/210/579 153/208/580
f 142/209/581 143/211/582 155/212/583 154/210/584
f 143/211/585 144/213/586 156/214/587 155/212/588
f 144/213/589 145/215/590 157/216/591 156/214/592
f 145/215/593 146/217/594 158/218/595 157/216/596
f 146/217/597 135/195/598 147/198/599 158/218/600
f 147/198/601 148/197/602 160/219/603 159/220/604
f 148/197/605 149/200/606 161/221/607 160/219/608
f 149/200/609 150/202/610 162/222/611 161/221/612
f 150/202/613 151/204/614 163/223/615 162/222/616
f 151/224/617 152/225/618 164/226/619 163/227/620
f 152/225/621 153/228/622 165/229/623 164/226/624
f 153/208/625 154/210/626 166/230/627 165/231/628
f 154/210/629 155/212/630 167/232/631 166/230/632
f 155/212/633 156/214/634 168/233/635 167/232/636
f 156/214/637 157/216/638 169/234/639 168/233/640
f 157/235/641 158/236/642 170/237/643 169/238/644
f 158/236/645 147/239/646 159/240/647 170/237/648
f 159/240/649 160/241/650 172/242/651 171/243/652
f 160/219/653 161/221/654 173/244/655 172/245/656
f 161/221/657 162/222/658 174/246/659 173/244/660
f 162/247/661 163/227/662 175/248/663 174/249/664
f 163/227/665 164/226/666 176/250/667 175/248/668
f 164/226/669 165/229/670 177/251/671 176/250/672
f 165/229/673 166/252/674 178/253/675 177/251/676
f 166/230/677 167/232/678 179/254/679 178/255/680
f 167/232/681 168/233/682 180/256/683 179/254/684
f 168/257/685 169/238/686 181/258/687 180/259/688
f 169/238/689 170/237/690 182/260/691 181/258/692
f 170/237/693 159/240/694 171/243/695 182/260/696
f 171/243/697 172/242/698 184/261/699 183/262/700
f 172/263/701 173/264/702 185/265/703 184/266/704
f 173/264/705 174/267/706 186/268/707 185/265/708
f 174/249/709 175/248/710 187/269/711 186/270/712
f 175/248/713 176/250/714 188/271/715 187/269/716
f 176/250/717 177/251/718 189/272/719 188/271/720
f 177/251/721 178/253/722 190/273/723 189/272/724
f 178/274/725 179/275/726 191/276/727 190/277/728
f 179/275/729 180/278/730 192/279/731 191/276/732
f 180/259/733 181/258/734 193/280/735 192/281/736
f 181/258/737 182/260/738 194/282/739 193/280/740
f 182/260/741 171/243/742 183/262/743 194/282/744
f 183/262/745 184/261/746 196/283/747 195/284/748
f 184/266/749 185/265/750 197/285/751 196/286/752
f 185/265/753 186/268/754 198/287/755 197/285/756
f 186/270/757 187/269/758 199/288/759 198/289/760
f 187/269/761 188/271/762 200/290/763 199/288/764
f 188/271/765 189/272/766 201/291/767 200/290/768
f 189/272/769 190/273/770 202/292/771 201/291/772
f 190/277/773 191/276/774 203/293/775 202/294/776
f 191/276/777 192/279/778 204/295/779 203/293/780
f 192/281/781 193/280/782 205/296/783 204/297/784
f 193/280/785 194/282/786 206/298/787 205/296/788
f 194/282/789 183/262/790 195/284/791 206/298/792
f 195/284/793 196/283/794 208/299/795 207/300/796
f 196/286/797 197/285/798 209/301/799 208/302/800
f 197/285/801 198/287/802 210/303/803 209/301/804
f 198/289/805 199/288/806 211/304/807 210/305/808
f 199/288/809 200/290/810 212/306/811 211/304/812
f 200/290/813 201/291/814 213/307/815 212/306/816
f 201/291/817 202/292/818 214/308/819 213/307/820
f 202/294/821 203/293/822 215/309/823 214/310/824
f 203/293/825 204/295/826 216/311/827 215/309/828
f 204/297/829 205/296/830 217/312/831 216/313/832
f 205/296/833 206/298/834 218/314/835 217/312/836
f 206/298/837 195/284/838 207/300/839 218/314/840
f 207/300/841 208/299/842 220/315/843 219/316/844
f 208/302/845 209/301/846 221/317/847 220/318/848
f 209/301/849 210/303/850 222/319/851 221/317/852
f 210/305/853 211/304/854 223/320/855 222/321/856
f 211/304/857 212/306/858 224/322/859 223/320/860
f 212/306/861 213/307/862 225/323/863 224/322/864
f 213/307/865 214/308/866 226/324/867 225/323/868
f 214/310/869 215/309/870 227/325/871 226/326/872
f 215/309/873 216/311/874 228/327/875 227/325/876
f 216/313/877 217/312/878 229/328/879 228/329/880
f 217/312/881 218/314/882 230/330/883 229/328/884
f 218/314/885 207/300/886 219/316/887 230/330/888
f 219/316/889 220/315/890 232/331/891 231/332/892
f 220/333/893 221/334/894 233/335/895 232/336/896
f 221/334/897 222/337/898 234/338/899 233/335/900
f 222/321/901 223/320/902 235/339/903 234/340/904
f 223/320/905 224/322/906 236/341/907 235/339/908
f 224/322/909 225/323/910 237/342/911 236/341/912
f 225/323/913 226/324/914 238/343/915 237/342/916
f 226/344/917 227/345/918 239/346/919 238/347/920
f 227/345/921 228/348/922 240/349/923 239/346/924
f 228/329/925 229/328/926 241/350/927 240/351/928
f 229/328/929 230/330/930 242/352/931 241/350/932
f 230/330/933 219/316/934 231/332/935 242/352/936
f 231/353/937 232/336/938 244/354/939 243/355/940
f 232/336/941 233/335/942 245/356/943 244/354/944
f 233/335/945 234/338/946 246/357/947 245/356/948
f 234/338/949 235/358/950 247/359/951 246/357/952
f 235/339/953 236/341/954 248/360/955 247/361/956
f 236/341/957 237/342/958 249/362/959 248/360/960
f 237/363/961 238/347/962 250/364/963 249/365/964
f 238/347/965 239/346/966 251/366/967 250/364/968
f 239/346/969 240/349/970 252/367/971 251/366/972
f 240/349/973 241/368/974 253/369/975 252/367/976
f 241/350/977 242/352/978 254/370/979 253/371/980
f 242/352/981 231/332/982 243/372/983 254/370/984
f 243/355/985 244/354/986 256/373/987 255/374/988
f 244/354/989 245/356/990 257/375/991 256/373/992
f 245/356/993 246/357/994 258/376/995 257/375/996
f 246/357/997 247/359/998 259/377/999 258/376/1000
f 247/359/1001 248/378/1002 260/379/1003 259/377/1004
f 248/378/1005 249/365/1006 261/380/1007 260/379/1008
f 249/365/1009 250/364/1010 262/381/1011 261/380/1012
f 250/364/1013 251/366/1014 263/382/1015 262/381/1016
f 251/366/1017 252/367/1018 264/383/1019 263/382/1020
f 252/367/1021 253/369/1022 265/384/1023 264/383/1024
f 253/369/1025 254/385/1026 266/386/1027 265/384/1028
f 254/385/1029 243/355/1030 255/374/1031 266/386/1032
f 136/196/1033 135/195/1034 267/387/1035
f 137/199/1036 136/196/1037 267/387/1038
f 138/201/1039 137/199/1040 267/387/1041
f 139/203/1042 138/201/1043 267/387/1044
f 140/205/1045 139/203/1046 267/387/1047
f 141/207/1048 140/205/1049 267/387/1050
f 142/209/1051 141/207/1052 267/387/1053
f 143/211/1054 142/209/1055 267/387/1056
f 144/213/1057 143/211/1058 267/387/1059
f 145/215/1060 144/213/1061 267/387/1062
f 146/217/1063 145/215/1064 267/387/1065
f 135/195/1066 146/217/1067 267/387/1068
f 255/374/1069 256/373/1070 268/388/1071
f 256/373/1072 257/375/1073 268/388/1074
f 257/375/1075 258/376/1076 268/388/1077
f 258/376/1078 259/377/1079 268/388/1080
f 259/377/1081 260/379/1082 268/388/1083
f 260/379/1084 261/380/1085 268/388/1086
f 261/380/1087 262/381/1088 268/388/1089
f 262/381/1090 263/382/1091 268/388/1092
f 263/382/1093 264/383/1094 268/388/1095
f 264/383/1096 265/384/1097 268/388/1098
f 265/384/1099 266/386/1100 268/388/1101
f 266/386/1102 255/374/1103 268/388/1104
f 269/389/1105 270/390/1106 282/391/1107 281/392/1108
f 270/390/1109 271/393/1110 283/394/1111 282/391/1112
f 271/393/1113 272/395/1114 284/396/1115 283/394/1116
f 272/395/1117 273/397/1118 285/398/1119 284/396/1120
f 273/397/1121 274/399/1122 286/400/1123 285/398/1124
f 274/399/1125 275/401/1126 287/402/1127 286/400/1128
f 275/401/1129 276/403/1130 288/404/1131 287/402/1132
f 276/403/1133 277/405/1134 289/406/1135 288/404/1136
f 277/405/1137 278/407/1138 290/408/1139 289/406/1140
f 278/407/1141 279/409/1142 291/410/1143 290/408/1144
f 279/409/1145 280/411/1146 292/412/1147 291/410/1148
f 280/411/1149 269/389/1150 281/392/1151 292/412/1152
f 281/392/1153 282/391/1154 294/413/1155 293/414/1156
f 282/391/1157 283/394/1158 295/415/1159 294/413/1160
f 283/394/1161 284/396/1162 296/416/1163 295/415/1164
f 284/396/1165 285/398/1166 297/417/1167 296/416/1168
f 285/418/1169 286/419/1170 298/420/1171 297/421/1172
f 286/419/1173 287/422/1174 299/423/1175 298/420/1176
f 287/402/1177 288/404/1178 300/424/1179 299/425/1180
f 288/404/1181 289/406/1182 301/426/1183 300/424/1184
f 289/406/1185 290/408/1186 302/427/1187 301/426/1188
f 290/408/1189 291/410/1190 303/428/1191 302/427/1192
f 291/429/1193 292/430/1194 304/431/1195 303/432/1196
f 292/430/1197 281/433/1198 293/434/1199 304/431/1200
f 293/434/1201 294/435/1202 306/436/1203 305/437/1204
f 294/413/1205 295/415/1206 307/438/1207 306/439/1208
f 295/415/1209 296/416/1210 308/440/1211 307/438/1212
f 296/441/1213 297/421/1214 309/442/1215 308/443/1216
f 297/421/1217 298/420/1218 310/444/1219 309/442/1220
f 298/420/1221 299/423/1222 311/445/1223 310/444/1224
f 299/423/1225 300/446/1226 312/447/1227 311/445/1228
f 300/424/1229 301/426/1230 313/448/1231 312/449/1232
f 301/426/1233 302/427/1234 314/450/1235 313/448/1236
f 302/451/1237 303/432/1238 315/452/1239 314/453/1240
f 303/432/1241 304/431/1242 316/454/1243 315/452/1244
f 304/431/1245 293/434/1246 305/437/1247 316/454/1248
f 305/437/1249 306/436/1250 318/455/1251 317/456/1252
f 306/457/1253 307/458/1254 319/459/1255 318/460/1256
f 307/458/1257 308/461/1258 320/462/1259 319/459/1260
f 308/443/1261 309/442/1262 321/463/1263 320/464/1264
f 309/442/1265 310/444/1266 322/465/1267 321/463/1268
f 310/444/1269 311/445/1270 323/466/1271 322/465/1272
f 311/445/1273 312/447/1274 324/467/1275 323/466/1276
f 312/468/1277 313/469/1278 325/470/1279 324/471/1280
f 313/469/1281 314/472/1282 326/473/1283 325/470/1284
f 314/453/1285 315/452/1286 327/474/1287 326/475/1288
f 315/452/1289 316/454/1290 328/476/1291 327/474/1292
f 316/454/1293 305/437/1294 317/456/1295 328/476/1296
f 317/456/1297 318/455/1298 330/477/1299 329/478/1300
f 318/460/1301 319/459/1302 331/479/1303 330/480/1304
f 319/459/1305 320/462/1306 332/481/1307 331/479/1308
f 320/464/1309 321/463/1310 333/482/1311 332/483/1312
f 321/463/1313 322/465/1314 334/484/1315 333/482/1316
f 322/465/1317 323/466/1318 335/485/1319 334/484/1320
f 323/466/1321 324/467/1322 336/486/1323 335/485/1324
f 324/471/1325 325/470/1326 337/487/1327 336/488/1328
f 325/470/1329 326/473/1330 338/489/1331 337/487/1332
f 326/475/1333 327/474/1334 339/490/1335 338/491/1336
f 327/474/1337 328/476/1338 340/492/1339 339/490/1340
f 328/476/1341 317/456/1342 329/478/1343 340/492/1344
f 329/478/1345 330/477/1346 342/493/1347 341/494/1348
f 330/480/1349 331/479/1350 343/495/1351 342/496/1352
f 331/479/1353 332/481/1354 344/497/1355 343/495/1356
f 332/483/1357 333/482/1358 345/498/1359 344/499/1360
f 333/482/1361 334/484/1362 346/500/1363 345/498/1364
f 334/484/1365 335/485/1366 347/501/1367 346/500/1368
f 335/485/1369 336/486/1370 348/502/1371 347/501/1372
f 336/488/1373 337/487/1374 349/503/1375 348/504/1376
f 337/487/1377 338/489/1378 350/505/1379 349/503/1380
f 338/491/1381 339/490/1382 351/506/1383 350/507/1384
f 339/490/1385 340/492/1386 352/508/1387 351/506/1388
f 340/492/1389 329/478/1390 341/494/1391 352/508/1392
f 341/494/1393 342/493/1394 354/509/1395 353/510/1396
f 342/496/1397 343/495/1398 355/511/1399 354/512/1400
f 343/495/1401 344/497/1402 356/513/1403 355/511/1404
f 344/499/1405 345/498/1406 357/514/1407 356/515/1408
f 345/498/1409 346/500/1410 358/516/1411 357/514/1412
f 346/500/1413 347/501/1414 359/517/1415 358/516/1416
f 347/501/1417 348/502/1418 360/518/1419 359/517/1420
f 348/504/1421 349/503/1422 361/519/1423 360/520/1424
f 349/503/1425 350/505/1426 362/521/1427 361/519/1428
f 350/507/1429 351/506/1430 363/522/1431 362/523/1432
f 351/506/1433 352/508/1434 364/524/1435 363/522/1436
f 352/508/1437 341/494/1438 353/510/1439 364/524/1440
f 353/510/1441 354/509/1442 366/525/1443 365/526/1444
f 354/527/1445 355/528/1446 367/529/1447 366/530/1448
f 355/528/1449 356/531/1450 368/532/1451 367/529/1452
f 356/515/1453 357/514/1454 369/533/1455 368/534/1456
f 357/514/1457 358/516/1458 370/535/1459 369/533/1460
f 358/516/1461 359/517/1462 371/536/1463 370/535/1464
f 359/517/1465 360/518/1466 372/537/1467 371/536/1468
f 360/538/1469 361/539/1470 373/540/1471 372/541/1472
f 361/539/1473 362/542/1474 374/543/1475 373/540/1476
f 362/523/1477 363/522/1478 375/544/1479 374/545/1480
f 363/522/1481 364/524/1482 376/546/1483 375/544/1484
f 364/524/1485 353/510/1486 365/526/1487 376/546/1488
f 365/547/1489 366/530/1490 378/548/1491 377/549/1492
f 366/530/1493 367/529/1494 379/550/1495 378/548/1496
f 367/529/1497 368/532/1498 380/551/1499 379/550/1500
f 368/532/1501 369/552/1502 381/553/1503 380/551/1504
f 369/533/1505 370/535/1506 382/554/1507 381/555/1508
f 370/535/1509 371/536/1510 383/556/1511 382/554/1512
f 371/557/1513 372/541/1514 384/558/1515 383/559/1516
f 372/541/1517 373/540/1518 385/560/1519 384/558/1520
f 373/540/1521 374/543/1522 386/561/1523 385/560/1524
f 374/543/1525 375/562/1526 387/563/1527 386/561/1528
f 375/544/1529 376/546/1530 388/564/1531 387/565/1532
f 376/546/1533 365/526/1534 377/566/1535 388/564/1536
f 377/549/1537 378/548/1538 390/567/1539 389/568/1540
f 378/548/1541 379/550/1542 391/569/1543 390/567/1544
f 379/550/1545 380/551/1546 392/570/1547 391/569/1548
f 380/551/1549 381/553/1550 393/571/1551 392/570/1552
f 381/553/1553 382/572/1554 394/573/1555 393/571/1556
f 382/572/1557 383/559/1558 395/574/1559 394/573/1560
f 383/559/1561 384/558/1562 396/575/1563 395/574/1564
f 384/558/1565 385/560/1566 397/576/1567 396/575/1568
f 385/560/1569 386/561/1570 398/577/1571 397/576/1572
f 386/561/1573 387/563/1574 399/578/1575 398/577/1576
f 387/563/1577 388/579/1578 400/580/1579 399/578/1580
f 388/579/1581 377/549/1582 389/568/1583 400/580/1584
f 270/390/1585 269/389/1586 401/581/1587
f 271/393/1588 270/390/1589 401/581/1590
f 272/395/1591 271/393/1592 401/581/1593
f 273/397/1594 272/395/1595 401/581/1596
f 274/399/1597 273/397/1598 401/581/1599
f 275/401/1600 274/399/1601 401/581/1602
f 276/403/1603 275/401/1604 401/581/1605
f 277/405/1606 276/403/1607 401/581/1608
f 278/407/1609 277/405/1610 401/581/1611
f 279/409/1612 278/407/1613 401/581/1614
f 280/411/1615 279/409/1616 401/581/1617
f 269/389/1618 280/411/1619 401/581/1620
f 389/568/1621 390/567/1622 402/582/1623
f 390/567/1624 391/569/1625 402/582/1626
f 391/569/1627 392/570/1628 402/582/1629
f 392/570/1630 393/571/1631 402/582/1632
f 393/571/1633 394/573/1634 402/582/1635
f 394/573/1636 395/574/1637 402/582/1638
f 395/574/1639 396/575/1640 402/582/1641
f 396/575/1642 397/576/1643 402/582/1644
f 397/576/1645 398/577/1646 402/582/1647
f 398/577/1648 399/578/1649 402/582/1650
f 399/578/1651 400/580/1652 402/582/1653
f 400/580/1654 389/568/1655 402/582/1656
s 1
f 403/583/1657 404/584/1658 416/585/1659
f 404/584/1658 405/586/1660 416/585/1659
f 405/586/1660 406/587/1661 416/585/1659
f 406/587/1661 407/588/1662 416/585/1659
f 407/588/1662 408/589/1663 416/585/1659
f 408/589/1663 409/590/1664 416/585/1659
f 409/590/1664 410/591/1665 416/585/1659
f 410/591/1665 411/592/1666 416/585/1659
f 411/592/1666 412/593/1667 416/585/1659
f 412/593/1667 413/594/1668 416/585/1659
f 413/594/1668 414/595/1669 416/585/1659
f 414/595/1669 403/583/1657 416/585/1659
s 2
f 417/596/1670 421/597/1671 404/598/1672 403/599/1673
f 421/600/1671 425/601/1674 405/602/1675 404/603/1676
f 425/601/1674 429/604/1677 406/605/1678 405/602/1675
f 429/606/1677 433/607/1679 407/608/1680 406/609/1681
f 433/607/1679 437/610/1682 408/611/1683 407/608/1680
f 437/610/1682 441/612/1684 409/613/1685 408/611/1686
f 441/612/1684 445/614/1687 410/615/1688 409/613/1689
f 445/616/1687 449/617/1690 411/618/1691 410/619/1688
f 449/617/1690 453/620/1692 412/621/1693 411/618/1691
f 453/622/1692 457/623/1694 413/624/1695 412/625/1693
f 457/623/1694 461/626/1696 414/627/1697 413/624/1698
f 461/626/1696 417/596/1670 403/599/1673 414/627/1699
f 424/628/1700 420/629/1701 415/630/1702
f 428/631/1703 424/628/1700 415/630/1702
f 432/632/1704 428/631/1703 415/630/1702
f 436/633/1705 432/632/1704 415/630/1702
f 440/634/1706 436/633/1705 415/630/1702
f 444/635/1707 440/634/1706 415/630/1702
f 448/636/1708 444/635/1707 415/630/1702
f 452/637/1709 448/636/1708 415/630/1702
f 456/638/1710 452/637/1709 415/630/1702
f 460/639/1711 456/638/1710 415/630/1702
f 464/640/1712 460/639/1711 415/630/1702
f 420/629/1701 464/640/1712 415/630/1702
f 419/641/1713 420/629/1701 424/628/1700 423/642/1714
f 417/643/1670 418/644/1715 422/645/1716 421/646/1671
f 418/644/1715 419/641/1713 423/642/1717 422/645/1716
f 423/642/1714 424/628/1700 428/631/1703 427/647/1718
f 421/646/1671 422/645/1716 426/648/1719 425/649/1674
f 422/645/1716 423/642/1717 427/647/1720 426/648/1721
f 427/647/1718 428/631/1703 432/632/1704 431/650/1722
f 425/649/1674 426/648/1719 430/651/1723 429/652/1677
f 426/648/1721 427/647/1720 431/650/1722 430/651/1723
f 431/650/1722 432/632/1704 436/633/1705 435/653/1724
f 429/652/1677 430/651/1723 434/654/1725 433/655/1679
f 430/651/1723 431/650/1722 435/653/1724 434/654/1725
f 435/653/1724 436/633/1705 440/634/1706 439/656/1726
f 433/655/1679 434/654/1725 438/657/1727 437/658/1682
f 434/654/1725 435/653/1724 439/656/1726 438/657/1728
f 439/656/1726 440/634/1706 444/635/1707 443/659/1729
f 437/658/1682 438/657/1727 442/660/1730 441/661/1684
f 438/657/1728 439/656/1726 443/659/1729 442/660/1731
f 443/659/1729 444/635/1707 448/636/1708 447/662/1732
f 441/661/1684 442/660/1730 446/663/1733 445/664/1687
f 442/660/1731 443/659/1729 447/662/1732 446/663/1734
f 447/662/1732 448/636/1708 452/637/1709 451/665/1735
f 445/664/1687 446/663/1733 450/666/1736 449/667/1690
f 446/663/1734 447/662/1732 451/665/1735 450/666/1737
f 451/665/1735 452/637/1709 456/638/1710 455/668/1738
f 449/667/1690 450/666/1736 454/669/1739 453/670/1692
f 450/666/1737 451/665/1735 455/668/1738 454/669/1740
f 455/668/1738 456/638/1710 460/639/1711 459/671/1741
f 453/670/1692 454/669/1739 458/672/1742 457/673/1694
f 454/669/1740 455/668/1738 459/671/1741 458/672/1743
f 459/671/1741 460/639/1711 464/640/1712 463/674/1744
f 457/673/1694 458/672/1742 462/675/1745 461/676/1696
f 458/672/1743 459/671/1741 463/674/1744 462/675/1746
f 420/629/1701 419/641/1713 463/674/1744 464/640/1712
f 419/641/1713 418/644/1715 462/675/1746 463/674/1744
f 418/644/1715 417/643/1670 461/676/1696 462/675/1745
