# This file uses centimeters as units for non-parametric coordinates.

mtllib Gachapon.mtl
g default
v 1.703452 0.201445 0.591477
v 1.711613 0.198819 0.593629
v 1.711888 0.206130 0.598091
v 1.712170 0.214647 0.595618
v 1.703613 0.212564 0.592944
v 1.700071 0.207806 0.586306
v 1.831738 0.201445 0.591477
v 1.835118 0.207806 0.586306
v 1.831737 0.212336 0.593141
v 1.823576 0.214214 0.595968
v 1.823577 0.206001 0.598192
v 1.823576 0.198819 0.593629
v 1.703452 0.769167 0.220617
v 1.711613 0.771074 0.223427
v 1.711898 0.776175 0.216546
v 1.712170 0.774478 0.207842
v 1.703613 0.771628 0.209675
v 1.700071 0.764589 0.213817
v 1.831738 0.769167 0.220617
v 1.835118 0.764589 0.213817
v 1.831737 0.771803 0.209920
v 1.823576 0.774788 0.208305
v 1.823585 0.776264 0.216684
v 1.823576 0.771074 0.223427
v 1.703452 0.679105 0.085996
v 1.700071 0.683644 0.092823
v 1.703452 0.689999 0.087642
v 1.711613 0.692631 0.085500
v 1.711604 0.685449 0.080937
v 1.711613 0.677236 0.083161
v 1.831738 0.679105 0.085996
v 1.823576 0.677236 0.083161
v 1.823292 0.685543 0.081072
v 1.823020 0.692941 0.085963
v 1.831576 0.690158 0.087898
v 1.835118 0.683644 0.092823
v 1.703452 0.122283 0.458512
v 1.711613 0.120376 0.455702
v 1.711898 0.115274 0.462582
v 1.712170 0.116972 0.471287
v 1.703613 0.119822 0.469454
v 1.700071 0.126861 0.465312
v 1.831738 0.122283 0.458512
v 1.835118 0.126861 0.465312
v 1.831737 0.119647 0.469209
v 1.823576 0.116662 0.470824
v 1.823577 0.115186 0.462445
v 1.823576 0.120376 0.455702
v 1.754650 0.340529 0.493895
v 1.754642 0.346879 0.488768
v 1.746486 0.345009 0.485928
v 1.743107 0.340465 0.479090
v 1.743107 0.334097 0.484252
v 1.743107 0.327730 0.489413
v 1.746490 0.332286 0.496210
v 1.754657 0.334178 0.499022
v 1.866612 0.340529 0.493895
v 1.866604 0.334178 0.499022
v 1.874771 0.332288 0.496210
v 1.878154 0.327734 0.489415
v 1.878154 0.334099 0.484255
v 1.878154 0.340465 0.479095
v 1.874776 0.345009 0.485929
v 1.866619 0.346879 0.488768
v 1.754650 0.550921 0.185234
v 1.754642 0.544571 0.190361
v 1.746486 0.546441 0.193201
v 1.743107 0.550985 0.200039
v 1.743107 0.557353 0.194877
v 1.743107 0.563720 0.189716
v 1.746490 0.559163 0.182919
v 1.754657 0.557272 0.180107
v 1.866612 0.550921 0.185234
v 1.866604 0.557272 0.180107
v 1.874771 0.559161 0.182919
v 1.878154 0.563716 0.189714
v 1.878154 0.557350 0.194874
v 1.878154 0.550985 0.200034
v 1.874776 0.546441 0.193199
v 1.866619 0.544571 0.190361
v 1.757528 0.467652 0.387018
v 1.765690 0.469540 0.389839
v 1.765690 0.476121 0.384999
v 1.765690 0.483106 0.380763
v 1.757528 0.481219 0.377942
v 1.754148 0.476663 0.371132
v 1.754148 0.469678 0.375368
v 1.754148 0.463096 0.380208
v 1.754650 0.628521 0.301227
v 1.754657 0.635684 0.297314
v 1.746490 0.633805 0.294494
v 1.743107 0.629263 0.287691
v 1.743107 0.622064 0.291606
v 1.743107 0.614865 0.295520
v 1.746486 0.619449 0.302328
v 1.754642 0.621359 0.305141
v 1.757528 0.423797 0.292111
v 1.765690 0.421910 0.289290
v 1.765690 0.415329 0.294130
v 1.765690 0.408344 0.298366
v 1.757528 0.410231 0.301187
v 1.754148 0.414787 0.307997
v 1.754148 0.421772 0.303761
v 1.754148 0.428354 0.298921
v 1.754650 0.262929 0.377901
v 1.754657 0.255766 0.381815
v 1.746490 0.257644 0.384635
v 1.743107 0.262187 0.391438
v 1.743107 0.269386 0.387523
v 1.743107 0.276585 0.383609
v 1.746486 0.272001 0.376801
v 1.754642 0.270091 0.373988
v 1.885814 0.423797 0.292111
v 1.889195 0.428354 0.298921
v 1.889195 0.421772 0.303761
v 1.889195 0.414787 0.307997
v 1.885814 0.410231 0.301187
v 1.877653 0.408344 0.298366
v 1.877653 0.415329 0.294130
v 1.877653 0.421910 0.289290
v 1.878154 0.269386 0.387526
v 1.878154 0.262187 0.391442
v 1.874771 0.257644 0.384637
v 1.866604 0.255766 0.381815
v 1.866612 0.262929 0.377901
v 1.866619 0.270091 0.373988
v 1.874776 0.272001 0.376800
v 1.878154 0.276585 0.383609
v 1.885814 0.467652 0.387018
v 1.889195 0.463096 0.380208
v 1.889195 0.469678 0.375368
v 1.889195 0.476663 0.371132
v 1.885814 0.481219 0.377942
v 1.877653 0.483106 0.380763
v 1.877653 0.476121 0.384999
v 1.877653 0.469540 0.389839
v 1.878154 0.622064 0.291603
v 1.878154 0.629263 0.287687
v 1.874771 0.633806 0.294492
v 1.866604 0.635684 0.297314
v 1.866612 0.628521 0.301227
v 1.866619 0.621359 0.305141
v 1.874776 0.619449 0.302328
v 1.878154 0.614865 0.295520
v 1.705067 0.206423 0.595943
v 1.830238 0.206327 0.596025
v 1.705071 0.774062 0.216061
v 1.830240 0.774136 0.216164
v 1.704949 0.685118 0.083103
v 1.830118 0.685185 0.083210
v 1.705071 0.117388 0.463068
v 1.830238 0.117314 0.462965
v 1.746488 0.338648 0.491069
v 1.874774 0.338649 0.491070
v 1.746488 0.552802 0.188060
v 1.874774 0.552801 0.188059
v 1.757528 0.474234 0.382178
v 1.746488 0.626627 0.298411
v 1.757528 0.417216 0.296951
v 1.746488 0.264823 0.380718
v 1.885814 0.417216 0.296951
v 1.874774 0.264822 0.380719
v 1.885814 0.474233 0.382178
v 1.874774 0.626627 0.298410
v 1.588192 0.040961 0.207405
v 1.588192 0.101542 0.088509
v 1.588192 0.195898 -0.005848
v 1.588192 0.314795 -0.066429
v 1.588192 0.446592 -0.087303
v 1.588192 0.578390 -0.066429
v 1.588192 0.697286 -0.005848
v 1.588192 0.791642 0.088509
v 1.588192 0.852223 0.207405
v 1.588192 0.873098 0.339202
v 1.588192 0.852223 0.471000
v 1.588192 0.791642 0.589896
v 1.588192 0.697286 0.684253
v 1.588192 0.578390 0.744833
v 1.588192 0.446592 0.765708
v 1.588192 0.314795 0.744833
v 1.588192 0.195898 0.684253
v 1.588192 0.101542 0.589896
v 1.588192 0.040961 0.471000
v 1.588192 0.020087 0.339202
v 1.807202 0.446592 0.339202
v 1.750345 0.351322 0.045992
v 1.750345 0.446592 0.030903
v 1.750345 0.541862 0.045992
v 1.750345 0.627806 0.089783
v 1.750345 0.696012 0.157988
v 1.750345 0.739803 0.243933
v 1.750345 0.754892 0.339202
v 1.750345 0.739803 0.434472
v 1.750345 0.696012 0.520416
v 1.750345 0.627806 0.588622
v 1.750345 0.541862 0.632413
v 1.750345 0.446592 0.647502
v 1.750345 0.351322 0.632413
v 1.750345 0.265378 0.588622
v 1.750345 0.197173 0.520416
v 1.750345 0.153382 0.434472
v 1.750345 0.138292 0.339202
v 1.750345 0.153381 0.243933
v 1.750345 0.197172 0.157988
v 1.750345 0.265378 0.089783
v 1.684494 0.040961 0.207405
v 1.704172 0.046968 0.209357
v 1.716677 0.062785 0.214496
v 1.684494 0.101542 0.088509
v 1.704172 0.106652 0.092221
v 1.716677 0.120107 0.101997
v 1.684494 0.195898 -0.005848
v 1.704172 0.199611 -0.000738
v 1.716677 0.209386 0.012717
v 1.684494 0.314795 -0.066429
v 1.704172 0.316746 -0.060421
v 1.716677 0.321886 -0.044604
v 1.684494 0.446592 -0.087303
v 1.704172 0.446592 -0.080987
v 1.716677 0.446592 -0.064356
v 1.684494 0.578390 -0.066429
v 1.704172 0.576438 -0.060421
v 1.716677 0.571298 -0.044604
v 1.684494 0.697286 -0.005848
v 1.704172 0.693573 -0.000738
v 1.716677 0.683798 0.012717
v 1.684494 0.791642 0.088509
v 1.704172 0.786532 0.092221
v 1.716677 0.773078 0.101997
v 1.684494 0.852223 0.207405
v 1.704172 0.846216 0.209357
v 1.716677 0.830399 0.214496
v 1.684494 0.873098 0.339202
v 1.704172 0.866781 0.339202
v 1.716677 0.850150 0.339202
v 1.684494 0.852223 0.471000
v 1.704172 0.846216 0.469048
v 1.716677 0.830399 0.463909
v 1.684494 0.791642 0.589896
v 1.704172 0.786532 0.586183
v 1.716677 0.773078 0.576408
v 1.684494 0.697286 0.684253
v 1.704172 0.693573 0.679142
v 1.716677 0.683798 0.665688
v 1.684494 0.578390 0.744833
v 1.704172 0.576438 0.738826
v 1.716677 0.571298 0.723009
v 1.684494 0.446592 0.765708
v 1.704172 0.446592 0.759391
v 1.716677 0.446592 0.742760
v 1.684494 0.314795 0.744833
v 1.704172 0.316747 0.738826
v 1.716677 0.321886 0.723009
v 1.684494 0.195898 0.684253
v 1.704172 0.199611 0.679142
v 1.716677 0.209387 0.665688
v 1.684494 0.101542 0.589896
v 1.704172 0.106652 0.586183
v 1.716677 0.120107 0.576408
v 1.684494 0.040961 0.471000
v 1.704172 0.046969 0.469048
v 1.716677 0.062786 0.463909
v 1.684494 0.020087 0.339202
v 1.704172 0.026403 0.339202
v 1.716677 0.043034 0.339202
vt 0.789005 0.635418
vt 0.800724 0.635409
vt 0.780720 0.690632
vt 0.769025 0.690632
vt 0.790075 0.632546
vt 0.801774 0.632543
vt 0.768506 0.693504
vt 0.780201 0.693504
vt 0.625027 0.635417
vt 0.645013 0.690632
vt 0.623958 0.632546
vt 0.791144 0.629674
vt 0.802824 0.629677
vt 0.645531 0.693504
vt 0.780720 0.696376
vt 0.769025 0.696376
vt 0.633317 0.690632
vt 0.613312 0.635409
vt 0.612262 0.632543
vt 0.622888 0.629675
vt 0.810914 0.575641
vt 0.822565 0.575734
vt 0.645013 0.696376
vt 0.633836 0.693504
vt 0.800725 0.751599
vt 0.789010 0.751590
vt 0.611212 0.629677
vt 0.603124 0.575641
vt 0.625032 0.751590
vt 0.633317 0.696376
vt 0.790080 0.754462
vt 0.801776 0.754465
vt 0.591423 0.575633
vt 0.623963 0.754462
vt 0.613314 0.751599
vt 0.802826 0.757331
vt 0.791150 0.757333
vt 0.612263 0.754465
vt 0.622893 0.757334
vt 0.822615 0.811375
vt 0.810914 0.811367
vt 0.611213 0.757331
vt 0.603124 0.811367
vt 0.591423 0.811375
vt 0.033585 0.824160
vt 0.032516 0.821291
vt 0.198524 0.821290
vt 0.197458 0.824160
vt 0.021877 0.824152
vt 0.020828 0.821288
vt 0.031447 0.818421
vt 0.199590 0.818420
vt 0.209165 0.824152
vt 0.210214 0.821288
vt 0.177486 0.879338
vt 0.053557 0.879338
vt 0.041869 0.879338
vt 0.019778 0.818424
vt 0.011696 0.764424
vt 0.219347 0.764424
vt 0.211262 0.818423
vt 0.189173 0.879338
vt 0.176967 0.882208
vt 0.054075 0.882208
vt 0.042388 0.882208
vt 0.000000 0.764412
vt 0.231040 0.764416
vt 0.188655 0.882208
vt 0.177486 0.885078
vt 0.053557 0.885078
vt 0.041869 0.885078
vt 0.189173 0.885078
vt 0.197458 0.940256
vt 0.033585 0.940256
vt 0.021877 0.940264
vt 0.209165 0.940264
vt 0.198527 0.943125
vt 0.032518 0.943125
vt 0.020829 0.943128
vt 0.210214 0.943128
vt 0.199595 0.945994
vt 0.031452 0.945995
vt 0.019780 0.945992
vt 0.211264 0.945992
vt 0.219347 0.999992
vt 0.011696 0.999992
vt 0.000003 1.000000
vt 0.231040 1.000000
vt 0.990578 0.533142
vt 0.990358 0.540043
vt 0.892239 0.539907
vt 0.892198 0.532672
vt 0.995774 0.532910
vt 0.994689 0.538677
vt 0.989850 0.542901
vt 0.892554 0.542901
vt 0.886732 0.532902
vt 0.887787 0.538674
vt 0.891826 0.438479
vt 0.990578 0.438479
vt 0.995782 0.438479
vt 0.997565 0.532672
vt 0.995306 0.539907
vt 0.887075 0.540043
vt 0.886622 0.438479
vt 0.884806 0.533142
vt 0.990358 0.431578
vt 0.892038 0.431579
vt 0.994700 0.432847
vt 0.997599 0.438479
vt 0.884806 0.438479
vt 0.887702 0.432847
vt 0.989850 0.428720
vt 0.892554 0.428720
vt 0.995330 0.431579
vt 0.887075 0.431578
vt 0.840965 0.646750
vt 0.835504 0.646980
vt 0.835395 0.552642
vt 0.840593 0.552650
vt 0.841006 0.653977
vt 0.836558 0.652746
vt 0.833580 0.647220
vt 0.833580 0.552650
vt 0.840805 0.545757
vt 0.836473 0.547021
vt 0.938876 0.553120
vt 0.939248 0.647220
vt 0.939037 0.654113
vt 0.841321 0.656969
vt 0.835847 0.654113
vt 0.835847 0.545756
vt 0.938836 0.545892
vt 0.841321 0.542901
vt 0.944447 0.647227
vt 0.944337 0.552890
vt 0.943368 0.652849
vt 0.938521 0.656969
vt 0.938521 0.542901
vt 0.943283 0.547124
vt 0.946262 0.647220
vt 0.946262 0.552650
vt 0.943994 0.654113
vt 0.943994 0.545756
vt 0.381863 0.657153
vt 0.381867 0.644158
vt 0.429529 0.575635
vt 0.429531 0.588639
vt 0.432053 0.588628
vt 0.432056 0.575632
vt 0.382036 0.834543
vt 0.429531 0.766892
vt 0.432053 0.766903
vt 0.434583 0.575628
vt 0.434576 0.588616
vt 0.381960 0.848168
vt 0.429528 0.779896
vt 0.432056 0.779899
vt 0.434576 0.766915
vt 0.483281 0.558052
vt 0.483281 0.571047
vt 0.434583 0.779902
vt 0.483281 0.749324
vt 0.485813 0.571047
vt 0.485813 0.558052
vt 0.483281 0.762319
vt 0.485813 0.749324
vt 0.488346 0.558052
vt 0.488346 0.571047
vt 0.485813 0.762319
vt 0.488346 0.749324
vt 0.537043 0.575628
vt 0.537050 0.588616
vt 0.488346 0.762319
vt 0.537050 0.766915
vt 0.539573 0.588628
vt 0.539571 0.575632
vt 0.537043 0.779902
vt 0.539573 0.766903
vt 0.542098 0.575635
vt 0.542095 0.588639
vt 0.539570 0.779899
vt 0.542095 0.766892
vt 0.589755 0.644157
vt 0.589763 0.657153
vt 0.542097 0.779896
vt 0.589763 0.835430
vt 0.589755 0.848425
vt 0.162990 0.573192
vt 0.162998 0.560196
vt 0.210656 0.491674
vt 0.210658 0.504678
vt 0.213181 0.504666
vt 0.213183 0.491670
vt 0.162990 0.751471
vt 0.210658 0.682932
vt 0.213181 0.682943
vt 0.215711 0.491667
vt 0.215703 0.504654
vt 0.162998 0.764466
vt 0.210656 0.695936
vt 0.213183 0.695939
vt 0.215703 0.682955
vt 0.264409 0.474090
vt 0.264409 0.487085
vt 0.215711 0.695943
vt 0.264409 0.665364
vt 0.266941 0.487085
vt 0.266941 0.474090
vt 0.264409 0.678360
vt 0.266941 0.665364
vt 0.269474 0.474090
vt 0.269474 0.487085
vt 0.266941 0.678360
vt 0.269474 0.665364
vt 0.318172 0.491667
vt 0.318179 0.504654
vt 0.269474 0.678360
vt 0.318179 0.682955
vt 0.320701 0.504666
vt 0.320699 0.491670
vt 0.318172 0.695943
vt 0.320701 0.682943
vt 0.323227 0.491674
vt 0.323224 0.504678
vt 0.320699 0.695939
vt 0.323224 0.682932
vt 0.370885 0.560196
vt 0.370892 0.573192
vt 0.323226 0.695936
vt 0.370892 0.751471
vt 0.370885 0.764466
vt 0.170493 0.444982
vt 0.203770 0.444982
vt 0.133604 0.600988
vt 0.230180 0.444982
vt 0.700393 0.149440
vt 0.668516 0.149440
vt 0.633180 0.000000
vt 0.633180 0.149440
vt 0.597844 0.149440
vt 0.565967 0.149440
vt 0.307127 0.444982
vt 0.333536 0.444982
vt 0.403703 0.600988
vt 0.366814 0.444982
vt 0.403703 0.444982
vt 0.440591 0.444982
vt 0.473869 0.444982
vt 0.500278 0.444982
vt 0.752242 0.426254
vt 0.784119 0.426254
vt 0.819455 0.575694
vt 0.819455 0.426254
vt 0.854791 0.426254
vt 0.886668 0.426254
vt 0.037028 0.444982
vt 0.063438 0.444982
vt 0.096715 0.444982
vt 0.133604 0.444982
vt 0.184636 0.000061
vt 0.230673 0.000061
vt 0.230673 0.264298
vt 0.184636 0.264298
vt 0.267208 0.000061
vt 0.267208 0.264298
vt 0.726163 0.575633
vt 0.682064 0.575633
vt 0.682064 0.322519
vt 0.726163 0.322519
vt 0.633180 0.575633
vt 0.633180 0.322519
vt 0.584296 0.575633
vt 0.584296 0.322519
vt 0.540197 0.575633
vt 0.540197 0.322519
vt 0.270099 0.000061
vt 0.306634 0.000061
vt 0.306634 0.264298
vt 0.270099 0.264298
vt 0.352670 0.000061
vt 0.352670 0.264298
vt 0.403703 0.000061
vt 0.403703 0.264298
vt 0.454735 0.000061
vt 0.454735 0.264298
vt 0.500771 0.000061
vt 0.500771 0.264298
vt 0.537306 0.000061
vt 0.537306 0.264298
vt 0.726472 0.000061
vt 0.770571 0.000061
vt 0.770571 0.253175
vt 0.726472 0.253175
vt 0.819455 0.000061
vt 0.819455 0.253175
vt 0.868339 0.000061
vt 0.868339 0.253175
vt 0.912438 0.000061
vt 0.912438 0.253175
vt 0.000000 0.000061
vt 0.036535 0.000061
vt 0.036535 0.264298
vt 0.000000 0.264298
vt 0.082572 0.000061
vt 0.082572 0.264298
vt 0.133604 0.000061
vt 0.133604 0.264298
vt 0.679434 0.237931
vt 0.633180 0.237931
vt 0.586926 0.237931
vt 0.545200 0.237931
vt 0.277287 0.352602
vt 0.311856 0.352602
vt 0.355416 0.352602
vt 0.403703 0.352602
vt 0.451989 0.352602
vt 0.495549 0.352602
vt 0.530118 0.352602
vt 0.731475 0.337763
vt 0.773201 0.337763
vt 0.819455 0.337763
vt 0.865709 0.337763
vt 0.907435 0.337763
vt 0.007188 0.352602
vt 0.041758 0.352602
vt 0.085317 0.352602
vt 0.133604 0.352602
vt 0.181890 0.352602
vt 0.225450 0.352602
vt 0.260020 0.352602
vt 0.721161 0.237931
vt 0.183880 0.318293
vt 0.133604 0.318293
vt 0.229235 0.318293
vt 0.265229 0.318293
vt 0.724786 0.270796
vt 0.681340 0.270796
vt 0.633180 0.270796
vt 0.585020 0.270796
vt 0.541574 0.270796
vt 0.272077 0.318293
vt 0.308071 0.318293
vt 0.353426 0.318293
vt 0.403703 0.318293
vt 0.453979 0.318293
vt 0.499334 0.318293
vt 0.535328 0.318293
vt 0.727849 0.304898
vt 0.771295 0.304898
vt 0.819455 0.304898
vt 0.867615 0.304898
vt 0.911061 0.304898
vt 0.001979 0.318293
vt 0.037973 0.318293
vt 0.083328 0.318293
vn -0.027280 -0.818526 0.573822
vn -0.374377 -0.763351 0.526438
vn -0.373602 -0.778966 0.503621
vn -0.027385 -0.842762 0.537590
vn -0.921876 -0.313009 0.228408
vn -0.972104 0.207071 -0.110157
vn -0.971924 0.181294 -0.149985
vn -0.921326 -0.331244 0.203559
vn -0.036983 0.616870 0.786196
vn -0.019985 0.273454 0.961677
vn 0.016598 0.272063 0.962136
vn 0.020035 0.609890 0.792233
vn -0.018027 -0.529695 0.847996
vn 0.027132 -0.818321 0.574121
vn 0.017391 -0.530884 0.847266
vn -0.890884 0.423567 0.164063
vn -0.888321 0.431013 0.158472
vn -0.964961 0.230040 -0.126219
vn -0.370103 0.646267 0.667355
vn -0.021377 0.632718 0.774087
vn -0.371691 0.656764 0.656130
vn 0.961192 -0.213619 0.174579
vn 0.924930 -0.307300 0.223768
vn 0.924938 -0.324115 0.198591
vn 0.961190 -0.242887 0.130839
vn 0.381491 -0.760884 0.524900
vn 0.027164 -0.842717 0.537671
vn 0.381486 -0.775562 0.502963
vn 0.382191 0.487154 0.785246
vn 0.383534 0.498936 0.777152
vn 0.038475 0.620018 0.783644
vn 0.901833 0.020519 0.431597
vn 0.966013 -0.203018 0.160007
vn 0.904054 0.033872 0.426075
vn -0.036728 0.491340 0.870193
vn -0.376347 0.367179 0.850613
vn -0.377048 0.352923 0.856318
vn -0.021294 0.474026 0.880254
vn -0.893194 -0.011317 0.449529
vn -0.971925 -0.181292 0.149982
vn -0.964969 -0.204586 0.164256
vn -0.889752 -0.020303 0.455992
vn -0.027489 0.842805 -0.537516
vn -0.019962 0.982375 -0.185850
vn 0.016619 0.982700 -0.184456
vn 0.027305 0.842738 -0.537632
vn -0.018005 0.796942 0.603788
vn 0.019953 0.499785 0.865920
vn 0.017411 0.796087 0.604932
vn -0.921332 0.331226 -0.203562
vn -0.921804 0.313841 -0.227554
vn -0.972082 -0.207233 0.110055
vn -0.373567 0.778981 -0.503624
vn -0.027305 0.818556 -0.573777
vn -0.374415 0.763918 -0.525589
vn 0.961046 0.243291 -0.131149
vn 0.901796 0.391125 0.183809
vn 0.904014 0.380944 0.194011
vn 0.966013 0.225376 -0.126585
vn 0.382340 0.539884 0.749894
vn 0.038365 0.487692 0.872172
vn 0.383677 0.527935 0.757679
vn 0.374421 0.777343 -0.505516
vn 0.373573 0.762789 -0.527822
vn 0.027489 0.818475 -0.573884
vn 0.921791 0.330128 -0.203267
vn 0.961068 0.213939 -0.174869
vn 0.921317 0.314588 -0.228493
vn -0.892915 -0.420651 -0.160486
vn -0.889779 -0.429196 -0.155193
vn -0.964968 -0.229904 0.126414
vn -0.376458 -0.646951 -0.663125
vn -0.036600 -0.616527 -0.786482
vn -0.021296 -0.632728 -0.774081
vn -0.377117 -0.656818 -0.652972
vn -0.017411 -0.255331 -0.966697
vn 0.018006 -0.253947 -0.967050
vn 0.020038 -0.609867 -0.792250
vn -0.016619 0.545513 -0.837938
vn 0.019962 0.546677 -0.837105
vn 0.382185 -0.486394 -0.785720
vn 0.383619 -0.498890 -0.777139
vn 0.038361 -0.620044 -0.783629
vn 0.901590 -0.019537 -0.432151
vn 0.966013 0.203013 -0.160013
vn 0.904000 -0.033976 -0.426181
vn -0.036728 -0.491339 -0.870194
vn -0.376343 -0.367180 -0.850614
vn -0.377044 -0.352924 -0.856319
vn -0.021294 -0.474026 -0.880253
vn -0.893195 0.011316 -0.449528
vn -0.964968 0.204587 -0.164257
vn -0.889753 0.020303 -0.455990
vn -0.019963 -0.982377 0.185842
vn 0.016599 -0.982705 0.184434
vn -0.018006 -0.796942 -0.603788
vn 0.019954 -0.499776 -0.865925
vn 0.017390 -0.796096 -0.604920
vn 0.901791 -0.391135 -0.183811
vn 0.904014 -0.380943 -0.194011
vn 0.966014 -0.225375 0.126585
vn 0.382332 -0.539892 -0.749893
vn 0.038364 -0.487692 -0.872172
vn 0.383671 -0.527935 -0.757681
vn -0.029785 0.629073 0.776776
vn -0.028158 0.627915 0.777772
vn 0.028148 0.627915 0.777773
vn 0.025551 0.626282 0.779177
vn -0.997078 0.075630 -0.010719
vn -0.920339 0.290039 0.262400
vn -0.920361 0.289769 0.262619
vn -0.997144 0.074039 -0.014920
vn -0.382026 0.599790 0.703071
vn -0.026596 0.627303 0.778321
vn -0.382092 0.598230 0.704362
vn -0.999630 0.017110 0.021154
vn -0.999630 -0.013020 -0.023884
vn -0.997078 0.038770 -0.065817
vn 0.997441 -0.033280 0.063281
vn 0.999630 0.017107 0.021150
vn 0.999630 -0.013026 -0.023884
vn 0.997441 -0.071195 0.006611
vn 0.383654 0.559564 0.734641
vn 0.383684 0.557965 0.735841
vn 0.030911 0.624106 0.780728
vn 0.924234 0.189026 0.331755
vn 0.997501 -0.038473 0.059266
vn 0.924190 0.187792 0.332577
vn -0.029784 -0.629072 -0.776776
vn -0.028158 -0.627916 -0.777772
vn 0.028148 -0.627916 -0.777772
vn 0.025551 -0.626282 -0.779177
vn -0.997078 -0.075630 0.010719
vn -0.920339 -0.290039 -0.262400
vn -0.920361 -0.289769 -0.262619
vn -0.997144 -0.074039 0.014920
vn -0.382027 -0.599783 -0.703076
vn -0.026596 -0.627302 -0.778322
vn -0.382094 -0.598224 -0.704367
vn -0.999630 -0.017110 -0.021154
vn -0.999630 0.013020 0.023884
vn -0.997078 -0.038770 0.065817
vn 0.997441 0.033280 -0.063281
vn 0.999630 -0.017108 -0.021150
vn 0.999630 0.013026 0.023884
vn 0.997441 0.071195 -0.006611
vn 0.383654 -0.559564 -0.734641
vn 0.383684 -0.557965 -0.735841
vn 0.030911 -0.624106 -0.780728
vn 0.924233 -0.189026 -0.331756
vn 0.997501 0.038472 -0.059266
vn 0.924190 -0.187792 -0.332578
vn -0.026593 0.480017 0.876856
vn -0.028528 0.555817 0.830815
vn 0.028528 0.555817 0.830815
vn 0.030911 0.483460 0.874820
vn -0.997144 -0.042045 0.062744
vn -0.920343 0.132173 0.368103
vn -0.920317 0.131868 0.368275
vn -0.382054 0.422770 0.821767
vn -0.029783 0.477913 0.877902
vn -0.381982 0.420981 0.822718
vn -0.999424 0.018871 0.028207
vn -0.999424 -0.018871 -0.028207
vn -0.997144 0.042045 -0.062743
vn -0.028146 0.479276 0.877213
vn 0.028155 0.479278 0.877211
vn 0.025552 0.481197 0.876240
vn -0.026593 -0.480017 -0.876856
vn -0.028528 -0.555816 -0.830815
vn 0.028528 -0.555816 -0.830816
vn 0.030911 -0.483460 -0.874820
vn -0.920343 -0.132173 -0.368103
vn -0.920318 -0.131868 -0.368275
vn -0.382054 -0.422770 -0.821767
vn -0.029783 -0.477913 -0.877902
vn -0.381982 -0.420981 -0.822718
vn -0.028146 -0.479275 -0.877213
vn 0.028154 -0.479278 -0.877212
vn 0.025552 -0.481197 -0.876240
vn 0.997500 -0.069465 0.012943
vn 0.999424 -0.018871 -0.028207
vn 0.999424 0.018871 0.028207
vn 0.997501 0.069464 -0.012942
vn 0.383687 -0.467207 -0.796556
vn 0.383658 -0.465488 -0.797576
vn 0.924189 -0.235753 -0.300491
vn 0.924234 -0.234523 -0.301315
vn 0.383685 0.467207 0.796557
vn 0.383656 0.465489 0.797577
vn 0.924189 0.235753 0.300491
vn 0.924234 0.234523 0.301314
vn -0.889558 -0.047084 0.454389
vn -0.327768 -0.521784 0.787597
vn -0.317102 0.309328 0.896528
vn 0.332793 -0.541648 0.771923
vn 0.895698 -0.067125 0.439568
vn 0.332653 0.287566 0.898136
vn -0.889417 0.448584 0.087809
vn -0.327641 0.737709 0.590285
vn -0.317001 0.920808 -0.227206
vn 0.332909 0.719902 0.609027
vn 0.895813 0.431529 0.106313
vn 0.332770 0.920263 -0.205867
vn -0.332908 -0.288197 -0.897839
vn -0.895815 0.066402 -0.439438
vn -0.332767 0.541487 -0.772048
vn 0.889398 0.090071 -0.448172
vn 0.327652 -0.264073 -0.907144
vn 0.317010 0.561412 -0.764409
vn -0.889408 -0.448600 -0.087812
vn -0.327643 -0.737712 -0.590280
vn -0.317005 -0.920807 0.227205
vn 0.332789 -0.720083 -0.608878
vn 0.895699 -0.431753 -0.106363
vn 0.332665 -0.920351 0.205640
vn -0.382690 0.580348 0.718849
vn -0.923877 0.240664 0.297543
vn 0.382584 0.580377 0.718882
vn 0.923837 0.240733 0.297614
vn -0.382690 -0.580348 -0.718849
vn -0.923876 -0.240665 -0.297546
vn 0.382582 -0.580378 -0.718883
vn 0.923836 -0.240733 -0.297615
vn -0.924411 0.212079 0.316998
vn -0.383972 0.513420 0.767441
vn -0.382581 0.442973 0.810806
vn -0.923832 0.183217 0.336104
vn -0.924410 -0.212080 -0.316998
vn -0.383974 -0.513421 -0.767439
vn -0.382581 -0.442973 -0.810806
vn -0.923832 -0.183217 -0.336104
vn 0.383972 -0.513419 -0.767442
vn 0.924412 -0.212075 -0.316997
vn 0.923863 -0.183244 -0.336004
vn 0.382641 -0.442994 -0.810766
vn 0.383972 0.513419 0.767442
vn 0.924411 0.212076 0.316999
vn 0.923862 0.183245 0.336005
vn 0.382645 0.442996 0.810764
vn 0.967148 -0.241774 -0.078557
vn 0.967148 -0.205664 -0.149424
vn 1.000000 -0.000000 -0.000000
vn 0.967148 -0.149424 -0.205665
vn 0.967148 -0.078557 -0.241773
vn 0.967148 0.000000 -0.254216
vn 0.967148 0.078557 -0.241773
vn 0.967148 0.149425 -0.205665
vn 0.967148 0.205665 -0.149424
vn 0.967148 0.241774 -0.078557
vn 0.967148 0.254216 0.000000
vn 0.967148 0.241774 0.078557
vn 0.967148 0.205665 0.149424
vn 0.967148 0.149423 0.205665
vn 0.967148 0.078558 0.241773
vn 0.967148 -0.000000 0.254216
vn 0.967147 -0.078558 0.241774
vn 0.967148 -0.149424 0.205665
vn 0.967148 -0.205665 0.149424
vn 0.967147 -0.241774 0.078557
vn 0.967148 -0.254216 0.000000
vn 0.000000 -0.951057 -0.309016
vn 0.000000 -0.809017 -0.587785
vn 0.052676 -0.807894 -0.586969
vn 0.052676 -0.949737 -0.308587
vn 0.000000 -0.587786 -0.809017
vn 0.052676 -0.586969 -0.807894
vn 0.000000 -0.309017 -0.951057
vn 0.052677 -0.308588 -0.949736
vn 0.000000 0.000000 -1.000000
vn 0.052677 0.000000 -0.998612
vn 0.000000 0.309017 -0.951057
vn 0.052677 0.308588 -0.949736
vn 0.000000 0.587786 -0.809016
vn 0.052677 0.586970 -0.807894
vn 0.000000 0.809017 -0.587785
vn 0.052676 0.807894 -0.586969
vn 0.000000 0.951057 -0.309017
vn 0.052676 0.949736 -0.308588
vn 0.000000 1.000000 0.000000
vn 0.052676 0.998612 0.000000
vn 0.000000 0.951056 0.309017
vn 0.052676 0.949736 0.308588
vn 0.000000 0.809017 0.587785
vn 0.052676 0.807894 0.586969
vn 0.000000 0.587786 0.809017
vn 0.052676 0.586970 0.807893
vn 0.000000 0.309017 0.951057
vn 0.052677 0.308588 0.949736
vn 0.000000 -0.000000 1.000000
vn 0.052677 -0.000000 0.998612
vn 0.000000 -0.309017 0.951057
vn 0.052676 -0.308588 0.949736
vn 0.000000 -0.587786 0.809017
vn 0.052676 -0.586969 0.807894
vn 0.000000 -0.809017 0.587785
vn 0.052675 -0.807894 0.586969
vn 0.000000 -0.951057 0.309017
vn 0.052676 -0.949736 0.308588
vn 0.000000 -1.000000 0.000001
vn 0.052676 -0.998612 0.000001
vn 0.918412 -0.122254 -0.376262
vn 0.918412 -0.000000 -0.395626
vn 0.918412 0.122255 -0.376262
vn 0.918412 0.232543 -0.320067
vn 0.918412 0.320068 -0.232543
vn 0.918412 0.376262 -0.122255
vn 0.918412 0.395626 0.000000
vn 0.918412 0.376263 0.122255
vn 0.918412 0.320069 0.232543
vn 0.918412 0.232543 0.320068
vn 0.918412 0.122255 0.376262
vn 0.918412 0.000000 0.395626
vn 0.918412 -0.122255 0.376262
vn 0.918412 -0.232543 0.320068
vn 0.918412 -0.320068 0.232543
vn 0.918412 -0.376263 0.122255
vn 0.918412 -0.395625 0.000000
vn 0.918412 -0.376262 -0.122255
vn 0.918412 -0.320068 -0.232543
vn 0.918412 -0.232543 -0.320068
vn 0.305622 -0.905552 -0.294230
vn 0.305624 -0.952152 0.000001
vn 0.799289 -0.571535 -0.185703
vn 0.799288 -0.600948 0.000001
vn 0.799286 -0.486181 -0.353229
vn 0.305622 -0.770307 -0.559663
vn 0.799286 -0.353232 -0.486178
vn 0.305625 -0.559659 -0.770309
vn 0.799287 -0.185703 -0.571537
vn 0.305627 -0.294231 -0.905550
vn 0.799286 -0.000000 -0.600950
vn 0.305629 0.000000 -0.952151
vn 0.799288 0.185702 -0.571536
vn 0.305628 0.294231 -0.905549
vn 0.799289 0.353225 -0.486177
vn 0.305626 0.559659 -0.770308
vn 0.799288 0.486177 -0.353229
vn 0.305624 0.770307 -0.559662
vn 0.799288 0.571536 -0.185703
vn 0.305623 0.905551 -0.294231
vn 0.799289 0.600947 0.000000
vn 0.305624 0.952152 0.000000
vn 0.799287 0.571537 0.185703
vn 0.305624 0.905550 0.294233
vn 0.799286 0.486180 0.353228
vn 0.305622 0.770307 0.559662
vn 0.799286 0.353232 0.486178
vn 0.305624 0.559661 0.770307
vn 0.799286 0.185705 0.571537
vn 0.305628 0.294231 0.905549
vn 0.799287 0.000001 0.600949
vn 0.305628 0.000000 0.952151
vn 0.799288 -0.185703 0.571536
vn 0.305624 -0.294230 0.905551
vn 0.799288 -0.353229 0.486177
vn 0.305621 -0.559661 0.770309
vn 0.799287 -0.486179 0.353228
vn 0.305621 -0.770307 0.559663
vn 0.799286 -0.571538 0.185703
vn 0.305624 -0.905550 0.294233
s 1
g rotate_button
usemtl lambert4SG
f 2/89/1 1/90/2 41/91/3 40/92/4
s 2
f 1/90/5 6/95/6 42/96/7 41/91/8
s 3
f 4/102/9 3/93/10 11/101/11 10/110/12
s 1
f 3/93/13 2/89/1 12/100/14 11/101/15
s 2
f 6/21/6 5/22/16 55/13/17 54/12/18
s 3
f 5/156/19 4/151/9 56/152/20 55/157/21
s 4
f 8/113/22 7/107/23 45/108/24 44/114/25
s 1
f 7/107/26 12/100/14 46/99/27 45/108/28
s 3
f 10/145/12 9/146/29 59/147/30 58/148/31
s 4
f 9/66/32 8/59/22 60/51/33 59/58/34
s 3
f 14/187/35 13/188/36 91/186/37 90/183/38
s 2
f 13/40/39 18/41/40 92/37/41 91/36/42
s 7
f 16/117/43 15/118/44 23/119/45 22/120/46
s 3
f 15/118/47 14/123/35 24/124/48 23/119/49
s 2
f 18/130/40 17/121/50 27/129/51 26/138/52
s 7
f 17/121/53 16/117/43 28/128/54 27/129/55
s 4
f 20/86/56 19/87/57 139/83/58 138/82/59
s 3
f 19/184/60 24/185/48 140/181/61 139/180/62
s 7
f 22/120/46 21/125/63 35/133/64 34/127/65
s 4
f 21/125/66 20/134/56 36/139/67 35/133/68
s 2
f 26/43/52 25/44/69 71/42/70 70/39/71
s 9
f 25/200/72 30/195/73 72/196/74 71/201/75
f 30/141/73 29/135/76 33/136/77 32/142/78
s 7
f 29/135/79 28/128/54 34/127/65 33/136/80
s 9
f 32/189/78 31/190/81 75/191/82 74/192/83
s 4
f 31/88/84 36/85/67 76/81/85 75/84/86
s 9
f 38/231/87 37/232/88 107/230/89 106/227/90
s 2
f 37/33/91 42/28/7 108/20/92 107/27/93
s 1
f 40/92/4 39/97/94 47/105/95 46/99/27
s 9
f 39/97/96 38/106/87 48/111/97 47/105/98
s 4
f 44/60/25 43/67/99 123/61/100 122/52/101
s 9
f 43/228/102 48/229/97 124/225/103 123/224/104
s 3
f 50/159/105 49/153/106 57/149/107 64/155/108
f 49/153/106 56/152/20 58/148/31 57/149/107
s 2
f 52/1/109 51/2/110 81/3/111 88/4/112
s 3
f 51/162/113 50/159/105 82/163/114 81/166/115
s 2
f 54/12/18 53/5/116 109/11/117 108/20/92
f 53/5/116 52/1/109 110/9/118 109/11/117
s 4
f 62/45/119 61/46/120 121/47/121 128/48/122
f 61/46/120 60/51/33 122/52/101 121/47/121
s 3
f 64/155/108 63/154/123 129/160/124 136/161/125
s 4
f 63/49/126 62/45/119 130/56/127 129/57/128
s 9
f 66/203/129 65/197/130 73/193/131 80/199/132
f 65/197/130 72/196/74 74/192/83 73/193/131
s 2
f 68/29/133 67/35/134 97/30/135 104/23/136
s 9
f 67/206/137 66/203/129 98/207/138 97/210/139
s 2
f 70/39/71 69/34/140 93/31/141 92/37/41
f 69/34/140 68/29/133 94/26/142 93/31/141
s 4
f 78/73/143 77/77/144 137/78/145 144/74/146
f 77/77/144 76/81/85 138/82/59 137/78/145
s 9
f 80/199/132 79/198/147 113/204/148 120/205/149
s 4
f 79/76/150 78/73/143 114/69/151 113/72/152
s 3
f 84/171/153 83/167/154 135/164/155 134/169/156
f 83/167/154 82/163/114 136/161/125 135/164/155
s 2
f 86/16/157 85/15/158 95/25/159 94/26/142
s 3
f 85/174/160 84/171/153 96/175/161 95/178/162
s 2
f 88/4/112 87/7/163 103/14/164 102/10/165
f 87/7/163 86/16/157 104/23/136 103/14/164
s 3
f 90/183/38 89/179/166 141/176/167 140/181/61
f 89/179/166 96/175/161 142/173/168 141/176/167
s 9
f 100/215/169 99/211/170 119/208/171 118/213/172
f 99/211/170 98/207/138 120/205/149 119/208/171
s 2
f 102/10/165 101/17/173 111/18/174 110/9/118
s 9
f 101/218/175 100/215/169 112/219/176 111/222/177
f 106/227/90 105/223/178 125/220/179 124/225/103
f 105/223/178 112/219/176 126/217/180 125/220/179
s 4
f 116/55/181 115/63/182 131/64/183 130/56/127
f 115/63/182 114/69/151 132/70/184 131/64/183
s 9
f 118/213/172 117/212/185 127/216/186 126/217/180
s 4
f 117/62/187 116/55/181 128/48/122 127/53/188
s 3
f 134/169/156 133/168/189 143/172/190 142/173/168
s 4
f 133/71/191 132/70/184 144/74/146 143/75/192
s 3
f 4/151/9 10/145/12 58/148/31 56/152/20
s 7
f 16/117/43 22/120/46 34/127/65 28/128/54
s 9
f 106/227/90 124/225/103 48/229/97 38/231/87
s 1
f 40/92/4 46/99/27 12/100/14 2/89/1
s 4
f 8/59/22 44/60/25 122/52/101 60/51/33
s 2
f 42/28/7 6/21/6 54/12/18 108/20/92
f 70/39/71 92/37/41 18/41/40 26/43/52
s 9
f 30/195/73 32/189/78 74/192/83 72/196/74
s 4
f 138/82/59 76/81/85 36/85/67 20/86/56
s 3
f 90/183/38 140/181/61 24/185/48 14/187/35
s 2
f 110/9/118 52/1/109 88/4/112 102/10/165
s 9
f 100/215/169 118/213/172 126/217/180 112/219/176
s 4
f 62/45/119 128/48/122 116/55/181 130/56/127
s 3
f 50/159/105 64/155/108 136/161/125 82/163/114
s 2
f 104/23/136 86/16/157 94/26/142 68/29/133
s 3
f 84/171/153 134/169/156 142/173/168 96/175/161
s 4
f 132/70/184 114/69/151 78/73/143 144/74/146
s 9
f 66/203/129 80/199/132 120/205/149 98/207/138
s 2
f 5/103/16 6/95/6 1/90/5 145/94/193
s 1
f 1/90/2 2/89/1 3/93/13 145/94/194
s 3
f 3/93/10 4/102/9 5/103/19 145/94/195
s 1
f 11/101/15 12/100/14 7/107/26 146/109/196
s 4
f 7/107/23 8/113/22 9/115/32 146/109/197
s 3
f 9/115/29 10/110/12 11/101/11 146/109/198
s 2
f 17/121/50 18/130/40 13/131/39 147/122/199
s 3
f 13/131/36 14/123/35 15/118/47 147/122/200
s 7
f 15/118/44 16/117/43 17/121/53 147/122/201
s 3
f 23/119/49 24/124/48 19/132/60 148/126/202
s 4
f 19/132/57 20/134/56 21/125/66 148/126/203
s 7
f 21/125/63 22/120/46 23/119/45 148/126/204
s 9
f 29/135/76 30/141/73 25/143/72 149/137/205
s 2
f 25/143/69 26/138/52 27/129/51 149/137/206
s 7
f 27/129/55 28/128/54 29/135/79 149/137/207
s 4
f 35/133/68 36/139/67 31/144/84 150/140/208
s 9
f 31/144/81 32/142/78 33/136/77 150/140/209
s 7
f 33/136/80 34/127/65 35/133/64 150/140/210
s 2
f 41/91/8 42/96/7 37/104/91 151/98/211
s 9
f 37/104/88 38/106/87 39/97/96 151/98/212
s 1
f 39/97/94 40/92/4 41/91/3 151/98/213
s 9
f 47/105/98 48/111/97 43/116/102 152/112/214
s 4
f 43/116/99 44/114/25 45/108/24 152/112/215
s 1
f 45/108/28 46/99/27 47/105/95 152/112/216
s 3
f 55/157/21 56/152/20 49/153/106 153/158/217
f 49/153/106 50/159/105 51/162/113 153/158/217
s 2
f 51/2/110 52/1/109 53/5/116 153/6/218
f 53/5/116 54/12/18 55/13/17 153/6/218
s 3
f 63/154/123 64/155/108 57/149/107 154/150/219
f 57/149/107 58/148/31 59/147/30 154/150/219
s 4
f 59/58/34 60/51/33 61/46/120 154/50/220
f 61/46/120 62/45/119 63/49/126 154/50/220
s 9
f 71/201/75 72/196/74 65/197/130 155/202/221
f 65/197/130 66/203/129 67/206/137 155/202/221
s 2
f 67/35/134 68/29/133 69/34/140 155/38/222
f 69/34/140 70/39/71 71/42/70 155/38/222
s 9
f 79/198/147 80/199/132 73/193/131 156/194/223
f 73/193/131 74/192/83 75/191/82 156/194/223
s 4
f 75/84/86 76/81/85 77/77/144 156/80/224
f 77/77/144 78/73/143 79/76/150 156/80/224
s 2
f 87/7/163 88/4/112 81/3/111 157/8/225
s 3
f 81/166/115 82/163/114 83/167/154 157/170/226
f 83/167/154 84/171/153 85/174/160 157/170/226
s 2
f 85/15/158 86/16/157 87/7/163 157/8/225
s 3
f 95/178/162 96/175/161 89/179/166 158/182/227
f 89/179/166 90/183/38 91/186/37 158/182/227
s 2
f 91/36/42 92/37/41 93/31/141 158/32/228
f 93/31/141 94/26/142 95/25/159 158/32/228
f 103/14/164 104/23/136 97/30/135 159/24/229
s 9
f 97/210/139 98/207/138 99/211/170 159/214/230
f 99/211/170 100/215/169 101/218/175 159/214/230
s 2
f 101/17/173 102/10/165 103/14/164 159/24/229
s 9
f 111/222/177 112/219/176 105/223/178 160/226/231
f 105/223/178 106/227/90 107/230/89 160/226/231
s 2
f 107/27/93 108/20/92 109/11/117 160/19/232
f 109/11/117 110/9/118 111/18/174 160/19/232
s 9
f 119/208/171 120/205/149 113/204/148 161/209/233
s 4
f 113/72/152 114/69/151 115/63/182 161/68/234
f 115/63/182 116/55/181 117/62/187 161/68/234
s 9
f 117/212/185 118/213/172 119/208/171 161/209/233
s 4
f 127/53/188 128/48/122 121/47/121 162/54/235
f 121/47/121 122/52/101 123/61/100 162/54/235
s 9
f 123/224/104 124/225/103 125/220/179 162/221/236
f 125/220/179 126/217/180 127/216/186 162/221/236
s 3
f 135/164/155 136/161/125 129/160/124 163/165/237
s 4
f 129/57/128 130/56/127 131/64/183 163/65/238
f 131/64/183 132/70/184 133/71/191 163/65/238
s 3
f 133/168/189 134/169/156 135/164/155 163/165/237
s 4
f 143/75/192 144/74/146 137/78/145 164/79/239
f 137/78/145 138/82/59 139/83/58 164/79/239
s 3
f 139/180/62 140/181/61 141/176/167 164/177/240
f 141/176/167 142/173/168 143/172/190 164/177/240
s 21
f 203/233/241 204/234/242 185/235/243
f 204/234/242 205/236/244 185/235/243
f 205/237/244 186/238/245 185/239/243
f 186/238/245 187/240/246 185/239/243
f 187/240/246 188/241/247 185/239/243
f 188/241/247 189/242/248 185/239/243
f 189/243/248 190/244/249 185/245/243
f 190/244/249 191/246/250 185/245/243
f 191/246/250 192/247/251 185/245/243
f 192/247/251 193/248/252 185/245/243
f 193/248/252 194/249/253 185/245/243
f 194/249/253 195/250/254 185/245/243
f 195/251/254 196/252/255 185/253/243
f 196/252/255 197/254/256 185/253/243
f 197/254/256 198/255/257 185/253/243
f 198/255/257 199/256/258 185/253/243
f 199/257/258 200/258/259 185/235/243
f 200/258/259 201/259/260 185/235/243
f 201/259/260 202/260/261 185/235/243
f 202/260/261 203/233/241 185/235/243
s 22
f 165/261/262 166/262/263 209/263/264 206/264/265
f 166/262/263 167/265/266 212/266/267 209/263/264
f 167/267/266 168/268/268 215/269/269 212/270/267
f 168/268/268 169/271/270 218/272/271 215/269/269
f 169/271/270 170/273/272 221/274/273 218/272/271
f 170/273/272 171/275/274 224/276/275 221/274/273
f 171/277/274 172/278/276 227/279/277 224/280/275
f 172/278/276 173/281/278 230/282/279 227/279/277
f 173/281/278 174/283/280 233/284/281 230/282/279
f 174/283/280 175/285/282 236/286/283 233/284/281
f 175/285/282 176/287/284 239/288/285 236/286/283
f 176/287/284 177/289/286 242/290/287 239/288/285
f 177/291/286 178/292/288 245/293/289 242/294/287
f 178/292/288 179/295/290 248/296/291 245/293/289
f 179/295/290 180/297/292 251/298/293 248/296/291
f 180/297/292 181/299/294 254/300/295 251/298/293
f 181/301/294 182/302/296 257/303/297 254/304/295
f 182/302/296 183/305/298 260/306/299 257/303/297
f 183/305/298 184/307/300 263/308/301 260/306/299
f 184/307/300 165/261/262 206/264/265 263/308/301
s 21
f 217/309/302 220/310/303 187/240/246 186/238/245
f 220/310/303 223/311/304 188/241/247 187/240/246
f 223/311/304 226/312/305 189/242/248 188/241/247
f 226/313/305 229/314/306 190/244/249 189/243/248
f 229/314/306 232/315/307 191/246/250 190/244/249
f 232/315/307 235/316/308 192/247/251 191/246/250
f 235/316/308 238/317/309 193/248/252 192/247/251
f 238/317/309 241/318/310 194/249/253 193/248/252
f 241/318/310 244/319/311 195/250/254 194/249/253
f 244/320/311 247/321/312 196/252/255 195/251/254
f 247/321/312 250/322/313 197/254/256 196/252/255
f 250/322/313 253/323/314 198/255/257 197/254/256
f 253/323/314 256/324/315 199/256/258 198/255/257
f 256/325/315 259/326/316 200/258/259 199/257/258
f 259/326/316 262/327/317 201/259/260 200/258/259
f 262/327/317 265/328/318 202/260/261 201/259/260
f 265/328/318 208/329/319 203/233/241 202/260/261
f 208/329/319 211/330/320 204/234/242 203/233/241
f 211/330/320 214/331/321 205/236/244 204/234/242
f 214/332/321 217/309/302 186/238/245 205/237/244
s 22
f 206/264/265 207/333/322 264/334/323 263/308/301
s 21
f 207/333/324 208/329/319 265/328/318 264/334/325
f 208/329/319 207/333/324 210/335/326 211/330/320
s 22
f 207/333/322 206/264/265 209/263/264 210/335/327
s 21
f 211/330/320 210/335/326 213/336/328 214/331/321
s 22
f 210/335/327 209/263/264 212/266/267 213/336/329
s 21
f 214/332/321 213/337/328 216/338/330 217/309/302
s 22
f 213/337/329 212/270/267 215/269/269 216/338/331
s 21
f 217/309/302 216/338/330 219/339/332 220/310/303
s 22
f 216/338/331 215/269/269 218/272/271 219/339/333
s 21
f 220/310/303 219/339/332 222/340/334 223/311/304
s 22
f 219/339/333 218/272/271 221/274/273 222/340/335
s 21
f 223/311/304 222/340/334 225/341/336 226/312/305
s 22
f 222/340/335 221/274/273 224/276/275 225/341/337
s 21
f 226/313/305 225/342/336 228/343/338 229/314/306
s 22
f 225/342/337 224/280/275 227/279/277 228/343/339
s 21
f 229/314/306 228/343/338 231/344/340 232/315/307
s 22
f 228/343/339 227/279/277 230/282/279 231/344/341
s 21
f 232/315/307 231/344/340 234/345/342 235/316/308
s 22
f 231/344/341 230/282/279 233/284/281 234/345/343
s 21
f 235/316/308 234/345/342 237/346/344 238/317/309
s 22
f 234/345/343 233/284/281 236/286/283 237/346/345
s 21
f 238/317/309 237/346/344 240/347/346 241/318/310
s 22
f 237/346/345 236/286/283 239/288/285 240/347/347
s 21
f 241/318/310 240/347/346 243/348/348 244/319/311
s 22
f 240/347/347 239/288/285 242/290/287 243/348/349
s 21
f 244/320/311 243/349/348 246/350/350 247/321/312
s 22
f 243/349/349 242/294/287 245/293/289 246/350/351
s 21
f 247/321/312 246/350/350 249/351/352 250/322/313
s 22
f 246/350/351 245/293/289 248/296/291 249/351/353
s 21
f 250/322/313 249/351/352 252/352/354 253/323/314
s 22
f 249/351/353 248/296/291 251/298/293 252/352/355
s 21
f 253/323/314 252/352/354 255/353/356 256/324/315
s 22
f 252/352/355 251/298/293 254/300/295 255/353/357
s 21
f 256/325/315 255/354/356 258/355/358 259/326/316
s 22
f 255/354/357 254/304/295 257/303/297 258/355/359
s 21
f 259/326/316 258/355/358 261/356/360 262/327/317
s 22
f 258/355/359 257/303/297 260/306/299 261/356/361
s 21
f 262/327/317 261/356/360 264/334/325 265/328/318
s 22
f 261/356/361 260/306/299 263/308/301 264/334/323
g default
v 1.600188 0.363042 1.050952
v 1.602742 0.361553 1.050952
v 1.602742 0.363042 1.053507
v 1.602742 0.366638 1.054565
v 1.600188 0.366638 1.053507
v 1.599130 0.366638 1.050952
v 1.711215 0.363042 1.050952
v 1.712273 0.366638 1.050952
v 1.711215 0.366638 1.053507
v 1.708660 0.366638 1.054565
v 1.708660 0.363042 1.053507
v 1.708660 0.361553 1.050952
v 1.600188 0.978555 1.053507
v 1.602742 0.978555 1.054565
v 1.602742 0.982151 1.053507
v 1.602742 0.983640 1.050952
v 1.600188 0.982151 1.050952
v 1.599130 0.978555 1.050952
v 1.711215 0.978555 1.053507
v 1.712273 0.978555 1.050952
v 1.711215 0.982151 1.050952
v 1.708660 0.983640 1.050952
v 1.708660 0.982151 1.053507
v 1.708660 0.978555 1.054565
v 1.600188 0.982151 0.868732
v 1.602742 0.983640 0.868732
v 1.602742 0.982151 0.866178
v 1.602742 0.978555 0.865119
v 1.600188 0.978555 0.866178
v 1.599130 0.978555 0.868732
v 1.711215 0.982151 0.868732
v 1.712273 0.978555 0.868732
v 1.711215 0.978555 0.866178
v 1.708660 0.978555 0.865119
v 1.708660 0.982151 0.866178
v 1.708660 0.983640 0.868732
v 1.600188 0.366638 0.866178
v 1.602742 0.366638 0.865119
v 1.602742 0.363042 0.866178
v 1.602742 0.361553 0.868732
v 1.600188 0.363042 0.868732
v 1.599130 0.366638 0.868732
v 1.711215 0.366638 0.866178
v 1.712273 0.366638 0.868732
v 1.711215 0.363042 0.868732
v 1.708660 0.361553 0.868732
v 1.708660 0.363042 0.866178
v 1.708660 0.366638 0.865119
v 1.602742 0.416062 1.054565
v 1.602742 0.419657 1.054565
v 1.600188 0.419657 1.053507
v 1.599130 0.419657 1.050952
v 1.599130 0.416062 1.050952
v 1.599130 0.412466 1.050952
v 1.600188 0.412466 1.053507
v 1.602742 0.412466 1.054565
v 1.708660 0.416062 1.054565
v 1.708660 0.412466 1.054565
v 1.711215 0.412470 1.053507
v 1.712273 0.412466 1.050952
v 1.712273 0.416062 1.050952
v 1.712273 0.419657 1.050952
v 1.711215 0.419659 1.053507
v 1.708660 0.419657 1.054565
v 1.602742 0.983640 0.993550
v 1.602742 0.983640 0.990996
v 1.600188 0.982151 0.990996
v 1.599130 0.978555 0.990996
v 1.599130 0.978555 0.993550
v 1.599130 0.978555 0.996105
v 1.600188 0.982151 0.996105
v 1.602742 0.983640 0.996105
v 1.712273 0.978555 0.993550
v 1.712273 0.978555 0.990996
v 1.711215 0.982151 0.990994
v 1.708660 0.983640 0.990996
v 1.708660 0.983640 0.993550
v 1.708660 0.983640 0.996105
v 1.711215 0.982151 0.996100
v 1.712273 0.978555 0.996105
v 1.602742 0.929132 0.865119
v 1.602742 0.925536 0.865119
v 1.600188 0.925536 0.866178
v 1.599130 0.925536 0.868732
v 1.599130 0.929132 0.868732
v 1.599130 0.932727 0.868732
v 1.600188 0.932727 0.866178
v 1.602742 0.932727 0.865119
v 1.708660 0.929132 0.865119
v 1.708660 0.932727 0.865119
v 1.711215 0.932723 0.866178
v 1.712273 0.932727 0.868732
v 1.712273 0.929132 0.868732
v 1.712273 0.925536 0.868732
v 1.711215 0.925534 0.866178
v 1.708660 0.925536 0.865119
v 1.602742 0.361553 0.926134
v 1.602742 0.361553 0.928689
v 1.600188 0.363042 0.928689
v 1.599130 0.366638 0.928689
v 1.599130 0.366638 0.926134
v 1.599130 0.366638 0.923580
v 1.600188 0.363042 0.923580
v 1.602742 0.361553 0.923580
v 1.712273 0.366638 0.926134
v 1.712273 0.366638 0.928689
v 1.711215 0.363042 0.928691
v 1.708660 0.361553 0.928689
v 1.708660 0.361553 0.926134
v 1.708660 0.361553 0.923580
v 1.711215 0.363042 0.923584
v 1.712273 0.366638 0.923580
v 1.600188 0.982151 0.962397
v 1.602742 0.983640 0.962397
v 1.602742 0.983640 0.959842
v 1.602742 0.983640 0.957288
v 1.600188 0.982151 0.957288
v 1.599130 0.978555 0.957288
v 1.599130 0.978555 0.959842
v 1.599130 0.978555 0.962397
v 1.599130 0.978555 0.926134
v 1.599130 0.978555 0.928689
v 1.600188 0.982151 0.928689
v 1.602742 0.983640 0.928689
v 1.602742 0.983640 0.926134
v 1.602742 0.983640 0.923580
v 1.600188 0.982151 0.923580
v 1.599130 0.978555 0.923580
v 1.599130 0.366638 0.959842
v 1.599130 0.366638 0.957288
v 1.600188 0.363042 0.957288
v 1.602742 0.361553 0.957288
v 1.602742 0.361553 0.959842
v 1.602742 0.361553 0.962397
v 1.600188 0.363042 0.962397
v 1.599130 0.366638 0.962397
v 1.599130 0.366638 0.993550
v 1.599130 0.366638 0.990996
v 1.600188 0.363042 0.990996
v 1.602742 0.361553 0.990996
v 1.602742 0.361553 0.993550
v 1.602742 0.361553 0.996105
v 1.600188 0.363042 0.996105
v 1.599130 0.366638 0.996105
v 1.711215 0.363042 0.957288
v 1.712273 0.366638 0.957288
v 1.712273 0.366638 0.959842
v 1.712273 0.366638 0.962397
v 1.711215 0.363042 0.962397
v 1.708660 0.361553 0.962397
v 1.708660 0.361553 0.959842
v 1.708660 0.361553 0.957288
v 1.712273 0.366638 0.993550
v 1.712273 0.366638 0.996105
v 1.711215 0.363042 0.996100
v 1.708660 0.361553 0.996105
v 1.708660 0.361553 0.993550
v 1.708660 0.361553 0.990996
v 1.711215 0.363042 0.990996
v 1.712273 0.366638 0.990996
v 1.712273 0.978555 0.959842
v 1.712273 0.978555 0.957288
v 1.711215 0.982151 0.957288
v 1.708660 0.983640 0.957288
v 1.708660 0.983640 0.959842
v 1.708660 0.983640 0.962397
v 1.711215 0.982151 0.962397
v 1.712273 0.978555 0.962397
v 1.712273 0.978555 0.926134
v 1.712273 0.978555 0.923580
v 1.711215 0.982151 0.923584
v 1.708660 0.983640 0.923580
v 1.708660 0.983640 0.926134
v 1.708660 0.983640 0.928689
v 1.711215 0.982151 0.928688
v 1.712273 0.978555 0.928689
v 1.599130 0.929132 0.962397
v 1.599130 0.932727 0.962397
v 1.599130 0.932727 0.959842
v 1.599130 0.932727 0.957288
v 1.599130 0.929132 0.957288
v 1.599130 0.925536 0.957288
v 1.599130 0.925536 0.959842
v 1.599130 0.925536 0.962397
v 1.708660 0.416062 0.959842
v 1.708660 0.416062 0.962397
v 1.711215 0.414573 0.962397
v 1.712273 0.410977 0.962397
v 1.712273 0.410977 0.959842
v 1.712273 0.410977 0.957288
v 1.711215 0.414573 0.957288
v 1.708660 0.416062 0.957288
v 1.599130 0.416062 0.923580
v 1.599130 0.412466 0.923580
v 1.599130 0.412466 0.926134
v 1.599130 0.412466 0.928689
v 1.599130 0.416062 0.928689
v 1.599130 0.419657 0.928689
v 1.599130 0.419657 0.926134
v 1.599130 0.419657 0.923580
v 1.708798 0.927697 0.927153
v 1.708794 0.924235 0.926134
v 1.711280 0.924952 0.925136
v 1.712273 0.925656 0.922642
v 1.712273 0.929328 0.923014
v 1.712273 0.932999 0.923386
v 1.712273 0.933632 0.926049
v 1.712273 0.934264 0.928712
v 1.711274 0.930608 0.929164
v 1.708794 0.929132 0.929613
v 1.599130 0.929132 0.996105
v 1.599130 0.932727 0.996105
v 1.599130 0.932727 0.993550
v 1.599130 0.932727 0.990996
v 1.599130 0.929132 0.990996
v 1.599130 0.925536 0.990996
v 1.599130 0.925536 0.993550
v 1.599130 0.925536 0.996105
v 1.708798 0.417496 0.992531
v 1.708794 0.420958 0.993550
v 1.711280 0.420242 0.994548
v 1.712273 0.419538 0.997043
v 1.712273 0.415866 0.996671
v 1.712273 0.412194 0.996298
v 1.712273 0.411562 0.993635
v 1.712273 0.410930 0.990972
v 1.711274 0.414585 0.990521
v 1.708794 0.416062 0.990072
v 1.600188 0.669001 1.053507
v 1.602742 0.669001 1.054565
v 1.602742 0.672597 1.054565
v 1.602742 0.676192 1.054565
v 1.600188 0.676192 1.053507
v 1.599130 0.676192 1.050952
v 1.599130 0.672597 1.050952
v 1.599130 0.669001 1.050952
v 1.602742 0.929132 1.054565
v 1.602742 0.932727 1.054565
v 1.600188 0.932727 1.053507
v 1.599130 0.932727 1.050952
v 1.599130 0.929132 1.050952
v 1.599130 0.925536 1.050952
v 1.600188 0.925536 1.053507
v 1.602742 0.925536 1.054565
v 1.599130 0.676192 0.993550
v 1.599130 0.676192 0.990996
v 1.599130 0.672597 0.990996
v 1.599130 0.669001 0.990996
v 1.599130 0.669001 0.993550
v 1.599130 0.669001 0.996105
v 1.599130 0.672597 0.996105
v 1.599130 0.676192 0.996105
v 1.599130 0.416062 0.990996
v 1.599130 0.412466 0.990996
v 1.599130 0.412466 0.993550
v 1.599130 0.412466 0.996105
v 1.599130 0.416062 0.996105
v 1.599130 0.419657 0.996105
v 1.599130 0.419657 0.993550
v 1.599130 0.419657 0.990996
v 1.599130 0.676192 0.959842
v 1.599130 0.676192 0.957288
v 1.599130 0.672597 0.957288
v 1.599130 0.669001 0.957288
v 1.599130 0.669001 0.959842
v 1.599130 0.669001 0.962397
v 1.599130 0.672597 0.962397
v 1.599130 0.676192 0.962397
v 1.599130 0.416062 0.957288
v 1.599130 0.412466 0.957288
v 1.599130 0.412466 0.959842
v 1.599130 0.412466 0.962397
v 1.599130 0.416062 0.962397
v 1.599130 0.419657 0.962397
v 1.599130 0.419657 0.959842
v 1.599130 0.419657 0.957288
v 1.599130 0.669001 0.926134
v 1.599130 0.669001 0.928689
v 1.599130 0.672597 0.928689
v 1.599130 0.676192 0.928689
v 1.599130 0.676192 0.926134
v 1.599130 0.676192 0.923580
v 1.599130 0.672597 0.923580
v 1.599130 0.669001 0.923580
v 1.599130 0.929132 0.928689
v 1.599130 0.932727 0.928689
v 1.599130 0.932727 0.926134
v 1.599130 0.932727 0.923580
v 1.599130 0.929132 0.923580
v 1.599130 0.925536 0.923580
v 1.599130 0.925536 0.926134
v 1.599130 0.925536 0.928689
v 1.600188 0.676192 0.866178
v 1.602742 0.676192 0.865119
v 1.602742 0.672597 0.865119
v 1.602742 0.669001 0.865119
v 1.600188 0.669001 0.866178
v 1.599130 0.669001 0.868732
v 1.599130 0.672597 0.868732
v 1.599130 0.676192 0.868732
v 1.602742 0.416062 0.865119
v 1.602742 0.412466 0.865119
v 1.600188 0.412466 0.866178
v 1.599130 0.412466 0.868732
v 1.599130 0.416062 0.868732
v 1.599130 0.419657 0.868732
v 1.600188 0.419657 0.866178
v 1.602742 0.419657 0.865119
v 1.711215 0.676192 0.866178
v 1.712273 0.676192 0.868732
v 1.712273 0.672597 0.868732
v 1.712273 0.669001 0.868732
v 1.711215 0.669001 0.866178
v 1.708660 0.669001 0.865119
v 1.708660 0.672597 0.865119
v 1.708660 0.676192 0.865119
v 1.712273 0.416062 0.868732
v 1.712273 0.412466 0.868732
v 1.711215 0.412470 0.866178
v 1.708660 0.412466 0.865119
v 1.708660 0.416062 0.865119
v 1.708660 0.419657 0.865119
v 1.711215 0.419657 0.866178
v 1.712273 0.419657 0.868732
v 1.708660 0.672597 0.926134
v 1.708660 0.669001 0.926134
v 1.711215 0.669001 0.925076
v 1.712273 0.669001 0.922521
v 1.712273 0.672597 0.922521
v 1.712273 0.676192 0.922521
v 1.711215 0.676192 0.925076
v 1.708660 0.676192 0.926134
v 1.708798 0.417496 0.927153
v 1.708794 0.416062 0.929613
v 1.711280 0.414657 0.929103
v 1.712273 0.411146 0.928604
v 1.712273 0.411670 0.925995
v 1.712273 0.412194 0.923386
v 1.712273 0.415942 0.922937
v 1.712273 0.419691 0.922488
v 1.711274 0.420326 0.925085
v 1.708794 0.420958 0.926134
v 1.708660 0.672597 0.993550
v 1.708660 0.676192 0.993550
v 1.711215 0.676192 0.994608
v 1.712273 0.676192 0.997163
v 1.712273 0.672597 0.997163
v 1.712273 0.669001 0.997163
v 1.711215 0.669001 0.994608
v 1.708660 0.669001 0.993550
v 1.708798 0.927697 0.992531
v 1.708794 0.929132 0.990072
v 1.711280 0.930537 0.990581
v 1.712273 0.934047 0.991081
v 1.712273 0.933523 0.993689
v 1.712273 0.932999 0.996298
v 1.712273 0.929251 0.996747
v 1.712273 0.925503 0.997196
v 1.711274 0.924868 0.994599
v 1.708794 0.924235 0.993550
v 1.711215 0.669001 1.053507
v 1.712273 0.669001 1.050952
v 1.712273 0.672597 1.050952
v 1.712273 0.676192 1.050952
v 1.711215 0.676192 1.053507
v 1.708660 0.676192 1.054565
v 1.708660 0.672597 1.054565
v 1.708660 0.669001 1.054565
v 1.712273 0.929132 1.050952
v 1.712273 0.932727 1.050952
v 1.711215 0.932723 1.053507
v 1.708660 0.932727 1.054565
v 1.708660 0.929132 1.054565
v 1.708660 0.925536 1.054565
v 1.711215 0.925536 1.053507
v 1.712273 0.925536 1.050952
v 1.708660 0.929132 0.959842
v 1.708660 0.929132 0.957288
v 1.711215 0.930621 0.957288
v 1.712273 0.934216 0.957288
v 1.712273 0.934216 0.959842
v 1.712273 0.934216 0.962397
v 1.711215 0.930621 0.962397
v 1.708660 0.929132 0.962397
v 1.677200 0.676192 0.927192
v 1.676142 0.676192 0.929747
v 1.676142 0.672597 0.929747
v 1.676142 0.669001 0.929747
v 1.677200 0.669001 0.927192
v 1.679755 0.669001 0.926134
v 1.679755 0.672597 0.926134
v 1.679755 0.676192 0.926134
v 1.676142 0.676192 0.959842
v 1.676142 0.676192 0.962397
v 1.676142 0.672597 0.962397
v 1.676142 0.669001 0.962397
v 1.676142 0.669001 0.959842
v 1.676142 0.669001 0.957288
v 1.676142 0.672597 0.957288
v 1.676142 0.676192 0.957288
v 1.677200 0.417551 0.962397
v 1.679755 0.416062 0.962397
v 1.679755 0.416062 0.959842
v 1.679755 0.416062 0.957288
v 1.677200 0.417551 0.957288
v 1.676142 0.421147 0.957288
v 1.676142 0.421147 0.959842
v 1.676142 0.421147 0.962397
v 1.677200 0.421152 0.927192
v 1.676142 0.421147 0.929747
v 1.677200 0.417551 0.929750
v 1.679755 0.416062 0.929747
v 1.679755 0.417551 0.927192
v 1.679755 0.421147 0.926134
v 1.677200 0.676192 0.992492
v 1.679755 0.676192 0.993550
v 1.679755 0.672597 0.993550
v 1.679755 0.669001 0.993550
v 1.677200 0.669001 0.992492
v 1.676142 0.669001 0.989938
v 1.676142 0.672597 0.989938
v 1.676142 0.676192 0.989938
v 1.677200 0.417551 0.989934
v 1.676142 0.421147 0.989938
v 1.677200 0.421152 0.992492
v 1.679755 0.421147 0.993550
v 1.679755 0.417551 0.992492
v 1.679755 0.416062 0.989938
v 1.677200 0.924042 0.992492
v 1.676142 0.924047 0.989938
v 1.677200 0.927642 0.989934
v 1.679755 0.929132 0.989938
v 1.679755 0.927642 0.992492
v 1.679755 0.924047 0.993550
v 1.677200 0.927642 0.957288
v 1.679755 0.929132 0.957288
v 1.679755 0.929132 0.959842
v 1.679755 0.929132 0.962397
v 1.677200 0.927642 0.962397
v 1.676142 0.924047 0.962397
v 1.676142 0.924047 0.959842
v 1.676142 0.924047 0.957288
v 1.677200 0.924042 0.927192
v 1.679755 0.924047 0.926134
v 1.679755 0.927642 0.927192
v 1.679755 0.929132 0.929747
v 1.677200 0.927642 0.929750
v 1.676142 0.924047 0.929747
v 1.600657 0.363703 1.053037
v 1.710745 0.363703 1.053037
v 1.600657 0.981490 1.053037
v 1.710745 0.981490 1.053037
v 1.600657 0.981490 0.866647
v 1.710745 0.981490 0.866647
v 1.600657 0.363703 0.866647
v 1.710745 0.363703 0.866647
v 1.600188 0.416062 1.053507
v 1.711215 0.416065 1.053507
v 1.600188 0.982151 0.993550
v 1.711215 0.982151 0.993547
v 1.600188 0.929132 0.866178
v 1.711215 0.929129 0.866178
v 1.600188 0.363042 0.926134
v 1.711215 0.363042 0.926137
v 1.600188 0.982151 0.959842
v 1.600188 0.982151 0.926134
v 1.600188 0.363042 0.959842
v 1.600188 0.363042 0.993550
v 1.711215 0.363042 0.959842
v 1.711215 0.363042 0.993548
v 1.711215 0.982151 0.959842
v 1.711215 0.982151 0.926136
v 1.599130 0.929132 0.959842
v 1.711215 0.414573 0.959842
v 1.599130 0.416062 0.926134
v 1.711468 0.929215 0.926122
v 1.599130 0.929132 0.993550
v 1.711468 0.415978 0.993563
v 1.600188 0.672597 1.053507
v 1.600188 0.929132 1.053507
v 1.599130 0.672597 0.993550
v 1.599130 0.416062 0.993550
v 1.599130 0.672597 0.959842
v 1.599130 0.416062 0.959842
v 1.599130 0.672597 0.926134
v 1.599130 0.929132 0.926134
v 1.600188 0.672597 0.866178
v 1.600188 0.416062 0.866178
v 1.711215 0.672597 0.866178
v 1.711215 0.416063 0.866178
v 1.711215 0.672597 0.925076
v 1.711468 0.416045 0.926074
v 1.711215 0.672597 0.994608
v 1.711468 0.929148 0.993610
v 1.711215 0.672597 1.053507
v 1.711215 0.929130 1.053507
v 1.711215 0.930621 0.959842
v 1.677200 0.672597 0.927192
v 1.676142 0.672597 0.959842
v 1.677200 0.417551 0.959842
v 1.677670 0.418214 0.927663
v 1.677200 0.672597 0.992492
v 1.677670 0.418214 0.992021
v 1.677670 0.926980 0.992021
v 1.677200 0.927642 0.959842
v 1.677670 0.926980 0.927663
v 1.569905 -0.963445 1.022757
v 1.572254 -0.964877 1.020353
v 1.572235 -0.967747 1.022001
v 1.569905 -0.966389 1.024457
v 1.569905 -0.933691 1.024457
v 1.572254 -0.932325 1.022014
v 1.572235 -0.935187 1.020353
v 1.569905 -0.936635 1.022757
v 1.569905 -0.920286 1.051075
v 1.572254 -0.917488 1.051036
v 1.572235 -0.917480 1.047727
v 1.569905 -0.920286 1.047675
v 1.569905 -0.936635 1.075992
v 1.572254 -0.935202 1.078396
v 1.572235 -0.932333 1.076748
v 1.569905 -0.933691 1.074292
v 1.569905 -0.966389 1.074292
v 1.572254 -0.967754 1.076735
v 1.572235 -0.964893 1.078396
v 1.569905 -0.963445 1.075992
v 1.569905 -0.979794 1.047675
v 1.572254 -0.982592 1.047714
v 1.572235 -0.982600 1.051022
v 1.569905 -0.979794 1.051075
v 1.659763 -0.966389 1.024457
v 1.657414 -0.967754 1.022014
v 1.657433 -0.964893 1.020353
v 1.659763 -0.963445 1.022757
v 1.659763 -0.936635 1.022757
v 1.657414 -0.935202 1.020353
v 1.657433 -0.932333 1.022001
v 1.659763 -0.933691 1.024457
v 1.659763 -0.920286 1.047675
v 1.657414 -0.917488 1.047714
v 1.657433 -0.917480 1.051022
v 1.659763 -0.920286 1.051075
v 1.659763 -0.933691 1.074292
v 1.657414 -0.932325 1.076735
v 1.657433 -0.935187 1.078396
v 1.659763 -0.936635 1.075992
v 1.659763 -0.963445 1.075992
v 1.657414 -0.964877 1.078396
v 1.657433 -0.967747 1.076748
v 1.659763 -0.966389 1.074292
v 1.659763 -0.979794 1.051075
v 1.657414 -0.982592 1.051036
v 1.657433 -0.982600 1.047727
v 1.659763 -0.979794 1.047675
v 1.569905 -0.952940 1.051049
v 1.569905 -0.950040 1.052723
v 1.569905 -0.947140 1.051049
v 1.569905 -0.947140 1.047700
v 1.569905 -0.950040 1.046026
v 1.569905 -0.952940 1.047700
v 1.659763 -0.952940 1.047700
v 1.659763 -0.950040 1.046026
v 1.659763 -0.947140 1.047700
v 1.659763 -0.947140 1.051049
v 1.659763 -0.950040 1.052723
v 1.659763 -0.952940 1.051049
v 1.569905 -0.963445 -0.054216
v 1.572254 -0.964877 -0.056620
v 1.572235 -0.967747 -0.054972
v 1.569905 -0.966389 -0.052516
v 1.569905 -0.933691 -0.052516
v 1.572254 -0.932325 -0.054959
v 1.572235 -0.935187 -0.056620
v 1.569905 -0.936635 -0.054216
v 1.569905 -0.920286 -0.025898
v 1.572254 -0.917488 -0.025937
v 1.572235 -0.917480 -0.029246
v 1.569905 -0.920286 -0.029298
v 1.569905 -0.936635 -0.000981
v 1.572254 -0.935202 0.001423
v 1.572235 -0.932333 -0.000225
v 1.569905 -0.933691 -0.002681
v 1.569905 -0.966389 -0.002681
v 1.572254 -0.967754 -0.000238
v 1.572235 -0.964893 0.001423
v 1.569905 -0.963445 -0.000981
v 1.569905 -0.979794 -0.029298
v 1.572254 -0.982592 -0.029259
v 1.572235 -0.982600 -0.025951
v 1.569905 -0.979794 -0.025898
v 1.659763 -0.966389 -0.052516
v 1.657414 -0.967754 -0.054959
v 1.657433 -0.964893 -0.056620
v 1.659763 -0.963445 -0.054216
v 1.659763 -0.936635 -0.054216
v 1.657414 -0.935202 -0.056620
v 1.657433 -0.932333 -0.054972
v 1.659763 -0.933691 -0.052516
v 1.659763 -0.920286 -0.029298
v 1.657414 -0.917488 -0.029259
v 1.657433 -0.917480 -0.025951
v 1.659763 -0.920286 -0.025898
v 1.659763 -0.933691 -0.002681
v 1.657414 -0.932325 -0.000238
v 1.657433 -0.935187 0.001423
v 1.659763 -0.936635 -0.000981
v 1.659763 -0.963445 -0.000981
v 1.657414 -0.964877 0.001423
v 1.657433 -0.967747 -0.000225
v 1.659763 -0.966389 -0.002681
v 1.659763 -0.979794 -0.025898
v 1.657414 -0.982592 -0.025937
v 1.657433 -0.982600 -0.029246
v 1.659763 -0.979794 -0.029298
v 1.569905 -0.952940 -0.025924
v 1.569905 -0.950040 -0.024250
v 1.569905 -0.947140 -0.025924
v 1.569905 -0.947140 -0.029273
v 1.569905 -0.950040 -0.030947
v 1.569905 -0.952940 -0.029273
v 1.659763 -0.952940 -0.029273
v 1.659763 -0.950040 -0.030947
v 1.659763 -0.947140 -0.029273
v 1.659763 -0.947140 -0.025924
v 1.659763 -0.950040 -0.024250
v 1.659763 -0.952940 -0.025924
v 1.569905 0.543225 -1.138294
v 1.572254 0.541793 -1.140698
v 1.572235 0.538923 -1.139050
v 1.569905 0.540281 -1.136594
v 1.569905 0.572979 -1.136594
v 1.572254 0.574345 -1.139037
v 1.572235 0.571483 -1.140698
v 1.569905 0.570035 -1.138294
v 1.569905 0.586384 -1.109977
v 1.572254 0.589182 -1.110016
v 1.572235 0.589190 -1.113324
v 1.569905 0.586384 -1.113376
v 1.569905 0.570035 -1.085059
v 1.572254 0.571468 -1.082655
v 1.572235 0.574337 -1.084303
v 1.569905 0.572979 -1.086759
v 1.569905 0.540281 -1.086759
v 1.572254 0.538916 -1.084316
v 1.572235 0.541777 -1.082655
v 1.569905 0.543225 -1.085059
v 1.569905 0.526876 -1.113376
v 1.572254 0.524078 -1.113338
v 1.572235 0.524070 -1.110029
v 1.569905 0.526876 -1.109977
v 1.659763 0.540281 -1.136594
v 1.657414 0.538916 -1.139037
v 1.657433 0.541777 -1.140698
v 1.659763 0.543225 -1.138294
v 1.659763 0.570035 -1.138294
v 1.657414 0.571468 -1.140698
v 1.657433 0.574337 -1.139050
v 1.659763 0.572979 -1.136594
v 1.659763 0.586384 -1.113376
v 1.657414 0.589182 -1.113338
v 1.657433 0.589190 -1.110029
v 1.659763 0.586384 -1.109977
v 1.659763 0.572979 -1.086759
v 1.657414 0.574345 -1.084316
v 1.657433 0.571483 -1.082655
v 1.659763 0.570035 -1.085059
v 1.659763 0.543225 -1.085059
v 1.657414 0.541793 -1.082655
v 1.657433 0.538923 -1.084303
v 1.659763 0.540281 -1.086759
v 1.659763 0.526876 -1.109977
v 1.657414 0.524078 -1.110016
v 1.657433 0.524070 -1.113324
v 1.659763 0.526876 -1.113376
v 1.569905 0.553730 -1.110002
v 1.569905 0.556630 -1.108328
v 1.569905 0.559530 -1.110002
v 1.569905 0.559530 -1.113351
v 1.569905 0.556630 -1.115025
v 1.569905 0.553730 -1.113351
v 1.659763 0.553730 -1.113351
v 1.659763 0.556630 -1.115025
v 1.659763 0.559530 -1.113351
v 1.659763 0.559530 -1.110002
v 1.659763 0.556630 -1.108328
v 1.659763 0.553730 -1.110002
v 1.569905 0.946048 -1.138294
v 1.572254 0.944615 -1.140698
v 1.572235 0.941745 -1.139050
v 1.569905 0.943103 -1.136594
v 1.569905 0.975801 -1.136594
v 1.572254 0.977167 -1.139037
v 1.572235 0.974305 -1.140698
v 1.569905 0.972857 -1.138294
v 1.569905 0.989206 -1.109977
v 1.572254 0.992005 -1.110016
v 1.572235 0.992012 -1.113324
v 1.569905 0.989206 -1.113376
v 1.569905 0.972857 -1.085059
v 1.572254 0.974290 -1.082655
v 1.572235 0.977159 -1.084303
v 1.569905 0.975801 -1.086759
v 1.569905 0.943103 -1.086759
v 1.572254 0.941738 -1.084316
v 1.572235 0.944600 -1.082655
v 1.569905 0.946048 -1.085059
v 1.569905 0.929699 -1.113376
v 1.572254 0.926900 -1.113338
v 1.572235 0.926892 -1.110029
v 1.569905 0.929699 -1.109977
v 1.659763 0.943103 -1.136594
v 1.657414 0.941738 -1.139037
v 1.657433 0.944599 -1.140698
v 1.659763 0.946048 -1.138294
v 1.659763 0.972857 -1.138294
v 1.657414 0.974290 -1.140698
v 1.657433 0.977159 -1.139050
v 1.659763 0.975801 -1.136594
v 1.659763 0.989206 -1.113376
v 1.657414 0.992005 -1.113338
v 1.657433 0.992012 -1.110029
v 1.659763 0.989206 -1.109977
v 1.659763 0.975801 -1.086759
v 1.657414 0.977167 -1.084316
v 1.657433 0.974305 -1.082655
v 1.659763 0.972857 -1.085059
v 1.659763 0.946048 -1.085059
v 1.657414 0.944615 -1.082655
v 1.657433 0.941746 -1.084303
v 1.659763 0.943103 -1.086759
v 1.659763 0.929699 -1.109977
v 1.657414 0.926900 -1.110016
v 1.657433 0.926892 -1.113324
v 1.659763 0.929699 -1.113376
v 1.569905 0.956553 -1.110002
v 1.569905 0.959452 -1.108328
v 1.569905 0.962352 -1.110002
v 1.569905 0.962352 -1.113351
v 1.569905 0.959452 -1.115025
v 1.569905 0.956553 -1.113351
v 1.659763 0.956553 -1.113351
v 1.659763 0.959452 -1.115025
v 1.659763 0.962352 -1.113351
v 1.659763 0.962352 -1.110002
v 1.659763 0.959452 -1.108328
v 1.659763 0.956553 -1.110002
v 1.708333 -0.592373 0.844428
v 1.708333 -0.604292 0.856348
v 1.720252 -0.604292 0.844428
v 1.302192 -0.604292 0.856348
v 1.302192 -0.592373 0.844428
v 1.708333 -0.604292 0.507654
v 1.708333 -0.592373 0.519573
v 1.720252 -0.604292 0.519573
v 1.302192 -0.592373 0.519573
v 1.302192 -0.604292 0.507654
v 1.720252 -0.691527 0.845065
v 1.708135 -0.684873 0.856348
v 1.708135 -0.701733 0.853275
v 1.708333 -0.592373 0.690429
v 1.720252 -0.604292 0.690429
v 1.720252 -0.604292 0.673572
v 1.708333 -0.592373 0.673572
v 1.708333 -0.776376 0.690429
v 1.708333 -0.776376 0.673572
v 1.720252 -0.764457 0.673572
v 1.720252 -0.764457 0.690429
v 1.720252 -0.765118 0.665139
v 1.708128 -0.776376 0.673135
v 1.708128 -0.775480 0.656012
v 1.302192 -0.592373 0.690429
v 1.302192 -0.592373 0.673572
v 1.302192 -0.776376 0.673572
v 1.302192 -0.776376 0.690429
v 1.708128 -0.775480 0.707989
v 1.707923 -0.776376 0.690721
v 1.720252 -0.765118 0.698862
v 1.708135 -0.701733 0.510726
v 1.707937 -0.684731 0.507654
v 1.720252 -0.691527 0.518936
v 1.302192 -0.776376 0.691011
v 1.302192 -0.775495 0.707845
v 1.302192 -0.701599 0.853326
v 1.302192 -0.685016 0.856348
v 1.302192 -0.685016 0.507654
v 1.302192 -0.701599 0.510675
v 1.302192 -0.775495 0.656156
v 1.302192 -0.776376 0.672990
v 1.708130 -0.767204 0.767632
v 1.707928 -0.770990 0.750766
v 1.720252 -0.759007 0.756997
v 1.302192 -0.770960 0.751053
v 1.302192 -0.767252 0.767496
v 1.708133 -0.746743 0.817211
v 1.707934 -0.755063 0.802066
v 1.720252 -0.742114 0.804875
v 1.302192 -0.754968 0.802336
v 1.302192 -0.746831 0.817099
v 1.708145 -0.716952 0.847539
v 1.707956 -0.730859 0.837323
v 1.720252 -0.718334 0.834924
v 1.302192 -0.730688 0.837540
v 1.302192 -0.717081 0.847490
v 1.708145 -0.730774 0.526570
v 1.707956 -0.716823 0.516414
v 1.720252 -0.718334 0.529077
v 1.302192 -0.717081 0.516511
v 1.302192 -0.730688 0.526461
v 1.708133 -0.755015 0.561800
v 1.707934 -0.746654 0.546678
v 1.720252 -0.742114 0.559126
v 1.302192 -0.746831 0.546902
v 1.302192 -0.754968 0.561665
v 1.708130 -0.770975 0.613092
v 1.707928 -0.767156 0.596233
v 1.720252 -0.759007 0.607004
v 1.302192 -0.767252 0.596505
v 1.302192 -0.770960 0.612949
v 1.459509 0.444159 -0.310360
v 1.459509 0.488166 -0.474597
v 1.459509 0.488166 -1.161286
v 1.459509 1.048962 -0.146123
v 1.459509 1.048962 -1.161286
v 1.459509 1.035317 -1.194228
v 1.459509 1.002376 -1.207873
v 1.459509 0.534752 -1.207873
v 1.459509 0.501811 -1.194228
v 1.568225 0.488166 -0.474597
v 1.568225 0.444159 -0.310360
v 1.459509 0.323929 -0.190131
v 1.568225 0.501811 -1.194228
v 1.568225 0.488166 -1.161286
v 1.459509 0.488166 1.161512
v 1.459509 1.002376 1.161512
v 1.459509 1.035317 1.147867
v 1.459509 1.048962 1.114926
v 1.568225 1.048962 -0.146123
v 1.568225 1.048962 -1.161286
v 1.568225 1.035317 -1.194228
v 1.568225 1.002376 -1.207873
v 1.568225 0.534752 -1.207873
v 1.568225 0.323929 -0.190131
v 1.601167 0.501811 -0.472801
v 1.601167 0.456392 -0.303297
v 1.459509 0.159692 -0.146123
v 1.595113 0.507865 -1.188174
v 1.601167 0.501811 -1.161286
v 1.568225 1.048962 1.114926
v 1.459509 -1.048962 -0.099537
v 1.459509 -1.048962 1.114926
v 1.459509 -1.035317 1.147867
v 1.459509 -1.002376 1.161512
v 1.459509 -1.002376 -0.146123
v 1.459509 -1.035317 -0.132479
v 1.568225 0.488166 1.161512
v 1.568225 1.002376 1.161512
v 1.568225 1.035317 1.147867
v 1.601167 1.035317 -0.146123
v 1.601167 1.035317 -1.161286
v 1.595113 1.029263 -1.188174
v 1.601167 1.002376 -1.194228
v 1.601167 0.534752 -1.194228
v 1.568225 0.159692 -0.146123
v 1.601167 0.330992 -0.177897
v 1.614812 0.534752 -0.468464
v 1.614812 0.485927 -0.286246
v 1.614812 0.534752 -1.161286
v 1.601167 1.035317 1.114926
v 1.568225 -1.048962 -0.099537
v 1.568225 -1.048962 1.114926
v 1.568225 -1.035317 1.147867
v 1.568225 -1.002376 1.161512
v 1.568225 -1.002376 -0.146123
v 1.568225 -1.035317 -0.132479
v 1.601167 0.488166 1.147867
v 1.601167 1.002376 1.147867
v 1.595113 1.029263 1.141813
v 1.614812 1.002376 -0.146123
v 1.614812 1.002376 -1.161286
v 1.601167 0.161488 -0.132479
v 1.614812 0.348044 -0.148363
v 1.614812 0.768536 -0.146123
v 1.614812 0.581623 -0.146123
v 1.614812 1.002376 1.114926
v 1.601167 -1.035317 -0.099537
v 1.601167 -1.035317 1.114926
v 1.595113 -1.029263 1.141813
v 1.601167 -1.002376 1.147867
v 1.601167 -1.002376 -0.132479
v 1.595113 -1.029263 -0.126424
v 1.614812 0.488166 1.114926
v 1.614812 0.165825 -0.099537
v 1.614812 0.488166 -0.052667
v 1.614812 0.488166 0.134246
v 1.614812 -1.002376 -0.099537
v 1.614812 -1.002376 1.114926
v 1.610565 -0.594169 0.530455
v 1.610565 -0.594169 0.682001
v 1.610565 -0.594169 0.833546
v 1.610565 -0.464779 0.833546
v 1.610565 -0.424236 0.823285
v 1.610565 -0.390063 0.794235
v 1.610565 -0.366914 0.750158
v 1.610565 -0.358652 0.697310
v 1.610565 -0.358652 0.682001
v 1.610565 -0.358652 0.666690
v 1.610565 -0.366914 0.613843
v 1.610565 -0.390063 0.569766
v 1.610565 -0.424236 0.540715
v 1.610565 -0.464779 0.530455
v 1.578420 -0.544712 0.682001
v 1.578420 -0.408109 0.682001
v 1.578420 -0.408109 0.693468
v 1.578420 -0.414512 0.734419
v 1.578420 -0.429395 0.762758
v 1.578420 -0.447512 0.778159
v 1.578420 -0.470940 0.784088
v 1.578420 -0.544712 0.784088
v 1.585896 -0.380212 0.695635
v 1.585896 -0.387664 0.743297
v 1.585896 -0.380212 0.682001
v 1.578420 -0.544712 0.579913
v 1.578420 -0.470940 0.579913
v 1.578420 -0.447512 0.585842
v 1.578420 -0.429395 0.601243
v 1.578420 -0.414512 0.629582
v 1.578420 -0.408109 0.670533
v 1.585896 -0.572609 0.811985
v 1.585896 -0.572609 0.682001
v 1.585896 -0.467465 0.811985
v 1.585896 -0.434383 0.803613
v 1.585896 -0.407209 0.780513
v 1.585896 -0.380212 0.668366
v 1.585896 -0.572609 0.552016
v 1.585896 -0.467465 0.552016
v 1.585896 -0.387664 0.620704
v 1.585896 -0.407209 0.583488
v 1.585896 -0.434383 0.560388
v 1.669526 -0.387278 -0.385051
v 1.669526 -0.413055 -0.359274
v 1.695303 -0.413055 -0.385051
v 0.791203 -0.413055 -0.359274
v 0.791203 -0.387278 -0.385051
v 1.669526 -0.413055 -1.113363
v 1.669526 -0.387278 -1.087586
v 1.695303 -0.413055 -1.087586
v 0.791203 -0.387278 -1.087586
v 0.791203 -0.413055 -1.113363
v 1.695303 -0.601710 -0.383673
v 1.669098 -0.587321 -0.359274
v 1.669098 -0.623781 -0.365918
v 1.669526 -0.387278 -0.718092
v 1.695303 -0.413055 -0.718092
v 1.695303 -0.413055 -0.754546
v 1.669526 -0.387278 -0.754546
v 1.669526 -0.785206 -0.718092
v 1.669526 -0.785206 -0.754546
v 1.695303 -0.759429 -0.754546
v 1.695303 -0.759429 -0.718092
v 1.695303 -0.760858 -0.772783
v 1.669083 -0.785206 -0.755491
v 1.669083 -0.783267 -0.792522
v 0.791203 -0.387278 -0.718092
v 0.791203 -0.387278 -0.754546
v 0.791203 -0.785206 -0.754546
v 0.791203 -0.785206 -0.718092
v 1.669083 -0.783267 -0.680116
v 1.668639 -0.785206 -0.717460
v 1.695303 -0.760858 -0.699854
v 1.669098 -0.623781 -1.106719
v 1.668669 -0.587013 -1.113363
v 1.695303 -0.601710 -1.088964
v 0.791203 -0.785206 -0.716832
v 0.791203 -0.783300 -0.680428
v 0.791203 -0.623493 -0.365809
v 0.791203 -0.587629 -0.359274
v 0.791203 -0.587629 -1.113363
v 0.791203 -0.623493 -1.106828
v 0.791203 -0.783300 -0.792209
v 0.791203 -0.785206 -0.755805
v 1.669088 -0.765370 -0.551131
v 1.668650 -0.773557 -0.587607
v 1.695303 -0.747643 -0.574130
v 0.791203 -0.773492 -0.586986
v 0.791203 -0.765473 -0.551425
v 1.669095 -0.721120 -0.443911
v 1.668664 -0.739113 -0.476664
v 1.695303 -0.711110 -0.470589
v 0.791203 -0.738908 -0.476080
v 0.791203 -0.721312 -0.444154
v 1.669119 -0.656695 -0.378324
v 1.668712 -0.686770 -0.400417
v 1.695303 -0.659683 -0.405604
v 0.791203 -0.686400 -0.399948
v 0.791203 -0.656974 -0.378430
v 1.669119 -0.686585 -1.072455
v 1.668712 -0.656415 -1.094418
v 1.695303 -0.659683 -1.067033
v 0.791203 -0.656974 -1.094207
v 0.791203 -0.686400 -1.072689
v 1.669095 -0.739010 -0.996265
v 1.668664 -0.720928 -1.028968
v 1.695303 -0.711110 -1.002048
v 0.791203 -0.721312 -1.028483
v 0.791203 -0.738908 -0.996557
v 1.669088 -0.773525 -0.885341
v 1.668650 -0.765266 -0.921801
v 1.695303 -0.747643 -0.898507
v 0.791203 -0.765473 -0.921212
v 0.791203 -0.773492 -0.885651
v -1.506682 -3.276064 -1.479735
v -1.479735 -3.287227 -1.479735
v -1.479735 -3.287227 1.479735
v -1.506682 -3.276064 1.479735
v -0.897999 -3.287227 -1.479735
v -0.897999 -3.287227 1.479735
v -1.501729 -3.271111 1.501729
v -1.517844 -3.249117 -1.479735
v -1.517844 -3.249117 1.479735
v -1.501729 -3.271111 -1.501729
v -1.479735 -3.276064 -1.506682
v -0.897994 -3.276064 -1.506682
v -0.871052 -3.287227 -1.479735
v -0.871052 -3.287227 1.479735
v -0.897994 -3.276064 1.506682
v -1.479735 -3.276064 1.506682
v -1.517844 1.490897 1.479735
v -1.517844 1.490897 -1.479735
v -1.479735 -3.249117 -1.517844
v -0.897999 -3.249117 -1.517844
v -0.871048 -3.276064 -1.506682
v -0.844104 -3.287227 -1.479735
v -0.844104 -3.287227 1.479735
v -0.871049 -3.276064 1.506682
v -0.897999 -3.249117 1.517844
v -1.479735 -3.249117 1.517844
v -1.506682 -3.249117 1.506682
v -1.506682 1.490924 -1.506682
v -1.506682 -3.249117 -1.506682
v -1.506682 1.490924 1.506682
v -1.517844 1.517844 1.479735
v -1.517844 1.517844 -1.479735
v -1.479735 1.490897 -1.517844
v -0.900041 1.488855 -1.517844
v -0.871052 -3.249117 -1.517844
v -0.844101 -3.276064 -1.506682
v 1.479735 -3.287227 -1.479735
v 1.479735 -3.287227 1.479735
v -0.844104 -3.276064 1.506682
v -0.871052 -3.249117 1.517844
v -0.900041 1.488855 1.517844
v -1.479735 1.490897 1.517844
v -1.506682 1.517865 -1.506682
v -1.506682 1.517865 1.506682
v -1.517844 1.544792 1.479735
v -1.517844 1.544792 -1.479735
v -1.479735 1.517844 -1.517844
v -0.903968 1.516376 -1.517844
v -0.872520 1.484928 -1.517844
v -0.844104 -3.249117 -1.517844
v 1.479728 -3.276064 -1.506682
v 1.479728 -3.276064 1.506682
v 1.506682 -3.276064 -1.479738
v 1.506682 -3.276064 1.479736
v -0.844104 -3.249117 1.517844
v -0.871948 1.484118 1.517844
v -0.903968 1.516376 1.517844
v -1.479735 1.517844 1.517844
v -1.506682 1.544805 -1.506682
v -1.506682 1.544805 1.506682
v -1.517844 3.990280 1.479735
v -1.517844 3.990280 -1.479735
v -1.479735 1.544792 -1.517844
v -0.907894 1.543896 -1.517844
v -0.871364 1.517635 -1.509277
v -0.845000 1.481001 -1.517844
v 1.479735 -3.249117 -1.517844
v 1.501739 -3.271111 -1.501727
v 1.479735 -3.249117 1.517844
v 1.501739 -3.271111 1.501726
v 1.517844 -3.249117 -1.479735
v 1.517844 -3.249117 1.479735
v -0.843854 1.479381 1.517844
v -0.871043 1.517356 1.509180
v -0.907894 1.543896 1.517844
v -1.479735 1.544792 1.517844
v -1.506682 3.990280 -1.506682
v -1.506682 3.990280 1.506682
v -1.517844 4.017228 1.479735
v -1.517844 4.017228 -1.479735
v -1.479735 3.990280 -1.517844
v -1.122769 3.990280 -1.517844
v -0.908462 3.776672 -1.517844
v -0.881535 1.549542 -1.507194
v -0.839678 1.507323 -1.507369
v 1.274235 1.481811 -1.517844
v 1.379689 1.453415 -1.517844
v 1.453415 1.379689 -1.517844
v 1.481811 1.274235 -1.517844
v 1.481811 1.274235 1.517844
v 1.453415 1.379689 1.517844
v 1.379689 1.453415 1.517844
v 1.274235 1.481811 1.517844
v 1.517844 -0.401140 -1.077756
v 1.517844 -0.401140 -0.736319
v 1.517844 -0.401140 -0.394881
v 1.517844 0.010218 -0.394881
v 1.517844 0.138993 -0.418270
v 1.517844 0.248162 -0.484876
v 1.517844 0.321107 -0.584560
v 1.517844 0.346722 -0.702144
v 1.517844 0.346722 -0.736319
v 1.517844 0.346722 -0.770493
v 1.517844 0.321107 -0.888078
v 1.517844 0.248162 -0.987761
v 1.517844 0.138993 -1.054368
v 1.517844 0.010218 -1.077756
v 1.517844 1.250878 -1.478444
v 1.517844 1.251338 1.479089
v -0.838720 1.506816 1.507135
v -0.908858 3.776672 1.517844
v -1.122769 3.990280 1.517844
v -1.479735 3.990280 1.517844
v -0.881535 1.549542 1.507194
v -1.506682 4.017225 -1.506682
v -1.506682 4.017225 1.506682
v -1.517844 4.044176 1.479735
v -1.517844 4.044176 -1.479735
v -0.883495 3.764480 -1.505144
v -1.479735 4.017228 -1.517844
v -1.133945 4.017444 -1.517844
v -1.084659 3.990280 -1.517844
v -0.909177 3.815512 -1.517844
v -0.860305 1.528798 -1.480804
v 1.254234 1.501673 -1.508283
v 1.501679 1.253952 -1.508049
v 1.298697 1.495811 -1.508286
v 1.407042 1.457221 -1.507573
v 1.457222 1.407040 -1.507573
v 1.495815 1.298697 -1.508284
v 1.506682 -3.249117 -1.506682
v 1.369066 1.479098 1.507354
v 1.298697 1.495819 1.508283
v 1.253952 1.501679 1.508049
v 1.501673 1.254234 1.508283
v 1.495815 1.298697 1.508284
v 1.457045 1.407240 1.507357
v 1.407042 1.457221 1.507573
v 1.506682 -3.249117 1.506682
v 1.516048 1.278742 1.479084
v 1.516049 1.278622 -1.478761
v -0.860096 1.528799 1.480448
v -0.909375 3.815512 1.517844
v -1.084659 3.990280 1.517844
v -1.133937 4.017453 1.517844
v -1.479735 4.017228 1.517844
v -1.506682 4.044176 -1.506682
v -1.506682 4.044176 1.506682
v -1.517844 4.546169 1.479735
v -1.517844 4.546169 -1.479735
v -0.883807 3.803744 -1.505012
v -1.479735 4.044176 -1.517844
v -1.122307 4.044176 -1.517844
v -1.095258 4.017205 -1.517844
v -1.046549 3.990280 -1.517844
v -0.909892 3.854352 -1.517844
v -0.871052 1.555248 -1.480441
v -0.834355 1.517844 -1.481148
v 1.505279 1.276968 -1.503266
v 1.277092 1.505270 -1.503440
v 1.369319 1.479014 -1.507569
v 1.391806 1.474864 -1.502542
v 1.418452 1.465802 -1.479128
v 1.465802 1.418452 -1.479128
v 1.474864 1.391805 -1.502543
v 1.479015 1.369318 -1.507569
v 1.305677 1.510691 1.479089
v 1.277001 1.505273 1.503288
v 1.391702 1.474904 1.502394
v 1.505277 1.277088 1.503440
v 1.479015 1.369318 1.507569
v 1.465488 1.418766 1.478522
v 1.418452 1.465802 1.479128
v 1.474793 1.391893 1.502368
v 1.510691 1.305677 -1.479089
v 1.510691 1.305677 1.479089
v 1.250878 1.517844 1.478444
v -0.833648 1.517844 1.480441
v -0.883677 3.764471 1.505317
v -0.883898 3.803733 1.505096
v -0.909892 3.854352 1.517844
v -1.046549 3.990280 1.517844
v -1.095254 4.017211 1.517844
v -1.122307 4.044176 1.517844
v -1.479735 4.044176 1.517844
v -0.871052 1.555248 1.480441
v -1.506682 4.546169 -1.506682
v -1.506682 4.546169 1.506682
v -1.506682 4.573117 1.479735
v -1.506682 4.573117 -1.479735
v -0.871052 3.817916 -1.479567
v -0.871052 3.777797 -1.480192
v -0.884121 3.843010 -1.504881
v -1.479735 4.546169 -1.517844
v -0.897999 4.546169 -1.517844
v -0.897999 4.255654 -1.517844
v -1.083025 4.044176 -1.517844
v -1.056573 4.016966 -1.517844
v -0.907894 3.991175 -1.517844
v 1.251338 1.517844 -1.479089
v 1.305677 1.510691 -1.479089
v 1.370607 1.493292 1.478522
v 1.493178 1.371035 -1.479128
v 1.493178 1.371035 1.479128
v -0.884118 3.843000 1.504874
v -0.871052 3.777786 1.480558
v -0.871052 3.817910 1.479750
v -0.909515 3.990030 1.517844
v -1.056573 4.016966 1.517844
v -1.083025 4.044176 1.517844
v -0.897999 4.255654 1.517844
v -0.897999 4.546169 1.517844
v -1.479735 4.546169 1.517844
v -1.501729 4.568164 -1.501729
v -1.501729 4.568164 1.501729
v -1.479735 4.584279 1.479735
v -1.479735 4.584279 -1.479735
v -0.871052 3.858035 -1.478942
v -0.871052 3.979372 -1.327420
v -0.871052 3.980075 -1.289968
v -0.881580 3.985837 -1.507291
v -0.871052 4.546169 -1.517844
v -0.874440 4.268358 -1.517844
v -0.897999 4.218618 -1.517844
v -1.479735 4.573117 -1.506682
v -0.897999 4.573117 -1.506682
v -1.043742 4.044176 -1.517844
v -0.903964 4.018692 -1.517844
v -0.871052 3.980022 1.289967
v 1.278742 1.516048 -1.479079
v 1.371035 1.493178 -1.479128
v 1.396546 1.482611 -1.479133
v 1.396438 1.482640 1.478831
v 1.482525 1.396638 1.478767
v 1.482611 1.396546 -1.479133
v 1.278675 1.516042 1.478820
v -0.871052 3.858035 1.478942
v -0.882120 3.985174 1.507222
v -0.871052 3.979205 1.327687
v -0.904774 4.018120 1.517844
v -1.043742 4.044176 1.517844
v -0.897999 4.218618 1.517844
v -0.874440 4.268358 1.517844
v -0.871052 4.546169 1.517844
v -0.897999 4.573117 1.506682
v -1.479735 4.573117 1.506682
v -0.897999 4.584279 1.479735
v -0.897999 4.584279 -1.479735
v -0.871052 3.978669 -1.364871
v -0.859885 4.006182 -1.301548
v -0.871003 4.573117 -1.506682
v -0.844104 4.546169 -1.517844
v -0.844104 4.270973 -1.517844
v -0.871978 4.237633 -1.517867
v -0.897999 4.181582 -1.517844
v -0.900033 4.046209 -1.517844
v -0.859820 4.005571 -1.270467
v -0.859823 4.005545 1.270454
v -0.871052 3.978389 1.365408
v -0.859888 4.006141 1.301633
v -0.900033 4.046209 1.517844
v -0.897999 4.181582 1.517844
v -0.871978 4.237632 1.517867
v -0.844104 4.270973 1.517844
v -0.844104 4.546169 1.517844
v -0.871003 4.573117 1.506682
v -0.871052 4.584279 1.479735
v -0.871052 4.584279 -1.479735
v -0.871052 3.980166 -1.480783
v -0.860068 4.006758 -1.332527
v -0.844104 4.573117 -1.506682
v 0.955169 4.546169 -1.517844
v 0.955629 4.271170 -1.517844
v -0.844104 4.244025 -1.517844
v -0.871359 4.207260 -1.517913
v -0.871119 4.018273 -1.508940
v -0.832389 4.017228 -1.263708
v -0.832389 4.017228 1.263708
v -0.871052 3.980166 1.480783
v -0.860077 4.006703 1.332708
v -0.871764 4.017763 1.509036
v -0.871359 4.207259 1.517913
v -0.844104 4.244025 1.517844
v 0.955629 4.271170 1.517844
v 0.955169 4.546169 1.517844
v -0.844104 4.573117 1.506682
v -0.844104 4.584279 1.479735
v -0.844104 4.584279 -1.479735
v -0.860283 4.006928 -1.480454
v -0.833054 4.017228 -1.317915
v -0.832722 4.017228 -1.290812
v 0.955156 4.573117 -1.506682
v 0.982117 4.546169 -1.506682
v 0.982252 4.271171 -1.506817
v 0.952613 4.244580 -1.515148
v -0.844104 4.217077 -1.517844
v -0.871946 4.051459 -1.517342
v 0.739006 4.017228 -1.263571
v 0.739006 4.017228 1.263571
v -0.832722 4.017228 1.290812
v -0.860483 4.006919 1.480820
v -0.833054 4.017228 1.317915
v -0.872517 4.050631 1.517363
v -0.844104 4.217077 1.517844
v 0.955156 4.573117 1.506682
v 0.982252 4.271171 1.506817
v 0.982117 4.546169 1.506682
v 0.955169 4.584279 1.479735
v 0.955169 4.584279 -1.479735
v -0.834032 4.018595 -1.479406
v 0.977159 4.568164 -1.501724
v 0.993279 4.546169 -1.479735
v 0.993279 4.271170 -1.480194
v 0.979484 4.244427 -1.504018
v 0.944069 4.218335 -1.507203
v -0.843858 4.056709 -1.516840
v -0.838967 4.029645 -1.506035
v 0.769879 4.020906 -1.267157
v 0.769844 4.020895 1.267159
v 0.742575 4.020973 1.294372
v -0.834741 4.018569 1.480143
v -0.840010 4.029117 1.506325
v -0.845000 4.055051 1.516882
v 0.952708 4.244568 1.515155
v 0.977159 4.568164 1.501724
v 0.993279 4.271170 1.480194
v 0.993279 4.546169 1.479735
v 0.979504 4.244426 1.503999
v 0.982117 4.573117 1.479721
v 0.982117 4.573117 -1.479721
v 0.754459 4.027742 -1.316431
v 0.742577 4.020964 -1.294335
v 0.990617 4.244394 -1.477256
v 0.971400 4.218418 -1.495911
v 0.900971 4.109231 -1.463946
v 0.765972 4.022367 -1.290487
v 0.791866 4.027742 -1.279024
v 0.791866 4.027742 1.279024
v 0.765960 4.022366 1.290500
v 0.754459 4.027742 1.316431
v 0.900971 4.109231 1.463946
v 0.944362 4.218488 1.507267
v 0.990610 4.244402 1.477160
v 0.971441 4.218418 1.495871
v 0.861321 4.071231 -1.426345
v 0.982701 4.218488 -1.468927
v 0.927135 4.109986 -1.452320
v 0.885300 4.086482 -1.449379
v 0.780911 4.027793 -1.305462
v 0.900219 4.072623 -1.385538
v 0.899882 4.072484 1.384703
v 0.780911 4.027793 1.305462
v 0.862119 4.071382 1.426651
v 0.885526 4.086471 1.449368
v 0.982638 4.218335 1.468634
v 0.927135 4.109993 1.452320
v 0.911826 4.087132 -1.437235
v 0.922418 4.086689 -1.409382
v 0.922318 4.086582 1.409119
v 0.911820 4.087104 1.437194
v 0.937879 4.110277 1.425609
v 0.888902 4.072180 -1.413960
v 0.937879 4.110277 -1.425609
v 0.888890 4.072179 1.413946
v 0.850174 -0.250465 -0.736319
v 0.850174 0.196047 -0.736319
v 0.850174 0.196047 -0.718366
v 0.850174 0.180674 -0.647798
v 0.850174 0.144198 -0.597951
v 0.850174 0.084464 -0.561506
v 0.850174 -0.003355 -0.545556
v 0.850174 -0.250465 -0.545556
v 0.870360 0.271385 -0.710255
v 0.870360 0.250891 -0.616179
v 0.870360 0.271385 -0.736319
v 0.850174 -0.250465 -0.927081
v 0.850174 -0.003354 -0.927081
v 0.850174 0.084464 -0.911131
v 0.850174 0.144198 -0.874686
v 0.850174 0.180674 -0.824840
v 0.850174 0.196047 -0.754272
v 0.870360 -0.325802 -0.470218
v 0.870360 -0.325802 -0.736319
v 0.870360 0.003432 -0.470218
v 0.870360 0.111728 -0.489888
v 0.870360 0.196180 -0.541414
v 0.925511 0.326536 -0.704317
v 0.925511 0.302293 -0.593032
v 0.925511 0.326536 -0.736319
v 0.870360 0.271385 -0.762382
v 0.870360 -0.325802 -1.002419
v 0.870360 0.003432 -1.002419
v 0.870360 0.250891 -0.856459
v 0.870360 0.196180 -0.931224
v 0.870360 0.111728 -0.982749
v 0.925511 -0.380953 -0.415068
v 0.925511 -0.380953 -0.736319
v 0.925511 0.008400 -0.415068
v 0.925511 0.131687 -0.437460
v 0.925511 0.234234 -0.500025
v 1.000849 0.346722 -0.702144
v 1.000849 0.321107 -0.584560
v 1.000849 0.346722 -0.736319
v 0.925511 0.326536 -0.768320
v 0.925511 -0.380953 -1.057570
v 0.925511 0.008400 -1.057570
v 0.925511 0.302293 -0.879605
v 0.925511 0.234234 -0.972612
v 0.925511 0.131687 -1.035177
v 1.000849 -0.401140 -0.394881
v 1.000849 -0.401140 -0.736319
v 1.000849 0.010218 -0.394881
v 1.000849 0.138993 -0.418270
v 1.000849 0.248162 -0.484876
v 1.000849 0.346722 -0.770493
v 1.000849 -0.401140 -1.077756
v 1.000849 0.010218 -1.077756
v 1.000849 0.321107 -0.888078
v 1.000849 0.248162 -0.987761
v 1.000849 0.138993 -1.054368
vt 0.435834 0.504439
vt 0.435834 0.504602
vt 0.427699 0.504602
vt 0.427699 0.504439
vt 0.436212 0.504439
vt 0.436212 0.504602
vt 0.435834 0.504764
vt 0.427699 0.504764
vt 0.427320 0.504439
vt 0.427320 0.504602
vt 0.427699 0.502369
vt 0.435834 0.502369
vt 0.436212 0.502369
vt 0.436212 0.504764
vt 0.435834 0.516026
vt 0.427699 0.516026
vt 0.427320 0.504764
vt 0.427320 0.502369
vt 0.426941 0.504602
vt 0.426941 0.504439
vt 0.435834 0.502207
vt 0.427699 0.502207
vt 0.436143 0.502237
vt 0.436212 0.516026
vt 0.435834 0.516188
vt 0.427699 0.516188
vt 0.427320 0.516026
vt 0.426941 0.504764
vt 0.427320 0.502207
vt 0.426941 0.502369
vt 0.422700 0.504602
vt 0.422700 0.504439
vt 0.436212 0.516188
vt 0.435834 0.516350
vt 0.427699 0.516350
vt 0.427320 0.516188
vt 0.426941 0.516026
vt 0.422700 0.504764
vt 0.426941 0.502207
vt 0.422700 0.502369
vt 0.422321 0.504439
vt 0.422321 0.504602
vt 0.436212 0.516350
vt 0.435834 0.527612
vt 0.427699 0.527612
vt 0.427320 0.516350
vt 0.426941 0.516188
vt 0.422700 0.516026
vt 0.422321 0.504764
vt 0.422700 0.502207
vt 0.422321 0.502369
vt 0.421942 0.504602
vt 0.421942 0.504439
vt 0.436212 0.527612
vt 0.427699 0.527775
vt 0.435834 0.527775
vt 0.427320 0.527612
vt 0.426941 0.516350
vt 0.422700 0.516188
vt 0.422321 0.516026
vt 0.421942 0.504764
vt 0.422321 0.502207
vt 0.421942 0.502369
vt 0.417700 0.504602
vt 0.417700 0.504439
vt 0.436212 0.527775
vt 0.427320 0.527775
vt 0.427699 0.527937
vt 0.435834 0.527937
vt 0.426941 0.527612
vt 0.422700 0.516350
vt 0.422321 0.516188
vt 0.421942 0.516026
vt 0.417700 0.504764
vt 0.421942 0.502207
vt 0.417700 0.502369
vt 0.417322 0.504439
vt 0.417322 0.504602
vt 0.436212 0.527937
vt 0.427320 0.527937
vt 0.426941 0.527775
vt 0.427699 0.530007
vt 0.435834 0.530007
vt 0.422700 0.527612
vt 0.422321 0.516350
vt 0.421942 0.516188
vt 0.417700 0.516026
vt 0.417322 0.504764
vt 0.417700 0.502207
vt 0.417322 0.502369
vt 0.416943 0.504602
vt 0.416943 0.504439
vt 0.436212 0.530007
vt 0.427320 0.530007
vt 0.426941 0.527937
vt 0.422700 0.527775
vt 0.435834 0.530169
vt 0.427699 0.530169
vt 0.422321 0.527612
vt 0.421942 0.516350
vt 0.417700 0.516188
vt 0.417322 0.516026
vt 0.416943 0.504764
vt 0.417322 0.502207
vt 0.416943 0.502369
vt 0.408808 0.504602
vt 0.408808 0.504439
vt 0.436143 0.530139
vt 0.427320 0.530169
vt 0.426941 0.530007
vt 0.422700 0.527937
vt 0.422321 0.527775
vt 0.421942 0.527612
vt 0.417700 0.516350
vt 0.417322 0.516188
vt 0.416943 0.516026
vt 0.408808 0.504764
vt 0.416943 0.502207
vt 0.408808 0.502369
vt 0.408429 0.504439
vt 0.408429 0.504602
vt 0.426941 0.530169
vt 0.422700 0.530007
vt 0.422321 0.527937
vt 0.421942 0.527775
vt 0.417700 0.527612
vt 0.417322 0.516350
vt 0.416943 0.516188
vt 0.408808 0.516026
vt 0.408429 0.504764
vt 0.408808 0.502207
vt 0.408429 0.502369
vt 0.422700 0.530169
vt 0.422321 0.530007
vt 0.421942 0.527937
vt 0.417700 0.527775
vt 0.417322 0.527612
vt 0.416943 0.516350
vt 0.408808 0.516188
vt 0.408429 0.516026
vt 0.408499 0.502237
vt 0.422321 0.530169
vt 0.421942 0.530007
vt 0.417700 0.527937
vt 0.417322 0.527775
vt 0.416943 0.527612
vt 0.408808 0.516350
vt 0.408429 0.516188
vt 0.421942 0.530169
vt 0.417700 0.530007
vt 0.417322 0.527937
vt 0.416943 0.527775
vt 0.408808 0.527612
vt 0.408429 0.516350
vt 0.417700 0.530169
vt 0.417322 0.530007
vt 0.416943 0.527937
vt 0.408808 0.527775
vt 0.408429 0.527612
vt 0.417322 0.530169
vt 0.416943 0.530007
vt 0.408808 0.527937
vt 0.408429 0.527775
vt 0.416943 0.530169
vt 0.408808 0.530007
vt 0.408429 0.527937
vt 0.408808 0.530169
vt 0.408429 0.530007
vt 0.408499 0.530139
vt 0.439441 0.504759
vt 0.439441 0.504596
vt 0.447499 0.504587
vt 0.447444 0.504753
vt 0.439062 0.504759
vt 0.439062 0.504596
vt 0.439441 0.504434
vt 0.447555 0.504421
vt 0.447814 0.504785
vt 0.447961 0.504593
vt 0.447426 0.516032
vt 0.439441 0.516032
vt 0.439062 0.516032
vt 0.439062 0.504434
vt 0.439441 0.502362
vt 0.447583 0.502362
vt 0.447950 0.504393
vt 0.447805 0.516032
vt 0.447426 0.516194
vt 0.439441 0.516194
vt 0.439062 0.516194
vt 0.439062 0.502362
vt 0.439441 0.502199
vt 0.447584 0.502199
vt 0.447963 0.502362
vt 0.448345 0.504364
vt 0.448412 0.504530
vt 0.447805 0.516194
vt 0.447426 0.516357
vt 0.439441 0.516357
vt 0.439062 0.516357
vt 0.439131 0.502229
vt 0.447963 0.502199
vt 0.448342 0.502362
vt 0.452587 0.504366
vt 0.452587 0.504529
vt 0.447805 0.516357
vt 0.447421 0.527628
vt 0.439441 0.527630
vt 0.439062 0.527630
vt 0.448342 0.502199
vt 0.452587 0.502362
vt 0.452967 0.504366
vt 0.452967 0.504529
vt 0.447807 0.527599
vt 0.447488 0.527798
vt 0.439441 0.527792
vt 0.439062 0.527792
vt 0.452587 0.502199
vt 0.452967 0.502362
vt 0.453346 0.504366
vt 0.453346 0.504529
vt 0.447954 0.527793
vt 0.447555 0.527967
vt 0.439441 0.527955
vt 0.439062 0.527955
vt 0.452967 0.502199
vt 0.453346 0.502362
vt 0.457604 0.504374
vt 0.457530 0.504533
vt 0.447942 0.527991
vt 0.447583 0.530027
vt 0.439441 0.530027
vt 0.439062 0.530027
vt 0.453346 0.502199
vt 0.457592 0.502362
vt 0.457992 0.504398
vt 0.457980 0.504596
vt 0.447963 0.530027
vt 0.448403 0.527856
vt 0.448329 0.528014
vt 0.439441 0.530189
vt 0.447584 0.530189
vt 0.439131 0.530159
vt 0.457591 0.502199
vt 0.457971 0.502362
vt 0.458379 0.504421
vt 0.458446 0.504591
vt 0.447963 0.530189
vt 0.448342 0.530027
vt 0.452587 0.527860
vt 0.452587 0.528022
vt 0.457970 0.502199
vt 0.458350 0.502362
vt 0.466493 0.504434
vt 0.466493 0.504596
vt 0.458512 0.504760
vt 0.458127 0.504789
vt 0.448342 0.530189
vt 0.452587 0.530027
vt 0.452967 0.528022
vt 0.452967 0.527860
vt 0.458350 0.502199
vt 0.466493 0.502362
vt 0.466872 0.504434
vt 0.466872 0.504596
vt 0.466493 0.504759
vt 0.458507 0.516032
vt 0.458128 0.516032
vt 0.452587 0.530189
vt 0.452967 0.530027
vt 0.453346 0.527860
vt 0.453346 0.528022
vt 0.466493 0.502199
vt 0.466872 0.502362
vt 0.466872 0.504759
vt 0.466493 0.516032
vt 0.458507 0.516194
vt 0.458128 0.516194
vt 0.452967 0.530189
vt 0.453346 0.530027
vt 0.457521 0.527859
vt 0.457588 0.528024
vt 0.466802 0.502229
vt 0.466872 0.516032
vt 0.466493 0.516194
vt 0.458507 0.516357
vt 0.458128 0.516357
vt 0.453346 0.530189
vt 0.457592 0.530027
vt 0.457984 0.527996
vt 0.457973 0.527796
vt 0.466872 0.516194
vt 0.466493 0.516357
vt 0.458489 0.527635
vt 0.458119 0.527603
vt 0.457592 0.530189
vt 0.457971 0.530027
vt 0.458434 0.527801
vt 0.458379 0.527967
vt 0.466872 0.516357
vt 0.466493 0.527630
vt 0.457971 0.530189
vt 0.458350 0.530027
vt 0.466493 0.527792
vt 0.466493 0.527955
vt 0.466872 0.527630
vt 0.458350 0.530189
vt 0.466493 0.530027
vt 0.466872 0.527955
vt 0.466872 0.527792
vt 0.466493 0.530189
vt 0.466872 0.530027
vt 0.466802 0.530159
vt 0.244173 0.011381
vt 0.244173 0.011544
vt 0.240079 0.011544
vt 0.240079 0.011381
vt 0.244552 0.011381
vt 0.244552 0.011544
vt 0.244173 0.011707
vt 0.240079 0.011707
vt 0.239700 0.011381
vt 0.239700 0.011544
vt 0.240079 0.000163
vt 0.244173 0.000163
vt 0.244552 0.000163
vt 0.244552 0.011707
vt 0.244173 0.022925
vt 0.240079 0.022925
vt 0.239700 0.011707
vt 0.239700 0.000163
vt 0.239320 0.011544
vt 0.239320 0.011381
vt 0.240079 0.000000
vt 0.244172 0.000000
vt 0.244482 0.000030
vt 0.244552 0.022925
vt 0.240079 0.023088
vt 0.244172 0.023088
vt 0.239700 0.022925
vt 0.239320 0.011707
vt 0.239320 0.000163
vt 0.239700 0.000000
vt 0.235227 0.011544
vt 0.235227 0.011381
vt 0.244482 0.023058
vt 0.239700 0.023088
vt 0.239320 0.022925
vt 0.235227 0.011707
vt 0.235227 0.000163
vt 0.239320 0.000000
vt 0.234847 0.011381
vt 0.234847 0.011544
vt 0.239320 0.023088
vt 0.235227 0.022925
vt 0.234847 0.011707
vt 0.234847 0.000163
vt 0.235227 0.000000
vt 0.235227 0.023088
vt 0.234847 0.022925
vt 0.234917 0.000030
vt 0.234917 0.023058
vt 0.138120 0.121597
vt 0.137845 0.121597
vt 0.137845 0.118064
vt 0.138120 0.118064
vt 0.138120 0.121761
vt 0.137896 0.121731
vt 0.138120 0.117900
vt 0.137845 0.117900
vt 0.149542 0.118064
vt 0.149542 0.121597
vt 0.149542 0.121761
vt 0.138120 0.121829
vt 0.137845 0.121761
vt 0.149542 0.117900
vt 0.137845 0.117735
vt 0.138120 0.117735
vt 0.149817 0.121597
vt 0.149817 0.118064
vt 0.149767 0.121731
vt 0.149542 0.121829
vt 0.149542 0.117735
vt 0.149817 0.117900
vt 0.137845 0.115893
vt 0.138120 0.115893
vt 0.149817 0.121761
vt 0.149542 0.115893
vt 0.149817 0.117735
vt 0.138120 0.115729
vt 0.137845 0.115729
vt 0.149542 0.115729
vt 0.149817 0.115893
vt 0.137845 0.115564
vt 0.138120 0.115564
vt 0.149542 0.115564
vt 0.149817 0.115729
vt 0.137845 0.113723
vt 0.138120 0.113723
vt 0.149542 0.113723
vt 0.149817 0.115564
vt 0.138120 0.113558
vt 0.137845 0.113558
vt 0.149542 0.113558
vt 0.149817 0.113723
vt 0.137845 0.113394
vt 0.138120 0.113394
vt 0.149542 0.113394
vt 0.149817 0.113558
vt 0.137845 0.109861
vt 0.138120 0.109861
vt 0.149542 0.109861
vt 0.149817 0.113394
vt 0.138120 0.109697
vt 0.137896 0.109727
vt 0.149542 0.109697
vt 0.149817 0.109861
vt 0.137845 0.109697
vt 0.138120 0.109629
vt 0.149542 0.109629
vt 0.149767 0.109727
vt 0.149817 0.109697
vt 0.235122 0.023320
vt 0.235122 0.023156
vt 0.246544 0.023156
vt 0.246544 0.023320
vt 0.234847 0.023320
vt 0.234898 0.023186
vt 0.235122 0.023088
vt 0.246544 0.023088
vt 0.246819 0.023320
vt 0.246769 0.023186
vt 0.246544 0.026853
vt 0.235122 0.026853
vt 0.234847 0.026853
vt 0.234847 0.023156
vt 0.246819 0.023156
vt 0.246819 0.026853
vt 0.235122 0.027017
vt 0.246544 0.027017
vt 0.234847 0.027017
vt 0.246819 0.027017
vt 0.235122 0.027182
vt 0.246544 0.027182
vt 0.234847 0.027182
vt 0.246819 0.027182
vt 0.246544 0.029023
vt 0.235122 0.029023
vt 0.234847 0.029023
vt 0.246819 0.029023
vt 0.235122 0.029188
vt 0.246544 0.029188
vt 0.234847 0.029188
vt 0.246819 0.029188
vt 0.235122 0.029352
vt 0.246544 0.029352
vt 0.234847 0.029352
vt 0.246819 0.029352
vt 0.246544 0.031194
vt 0.235122 0.031194
vt 0.234847 0.031194
vt 0.246819 0.031194
vt 0.235122 0.031359
vt 0.246544 0.031359
vt 0.234847 0.031359
vt 0.246819 0.031359
vt 0.235122 0.031523
vt 0.246544 0.031523
vt 0.234847 0.031523
vt 0.246819 0.031523
vt 0.246544 0.035056
vt 0.235122 0.035056
vt 0.234847 0.035056
vt 0.246819 0.035056
vt 0.235122 0.035220
vt 0.246544 0.035220
vt 0.234898 0.035190
vt 0.246769 0.035190
vt 0.235122 0.035288
vt 0.246544 0.035288
vt 0.234847 0.035220
vt 0.246819 0.035220
vt 0.105619 0.111823
vt 0.105619 0.111993
vt 0.102393 0.111993
vt 0.102393 0.111823
vt 0.105905 0.111823
vt 0.105905 0.111993
vt 0.105619 0.112164
vt 0.102393 0.112164
vt 0.102107 0.111823
vt 0.102107 0.111993
vt 0.105634 0.109978
vt 0.102393 0.109987
vt 0.105911 0.109948
vt 0.105905 0.112164
vt 0.105634 0.114009
vt 0.102393 0.114000
vt 0.102107 0.112164
vt 0.102107 0.109987
vt 0.105635 0.109814
vt 0.102393 0.109816
vt 0.105933 0.109745
vt 0.105912 0.114043
vt 0.105635 0.114173
vt 0.102393 0.114170
vt 0.102107 0.114000
vt 0.102160 0.109848
vt 0.105634 0.109746
vt 0.102393 0.109746
vt 0.105912 0.109679
vt 0.105933 0.114245
vt 0.105634 0.114241
vt 0.102393 0.114241
vt 0.102160 0.114139
vt 0.102107 0.109816
vt 0.105911 0.114311
vt 0.102107 0.114170
vt 0.059687 0.104880
vt 0.059686 0.105044
vt 0.056444 0.105053
vt 0.056444 0.104883
vt 0.059963 0.105015
vt 0.059985 0.104812
vt 0.059671 0.106890
vt 0.056444 0.106890
vt 0.056159 0.105054
vt 0.056211 0.104914
vt 0.059686 0.104813
vt 0.056444 0.104813
vt 0.059956 0.106890
vt 0.059964 0.104746
vt 0.059671 0.107060
vt 0.056444 0.107060
vt 0.056159 0.106890
vt 0.056159 0.104883
vt 0.059956 0.107060
vt 0.059671 0.107230
vt 0.056444 0.107230
vt 0.056159 0.107060
vt 0.059956 0.107230
vt 0.059686 0.109076
vt 0.056444 0.109067
vt 0.056159 0.107230
vt 0.059964 0.109110
vt 0.059687 0.109240
vt 0.056444 0.109237
vt 0.056159 0.109066
vt 0.059985 0.109312
vt 0.059686 0.109308
vt 0.056444 0.109308
vt 0.056211 0.109206
vt 0.059963 0.109377
vt 0.056159 0.109237
vt 0.377797 0.529260
vt 0.378288 0.529260
vt 0.378288 0.530861
vt 0.377797 0.530861
vt 0.398625 0.529260
vt 0.398625 0.530861
vt 0.378288 0.530986
vt 0.377797 0.530986
vt 0.399116 0.529260
vt 0.399116 0.530861
vt 0.398625 0.530986
vt 0.378288 0.531112
vt 0.377797 0.531112
vt 0.399116 0.530986
vt 0.398625 0.531112
vt 0.378288 0.539820
vt 0.377797 0.539820
vt 0.399116 0.531112
vt 0.398625 0.539820
vt 0.378288 0.539945
vt 0.377797 0.539945
vt 0.399116 0.539820
vt 0.398625 0.539945
vt 0.378288 0.540071
vt 0.377797 0.540071
vt 0.399116 0.539945
vt 0.398625 0.540071
vt 0.378288 0.548779
vt 0.377797 0.548779
vt 0.399116 0.540071
vt 0.398625 0.548779
vt 0.378288 0.548904
vt 0.377797 0.548904
vt 0.399116 0.548779
vt 0.398625 0.548904
vt 0.378288 0.549030
vt 0.377797 0.549030
vt 0.399116 0.548904
vt 0.398625 0.549030
vt 0.378288 0.550630
vt 0.377797 0.550630
vt 0.399116 0.549030
vt 0.398625 0.550630
vt 0.399116 0.550630
vt 0.194004 0.230064
vt 0.194494 0.230064
vt 0.194494 0.231664
vt 0.194004 0.231664
vt 0.214832 0.230064
vt 0.214832 0.231664
vt 0.194494 0.231790
vt 0.194004 0.231790
vt 0.215323 0.230064
vt 0.215323 0.231665
vt 0.214832 0.231790
vt 0.194494 0.231916
vt 0.194004 0.231916
vt 0.215323 0.231790
vt 0.214832 0.231916
vt 0.194494 0.240623
vt 0.194004 0.240623
vt 0.215323 0.231916
vt 0.214832 0.240623
vt 0.194494 0.240749
vt 0.194004 0.240749
vt 0.215323 0.240623
vt 0.214832 0.240749
vt 0.194494 0.240875
vt 0.194004 0.240875
vt 0.215323 0.240749
vt 0.214832 0.240875
vt 0.194494 0.249582
vt 0.194004 0.249582
vt 0.215323 0.240875
vt 0.214832 0.249582
vt 0.194494 0.249708
vt 0.194004 0.249708
vt 0.215323 0.249582
vt 0.214832 0.249708
vt 0.194494 0.249833
vt 0.194004 0.249833
vt 0.215323 0.249708
vt 0.214832 0.249833
vt 0.194494 0.251434
vt 0.194004 0.251434
vt 0.215323 0.249833
vt 0.214832 0.251434
vt 0.215323 0.251434
vt 0.083152 0.247758
vt 0.082672 0.247733
vt 0.082647 0.239034
vt 0.083139 0.239034
vt 0.077073 0.247726
vt 0.077073 0.239034
vt 0.082647 0.238908
vt 0.083139 0.238908
vt 0.076581 0.239034
vt 0.076581 0.247726
vt 0.077073 0.238908
vt 0.082647 0.238782
vt 0.083139 0.238782
vt 0.076581 0.238908
vt 0.077073 0.238782
vt 0.082672 0.230083
vt 0.083151 0.230061
vt 0.076581 0.238782
vt 0.077073 0.230090
vt 0.076581 0.230090
vt 0.093363 0.247758
vt 0.092883 0.247733
vt 0.092857 0.239034
vt 0.093350 0.239034
vt 0.087284 0.247726
vt 0.087284 0.239034
vt 0.092857 0.238908
vt 0.093350 0.238908
vt 0.086791 0.239034
vt 0.086791 0.247726
vt 0.087284 0.238908
vt 0.092857 0.238782
vt 0.093350 0.238782
vt 0.086791 0.238908
vt 0.087284 0.238782
vt 0.092883 0.230083
vt 0.093362 0.230061
vt 0.086791 0.238782
vt 0.087284 0.230090
vt 0.086791 0.230090
vt 0.245257 0.016124
vt 0.245397 0.015881
vt 0.247320 0.016994
vt 0.247182 0.017234
vt 0.245058 0.016006
vt 0.245257 0.018343
vt 0.245058 0.018463
vt 0.064658 0.103629
vt 0.064383 0.103627
vt 0.064385 0.097540
vt 0.064659 0.097541
vt 0.158515 0.109663
vt 0.158767 0.109841
vt 0.156134 0.109842
vt 0.156138 0.109663
vt 0.245397 0.018586
vt 0.247320 0.017474
vt 0.178689 0.109810
vt 0.178942 0.109629
vt 0.181342 0.109629
vt 0.181348 0.109809
vt 0.061539 0.103629
vt 0.061264 0.103627
vt 0.061265 0.097540
vt 0.061540 0.097541
vt 0.247600 0.019696
vt 0.247318 0.019696
vt 0.247597 0.017474
vt 0.181690 0.109810
vt 0.181694 0.109629
vt 0.184095 0.109629
vt 0.184349 0.109809
vt 0.181689 0.116379
vt 0.181346 0.116378
vt 0.249661 0.018343
vt 0.249521 0.018586
vt 0.247736 0.017234
vt 0.249860 0.018461
vt 0.249661 0.016124
vt 0.249860 0.016005
vt 0.184519 0.109810
vt 0.184519 0.116379
vt 0.184347 0.116378
vt 0.249521 0.015881
vt 0.247597 0.016994
vt 0.153162 0.109842
vt 0.153412 0.109663
vt 0.155790 0.109663
vt 0.155795 0.109841
vt 0.191729 0.109624
vt 0.192002 0.109625
vt 0.192001 0.115678
vt 0.191728 0.115677
vt 0.247318 0.014772
vt 0.247600 0.014772
vt 0.156132 0.116347
vt 0.155794 0.116346
vt 0.229099 0.032412
vt 0.229240 0.032656
vt 0.227315 0.033765
vt 0.227176 0.033525
vt 0.158765 0.116346
vt 0.158515 0.116525
vt 0.156138 0.116525
vt 0.229439 0.032536
vt 0.229439 0.034993
vt 0.229240 0.034874
vt 0.229099 0.035118
vt 0.227176 0.034005
vt 0.178942 0.116559
vt 0.178688 0.116379
vt 0.181342 0.116559
vt 0.227178 0.036227
vt 0.226897 0.036227
vt 0.226899 0.034005
vt 0.181694 0.116559
vt 0.184095 0.116559
vt 0.224976 0.035118
vt 0.224835 0.034874
vt 0.226760 0.033765
vt 0.224636 0.034994
vt 0.224636 0.032538
vt 0.224835 0.032656
vt 0.224976 0.032412
vt 0.226899 0.033525
vt 0.153412 0.116525
vt 0.153161 0.116347
vt 0.155790 0.116525
vt 0.226897 0.031303
vt 0.227178 0.031303
vt 0.188900 0.109625
vt 0.188899 0.115678
vt 0.245194 0.015768
vt 0.245195 0.018699
vt 0.249724 0.018699
vt 0.249723 0.015768
vt 0.229301 0.032299
vt 0.229302 0.035230
vt 0.224774 0.035231
vt 0.224772 0.032300
vt 0.219730 0.032656
vt 0.219870 0.032412
vt 0.221794 0.033525
vt 0.221655 0.033765
vt 0.219531 0.032537
vt 0.219730 0.034874
vt 0.219531 0.034994
vt 0.064658 0.109718
vt 0.064383 0.109716
vt 0.064385 0.103629
vt 0.064659 0.103630
vt 0.087040 0.109683
vt 0.087291 0.109861
vt 0.084659 0.109862
vt 0.084663 0.109683
vt 0.219870 0.035118
vt 0.221794 0.034005
vt 0.056160 0.044638
vt 0.056413 0.044457
vt 0.058814 0.044457
vt 0.058819 0.044636
vt 0.061539 0.109718
vt 0.061264 0.109716
vt 0.061265 0.103629
vt 0.061540 0.103630
vt 0.222073 0.036227
vt 0.221791 0.036227
vt 0.222071 0.034005
vt 0.059161 0.044638
vt 0.059165 0.044457
vt 0.061566 0.044457
vt 0.061820 0.044636
vt 0.059160 0.051207
vt 0.058818 0.051205
vt 0.224135 0.034874
vt 0.223994 0.035118
vt 0.222209 0.033765
vt 0.224333 0.034993
vt 0.224135 0.032656
vt 0.224333 0.032536
vt 0.061990 0.044638
vt 0.061990 0.051207
vt 0.061818 0.051205
vt 0.223994 0.032412
vt 0.222071 0.033525
vt 0.081687 0.109862
vt 0.081937 0.109683
vt 0.084315 0.109683
vt 0.084320 0.109861
vt 0.166202 0.109663
vt 0.166475 0.109664
vt 0.166474 0.115717
vt 0.166201 0.115716
vt 0.221791 0.031303
vt 0.222073 0.031303
vt 0.084657 0.116367
vt 0.084319 0.116366
vt 0.249521 0.001109
vt 0.249661 0.001353
vt 0.247736 0.002462
vt 0.247597 0.002222
vt 0.087290 0.116366
vt 0.087040 0.116545
vt 0.084663 0.116545
vt 0.249860 0.001233
vt 0.249860 0.003690
vt 0.249661 0.003571
vt 0.249521 0.003815
vt 0.247597 0.002702
vt 0.056413 0.051387
vt 0.056159 0.051207
vt 0.058814 0.051387
vt 0.247600 0.004924
vt 0.247318 0.004924
vt 0.247320 0.002702
vt 0.059165 0.051387
vt 0.061566 0.051387
vt 0.245397 0.003815
vt 0.245257 0.003571
vt 0.247182 0.002462
vt 0.245058 0.003691
vt 0.245058 0.001234
vt 0.245257 0.001353
vt 0.245397 0.001109
vt 0.247320 0.002222
vt 0.081937 0.116545
vt 0.081686 0.116367
vt 0.084315 0.116545
vt 0.247318 0.000000
vt 0.247600 0.000000
vt 0.163373 0.109664
vt 0.163372 0.115717
vt 0.219667 0.032300
vt 0.219668 0.035231
vt 0.224197 0.035230
vt 0.224196 0.032299
vt 0.249723 0.000996
vt 0.249724 0.003927
vt 0.245195 0.003928
vt 0.245194 0.000997
vt 0.209519 0.032656
vt 0.209660 0.032412
vt 0.211583 0.033525
vt 0.211444 0.033765
vt 0.209320 0.032537
vt 0.209519 0.034874
vt 0.209320 0.034994
vt 0.217819 0.037407
vt 0.217544 0.037406
vt 0.217546 0.031319
vt 0.217820 0.031320
vt 0.097251 0.109683
vt 0.097502 0.109861
vt 0.094869 0.109862
vt 0.094873 0.109683
vt 0.209660 0.035118
vt 0.211583 0.034005
vt 0.051055 0.098001
vt 0.051308 0.097820
vt 0.053708 0.097820
vt 0.053714 0.098000
vt 0.214700 0.037407
vt 0.214425 0.037406
vt 0.214426 0.031319
vt 0.214701 0.031320
vt 0.211862 0.036227
vt 0.211581 0.036227
vt 0.211860 0.034005
vt 0.054056 0.098001
vt 0.054060 0.097820
vt 0.056460 0.097820
vt 0.056714 0.098000
vt 0.054054 0.104570
vt 0.053712 0.104569
vt 0.213924 0.034874
vt 0.213783 0.035118
vt 0.211998 0.033765
vt 0.214123 0.034993
vt 0.213924 0.032656
vt 0.214123 0.032536
vt 0.056885 0.098001
vt 0.056885 0.104570
vt 0.056713 0.104569
vt 0.213783 0.032412
vt 0.211860 0.033525
vt 0.091898 0.109862
vt 0.092148 0.109683
vt 0.094525 0.109683
vt 0.094531 0.109861
vt 0.135570 0.109629
vt 0.135843 0.109630
vt 0.135842 0.115684
vt 0.135568 0.115682
vt 0.211581 0.031303
vt 0.211862 0.031303
vt 0.094868 0.116367
vt 0.094529 0.116366
vt 0.208678 0.032412
vt 0.208818 0.032656
vt 0.206893 0.033765
vt 0.206755 0.033525
vt 0.097501 0.116366
vt 0.097251 0.116545
vt 0.094873 0.116545
vt 0.209017 0.032536
vt 0.209017 0.034993
vt 0.208818 0.034874
vt 0.208678 0.035118
vt 0.206755 0.034005
vt 0.051308 0.104750
vt 0.051054 0.104570
vt 0.053708 0.104750
vt 0.206757 0.036227
vt 0.206475 0.036227
vt 0.206477 0.034005
vt 0.054060 0.104750
vt 0.056460 0.104750
vt 0.204554 0.035118
vt 0.204414 0.034874
vt 0.206339 0.033765
vt 0.204215 0.034994
vt 0.204215 0.032538
vt 0.204414 0.032656
vt 0.204554 0.032412
vt 0.206477 0.033525
vt 0.092148 0.116545
vt 0.091897 0.116367
vt 0.094525 0.116545
vt 0.206475 0.031303
vt 0.206757 0.031303
vt 0.132741 0.109630
vt 0.132740 0.115684
vt 0.209456 0.032300
vt 0.209457 0.035231
vt 0.213986 0.035230
vt 0.213985 0.032299
vt 0.208880 0.032299
vt 0.208881 0.035230
vt 0.204352 0.035231
vt 0.204351 0.032300
vt 0.245256 0.011201
vt 0.245397 0.010957
vt 0.247320 0.012070
vt 0.247182 0.012310
vt 0.245058 0.011082
vt 0.245256 0.013419
vt 0.245058 0.013539
vt 0.233135 0.037392
vt 0.232861 0.037391
vt 0.232862 0.031304
vt 0.233136 0.031305
vt 0.076829 0.109683
vt 0.077081 0.109861
vt 0.074448 0.109862
vt 0.074452 0.109683
vt 0.245397 0.013662
vt 0.247320 0.012550
vt 0.168478 0.109810
vt 0.168731 0.109629
vt 0.171132 0.109629
vt 0.171137 0.109808
vt 0.230016 0.037392
vt 0.229741 0.037391
vt 0.229742 0.031304
vt 0.230017 0.031305
vt 0.247600 0.014772
vt 0.247318 0.014772
vt 0.247597 0.012550
vt 0.171479 0.109810
vt 0.171483 0.109629
vt 0.173884 0.109629
vt 0.174138 0.109808
vt 0.171478 0.116379
vt 0.171136 0.116378
vt 0.249661 0.013419
vt 0.249521 0.013662
vt 0.247736 0.012310
vt 0.249860 0.013537
vt 0.249661 0.011201
vt 0.249860 0.011081
vt 0.174308 0.109810
vt 0.174308 0.116379
vt 0.174136 0.116378
vt 0.249521 0.010957
vt 0.247597 0.012070
vt 0.071476 0.109862
vt 0.071727 0.109683
vt 0.074104 0.109683
vt 0.074109 0.109861
vt 0.053884 0.104750
vt 0.054157 0.104751
vt 0.054156 0.110804
vt 0.053883 0.110803
vt 0.247318 0.009848
vt 0.247600 0.009848
vt 0.074447 0.116367
vt 0.074108 0.116366
vt 0.249521 0.006033
vt 0.249661 0.006277
vt 0.247736 0.007386
vt 0.247597 0.007146
vt 0.077079 0.116366
vt 0.076829 0.116545
vt 0.074452 0.116545
vt 0.249860 0.006157
vt 0.249860 0.008614
vt 0.249661 0.008495
vt 0.249521 0.008739
vt 0.247597 0.007626
vt 0.168731 0.116559
vt 0.168477 0.116379
vt 0.171132 0.116559
vt 0.247600 0.009848
vt 0.247318 0.009848
vt 0.247320 0.007626
vt 0.171483 0.116559
vt 0.173884 0.116559
vt 0.245397 0.008739
vt 0.245257 0.008495
vt 0.247182 0.007386
vt 0.245058 0.008615
vt 0.245058 0.006158
vt 0.245257 0.006277
vt 0.245397 0.006033
vt 0.247320 0.007146
vt 0.071727 0.116545
vt 0.071475 0.116367
vt 0.074104 0.116545
vt 0.247318 0.004924
vt 0.247600 0.004924
vt 0.051055 0.104751
vt 0.051054 0.110804
vt 0.245194 0.010845
vt 0.245195 0.013775
vt 0.249724 0.013775
vt 0.249723 0.010844
vt 0.249723 0.005920
vt 0.249724 0.008851
vt 0.245195 0.008852
vt 0.245194 0.005921
vt 0.245442 0.230064
vt 0.245442 0.231459
vt 0.235928 0.231459
vt 0.235928 0.230064
vt 0.057677 0.245520
vt 0.056159 0.245520
vt 0.056159 0.222749
vt 0.057677 0.222749
vt 0.246179 0.231459
vt 0.246179 0.240894
vt 0.245482 0.241673
vt 0.224636 0.231459
vt 0.225373 0.231459
vt 0.225333 0.241673
vt 0.224636 0.240877
vt 0.420953 0.552939
vt 0.419435 0.552939
vt 0.419435 0.530169
vt 0.420953 0.530169
vt 0.225373 0.230064
vt 0.234887 0.230064
vt 0.234887 0.231459
vt 0.245989 0.242868
vt 0.245635 0.244649
vt 0.244855 0.244811
vt 0.070090 0.245509
vt 0.067942 0.245509
vt 0.067960 0.222749
vt 0.070073 0.222749
vt 0.393088 0.529260
vt 0.391579 0.529260
vt 0.391579 0.498944
vt 0.393088 0.498944
vt 0.235928 0.250211
vt 0.234887 0.250211
vt 0.235928 0.251607
vt 0.236449 0.250288
vt 0.235946 0.251607
vt 0.219374 0.031319
vt 0.217816 0.031319
vt 0.217816 0.000000
vt 0.219374 0.000000
vt 0.234887 0.251607
vt 0.234860 0.251607
vt 0.234366 0.250288
vt 0.233802 0.251502
vt 0.231150 0.250974
vt 0.230774 0.249573
vt 0.220997 0.031303
vt 0.219414 0.031303
vt 0.219428 0.000000
vt 0.220984 0.000000
vt 0.237013 0.251502
vt 0.240041 0.249573
vt 0.239656 0.250976
vt 0.217789 0.031287
vt 0.216192 0.031303
vt 0.216205 0.000000
vt 0.217762 0.000000
vt 0.224826 0.242868
vt 0.225960 0.244811
vt 0.225177 0.244634
vt 0.409189 0.552916
vt 0.407023 0.552927
vt 0.407040 0.530169
vt 0.409152 0.530169
vt 0.240698 0.250533
vt 0.242999 0.247595
vt 0.242825 0.249111
vt 0.212237 0.031287
vt 0.210678 0.031303
vt 0.210690 0.000000
vt 0.212211 0.000000
vt 0.243761 0.248137
vt 0.245003 0.246278
vt 0.207494 0.031288
vt 0.206094 0.031303
vt 0.206105 0.000000
vt 0.207469 0.000000
vt 0.073800 0.245499
vt 0.072029 0.245510
vt 0.072045 0.222749
vt 0.073778 0.222749
vt 0.225805 0.246268
vt 0.227816 0.247595
vt 0.227047 0.248127
vt 0.405101 0.552918
vt 0.403324 0.552928
vt 0.403335 0.530169
vt 0.405068 0.530169
vt 0.227981 0.249106
vt 0.230109 0.250527
vt 0.231106 0.031288
vt 0.229708 0.031303
vt 0.229720 0.000000
vt 0.231085 0.000000
vt 0.226524 0.031287
vt 0.224966 0.031303
vt 0.224979 0.000000
vt 0.226499 0.000000
vt 0.406870 0.498944
vt 0.406870 0.529260
vt 0.377797 0.529260
vt 0.377797 0.498944
vt 0.204235 0.031290
vt 0.204215 0.000000
vt 0.232965 0.031304
vt 0.232975 0.000000
vt 0.469694 0.527976
vt 0.469694 0.514037
vt 0.478921 0.514037
vt 0.478921 0.527976
vt 0.469694 0.455758
vt 0.469694 0.452962
vt 0.478921 0.452962
vt 0.478921 0.455758
vt 0.321638 0.498515
vt 0.330617 0.498515
vt 0.330617 0.582359
vt 0.321638 0.582359
vt 0.330617 0.585080
vt 0.321638 0.585080
vt 0.051054 0.053613
vt 0.060062 0.053613
vt 0.060062 0.056343
vt 0.051054 0.056343
vt 0.060062 0.095090
vt 0.051054 0.095090
vt 0.060062 0.097820
vt 0.051054 0.097820
vt 0.478921 0.538180
vt 0.469694 0.538180
vt 0.481716 0.514190
vt 0.481716 0.528576
vt 0.481716 0.455758
vt 0.321638 0.394363
vt 0.330617 0.394363
vt 0.306322 0.517523
vt 0.315302 0.517523
vt 0.315302 0.559998
vt 0.306322 0.559998
vt 0.315302 0.562719
vt 0.306322 0.562719
vt 0.321638 0.391642
vt 0.330617 0.391642
vt 0.333338 0.498515
vt 0.333338 0.582359
vt 0.062791 0.056343
vt 0.062791 0.095090
vt 0.056159 0.110260
vt 0.065156 0.110260
vt 0.065156 0.123852
vt 0.056159 0.123852
vt 0.481716 0.539219
vt 0.202873 0.096907
vt 0.205580 0.097264
vt 0.201568 0.112235
vt 0.199142 0.110834
vt 0.202873 0.040340
vt 0.205580 0.040340
vt 0.333338 0.394363
vt 0.485010 0.453264
vt 0.493996 0.453264
vt 0.493996 0.553648
vt 0.485010 0.553648
vt 0.493996 0.556371
vt 0.485010 0.556371
vt 0.306322 0.391680
vt 0.315302 0.391680
vt 0.315302 0.394401
vt 0.306322 0.394401
vt 0.065156 0.220023
vt 0.056159 0.220023
vt 0.065156 0.222749
vt 0.056159 0.222749
vt 0.485010 0.450541
vt 0.493996 0.450541
vt 0.318023 0.517523
vt 0.318023 0.559998
vt 0.246707 0.123748
vt 0.244001 0.123748
vt 0.244001 0.040340
vt 0.246707 0.040340
vt 0.244001 0.037634
vt 0.205580 0.037634
vt 0.067882 0.109675
vt 0.067882 0.123703
vt 0.190240 0.123564
vt 0.188839 0.121137
vt 0.224788 0.123748
vt 0.209431 0.123748
vt 0.246707 0.227357
vt 0.244001 0.227357
vt 0.496719 0.453264
vt 0.496719 0.553648
vt 0.318023 0.394401
vt 0.067882 0.220023
vt 0.201752 0.230064
vt 0.201752 0.227357
vt 0.244001 0.230064
vt 0.175268 0.127575
vt 0.174912 0.124869
vt 0.201752 0.131426
vt 0.201752 0.146783
vt 0.076581 0.127575
vt 0.079287 0.127575
vt 0.079287 0.227357
vt 0.076581 0.227357
vt 0.079287 0.230064
vt 0.079287 0.124869
vt 0.128113 0.192730
vt 0.130405 0.192908
vt 0.129793 0.196824
vt 0.127587 0.196094
vt 0.128113 0.191788
vt 0.130405 0.191788
vt 0.116889 0.191788
vt 0.116889 0.200175
vt 0.114597 0.202467
vt 0.114597 0.191788
vt 0.122951 0.200175
vt 0.123236 0.202467
vt 0.124876 0.199688
vt 0.125954 0.201780
vt 0.126364 0.198423
vt 0.128187 0.199882
vt 0.132176 0.193046
vt 0.131498 0.197388
vt 0.132176 0.191788
vt 0.128113 0.190845
vt 0.130405 0.190667
vt 0.116889 0.183400
vt 0.114597 0.181108
vt 0.123236 0.181108
vt 0.122951 0.183400
vt 0.127587 0.187481
vt 0.129793 0.186751
vt 0.126364 0.185152
vt 0.128187 0.183694
vt 0.124876 0.183887
vt 0.125954 0.181796
vt 0.112826 0.204239
vt 0.112826 0.191788
vt 0.123457 0.204239
vt 0.126788 0.203396
vt 0.129596 0.201009
vt 0.132176 0.190530
vt 0.112826 0.179336
vt 0.123457 0.179336
vt 0.131498 0.186188
vt 0.129596 0.182566
vt 0.126788 0.180179
vt 0.481203 0.453476
vt 0.332838 0.584580
vt 0.062290 0.054115
vt 0.062290 0.097318
vt 0.203371 0.038131
vt 0.332838 0.392142
vt 0.317523 0.562219
vt 0.246210 0.038131
vt 0.496218 0.451042
vt 0.496218 0.555871
vt 0.317523 0.392180
vt 0.067381 0.222248
vt 0.246210 0.229567
vt 0.077078 0.229567
vt 0.077078 0.125366
vt 0.953751 0.236297
vt 0.953751 0.239315
vt 0.933176 0.239315
vt 0.933176 0.236297
vt 0.432134 0.502207
vt 0.428851 0.502207
vt 0.428851 0.452962
vt 0.432134 0.452962
vt 0.955344 0.239315
vt 0.955344 0.259718
vt 0.953836 0.261403
vt 0.908755 0.239315
vt 0.910348 0.239315
vt 0.910263 0.261403
vt 0.908755 0.259682
vt 0.375079 0.545383
vt 0.371795 0.545383
vt 0.371795 0.496142
vt 0.375079 0.496142
vt 0.910348 0.236297
vt 0.930923 0.236297
vt 0.930923 0.239315
vt 0.954933 0.263986
vt 0.954167 0.267840
vt 0.952481 0.268190
vt 0.458978 0.502183
vt 0.454333 0.502183
vt 0.454373 0.452962
vt 0.458941 0.452962
vt 0.099438 0.109683
vt 0.096175 0.109683
vt 0.096175 0.044120
vt 0.099438 0.044120
vt 0.933176 0.279868
vt 0.930923 0.279868
vt 0.933176 0.282886
vt 0.934302 0.280035
vt 0.933214 0.282886
vt 0.165523 0.109663
vt 0.162153 0.109663
vt 0.162153 0.041932
vt 0.165523 0.041932
vt 0.930923 0.282886
vt 0.930865 0.282886
vt 0.929797 0.280035
vt 0.928577 0.282659
vt 0.922843 0.281518
vt 0.922029 0.278488
vt 0.169034 0.109628
vt 0.165611 0.109628
vt 0.165640 0.041932
vt 0.169005 0.041932
vt 0.935522 0.282659
vt 0.942070 0.278488
vt 0.941237 0.281522
vt 0.162095 0.109594
vt 0.158642 0.109628
vt 0.158671 0.041932
vt 0.162036 0.041932
vt 0.909166 0.263986
vt 0.911618 0.268190
vt 0.909926 0.267807
vt 0.349637 0.545335
vt 0.344954 0.545359
vt 0.344991 0.496142
vt 0.349559 0.496142
vt 0.943490 0.280563
vt 0.948466 0.274211
vt 0.948091 0.277489
vt 0.150089 0.109595
vt 0.146717 0.109629
vt 0.146744 0.041932
vt 0.150032 0.041932
vt 0.950115 0.275383
vt 0.952802 0.271361
vt 0.139832 0.109596
vt 0.136804 0.109629
vt 0.136827 0.041932
vt 0.139778 0.041932
vt 0.467002 0.502161
vt 0.463171 0.502184
vt 0.463206 0.452962
vt 0.466955 0.452962
vt 0.911283 0.271339
vt 0.915632 0.274211
vt 0.913969 0.275360
vt 0.340797 0.545337
vt 0.336954 0.545360
vt 0.336978 0.496142
vt 0.340726 0.496142
vt 0.915990 0.277477
vt 0.920590 0.280551
vt 0.190894 0.109596
vt 0.187871 0.109629
vt 0.187898 0.041932
vt 0.190850 0.041932
vt 0.180986 0.109595
vt 0.177616 0.109629
vt 0.177644 0.041932
vt 0.180932 0.041932
vt 0.129243 0.044120
vt 0.129243 0.109683
vt 0.066370 0.109683
vt 0.066370 0.044120
vt 0.132783 0.109600
vt 0.132740 0.041932
vt 0.194915 0.109631
vt 0.194937 0.041932
vt 0.750489 0.393336
vt 0.752695 0.393336
vt 0.752695 0.635578
vt 0.750489 0.635578
vt 0.800312 0.393336
vt 0.800312 0.635578
vt 0.502531 0.000000
vt 0.744664 0.000000
vt 0.744664 0.002205
vt 0.502531 0.002205
vt 0.752695 0.391130
vt 0.800312 0.391130
vt 0.802517 0.393336
vt 0.802517 0.635578
vt 0.800312 0.637784
vt 0.752695 0.637784
vt 0.744664 0.390017
vt 0.502531 0.390017
vt 0.002207 0.642796
vt 0.002207 0.640589
vt 0.049847 0.640589
vt 0.049848 0.642796
vt 0.802518 0.391130
vt 0.804723 0.393336
vt 0.804723 0.635578
vt 0.802518 0.637784
vt 0.300010 0.000000
vt 0.300010 0.002207
vt 0.252370 0.002207
vt 0.252370 0.000000
vt 0.500326 0.390019
vt 0.500326 0.002205
vt 0.746869 0.002205
vt 0.746869 0.390019
vt 0.744664 0.392221
vt 0.502531 0.392221
vt 0.002207 0.252413
vt 0.049680 0.252581
vt 0.052054 0.640589
vt 0.052054 0.642796
vt 0.804723 0.391130
vt 0.994937 0.393336
vt 0.994937 0.635578
vt 0.804723 0.637784
vt 0.302217 0.000000
vt 0.302217 0.002207
vt 0.299843 0.390213
vt 0.252370 0.390380
vt 0.500326 0.392223
vt 0.000000 0.640589
vt 0.000000 0.252411
vt 0.250163 0.390382
vt 0.250163 0.002207
vt 0.746869 0.392223
vt 0.744664 0.394426
vt 0.502531 0.394426
vt 0.002207 0.250207
vt 0.049358 0.250327
vt 0.051934 0.252902
vt 0.054261 0.640589
vt 0.054261 0.642796
vt 0.994936 0.391130
vt 0.994936 0.637784
vt 0.997142 0.393336
vt 0.997142 0.635578
vt 0.304423 0.000000
vt 0.304423 0.002207
vt 0.302143 0.389825
vt 0.299521 0.392466
vt 0.252370 0.392587
vt 0.000000 0.250205
vt 0.500326 0.394427
vt 0.250163 0.392588
vt 0.746869 0.394427
vt 0.744664 0.594508
vt 0.502531 0.594508
vt 0.002207 0.248000
vt 0.049037 0.248073
vt 0.054187 0.253224
vt 0.244568 0.640589
vt 0.244567 0.642796
vt 0.494729 0.000000
vt 0.494729 0.002207
vt 0.996868 0.000000
vt 0.996868 0.002215
vt 0.753621 0.002215
vt 0.753621 0.000000
vt 0.304444 0.389437
vt 0.299199 0.394720
vt 0.252370 0.394794
vt 0.000000 0.247999
vt 0.500326 0.594508
vt 0.250163 0.394795
vt 0.746869 0.594508
vt 0.744664 0.596712
vt 0.502531 0.596712
vt 0.000000 0.047731
vt 0.002207 0.047731
vt 0.500326 0.596712
vt 0.252370 0.595061
vt 0.250163 0.595061
vt 0.746869 0.596712
vt 0.744664 0.598917
vt 0.502531 0.598917
vt 0.002207 0.045524
vt 0.030525 0.045506
vt 0.031440 0.047731
vt 0.034561 0.047731
vt 0.048932 0.062043
vt 0.048990 0.065224
vt 0.236375 0.255483
vt 0.238615 0.255171
vt 0.242724 0.259281
vt 0.242412 0.261520
vt 0.486536 0.387310
vt 0.485666 0.389414
vt 0.479903 0.390783
vt 0.477900 0.389636
vt 0.492574 0.381273
vt 0.492871 0.383529
vt 0.488776 0.387622
vt 0.996762 0.372081
vt 0.996788 0.374361
vt 0.753675 0.374371
vt 0.753674 0.372119
vt 0.299121 0.577569
vt 0.299078 0.580749
vt 0.284724 0.595061
vt 0.281603 0.595061
vt 0.280688 0.597287
vt 0.252370 0.597268
vt 0.000000 0.045524
vt 0.500326 0.598917
vt 0.250163 0.597268
vt 0.746869 0.598917
vt 0.744664 0.639989
vt 0.502531 0.639989
vt 0.051009 0.063007
vt 0.051035 0.066222
vt 0.002207 0.043317
vt 0.031478 0.043317
vt 0.033693 0.045525
vt 0.037682 0.047731
vt 0.048873 0.058862
vt 0.999156 0.389041
vt 0.996818 0.389746
vt 0.996818 0.385854
vt 0.999156 0.384916
vt 0.751351 0.384933
vt 0.753721 0.385880
vt 0.753671 0.389746
vt 0.751333 0.389041
vt 0.996815 0.376585
vt 0.753674 0.376585
vt 0.301183 0.576569
vt 0.301165 0.579785
vt 0.299036 0.583930
vt 0.287845 0.595061
vt 0.283856 0.597267
vt 0.281640 0.599475
vt 0.252370 0.599475
vt 0.000000 0.043317
vt 0.500326 0.639989
vt 0.250163 0.599475
vt 0.746869 0.639989
vt 0.744664 0.642193
vt 0.502531 0.642193
vt 0.934474 0.638121
vt 0.937689 0.638132
vt 0.938849 0.640215
vt 0.935565 0.640164
vt 0.050984 0.059791
vt 0.034695 0.043317
vt 0.036861 0.045545
vt 0.751426 0.640114
vt 0.753591 0.640143
vt 0.753591 0.882568
vt 0.751426 0.882569
vt 0.072381 0.888415
vt 0.072399 0.645734
vt 0.074566 0.645734
vt 0.074508 0.888443
vt 0.996818 0.381957
vt 0.753671 0.381957
vt 0.301147 0.583000
vt 0.934474 0.884605
vt 0.935564 0.882578
vt 0.938849 0.882512
vt 0.937688 0.884587
vt 0.287024 0.597247
vt 0.284858 0.599475
vt 0.000000 0.002207
vt 0.002207 0.002207
vt 0.252370 0.640585
vt 0.250163 0.640585
vt 0.454378 0.644399
vt 0.456584 0.644399
vt 0.456584 0.886678
vt 0.454378 0.886678
vt 0.940904 0.638142
vt 0.942134 0.640266
vt 0.952069 0.652672
vt 0.952126 0.655739
vt 0.049847 0.002207
vt 0.052054 0.002207
vt 0.051776 0.024958
vt 0.049847 0.025998
vt 0.049847 0.029031
vt 0.002207 0.000000
vt 0.049847 0.000000
vt 0.037912 0.043317
vt 0.049359 0.045404
vt 0.049037 0.047657
vt 0.245398 0.645898
vt 0.245436 0.888275
vt 0.996818 0.391128
vt 0.753696 0.391130
vt 0.753701 0.384061
vt 0.996818 0.384054
vt 0.249889 0.645845
vt 0.255210 0.645892
vt 0.255245 0.888278
vt 0.249889 0.888275
vt 0.942134 0.882446
vt 0.940903 0.884569
vt 0.952122 0.866973
vt 0.952055 0.870061
vt 0.299067 0.595041
vt 0.299455 0.597341
vt 0.288074 0.599475
vt 0.300010 0.613761
vt 0.300010 0.616794
vt 0.301939 0.617834
vt 0.302217 0.640585
vt 0.300010 0.640585
vt 0.300010 0.642792
vt 0.252370 0.642792
vt 0.504208 0.644399
vt 0.504208 0.886678
vt 0.952011 0.649606
vt 0.052058 0.000000
vt 0.054261 0.002207
vt 0.054261 0.024744
vt 0.051978 0.027474
vt 0.049847 0.032064
vt 0.504208 0.888884
vt 0.456584 0.888884
vt 0.049681 0.043150
vt 0.954214 0.657335
vt 0.954212 0.865375
vt 0.247676 0.645867
vt 0.247681 0.888274
vt 0.257327 0.645866
vt 0.257336 0.888278
vt 0.951988 0.873150
vt 0.299843 0.599642
vt 0.300010 0.610728
vt 0.302141 0.615318
vt 0.304423 0.618048
vt 0.304423 0.640585
vt 0.302221 0.642792
vt 0.456584 0.642193
vt 0.504208 0.642193
vt 0.506414 0.644399
vt 0.506414 0.886678
vt 0.054261 0.000000
vt 0.506418 0.888884
vt 0.201609 0.002207
vt 0.201647 0.024727
vt 0.054261 0.026950
vt 0.052029 0.029961
vt 0.261356 0.662390
vt 0.263611 0.662946
vt 0.263611 0.870723
vt 0.261355 0.871277
vt 0.302191 0.612830
vt 0.304423 0.615841
vt 0.451809 0.618064
vt 0.451771 0.640585
vt 0.304423 0.642792
vt 0.506418 0.642193
vt 0.508620 0.644399
vt 0.508620 0.886678
vt 0.952134 0.640115
vt 0.954325 0.640142
vt 0.954311 0.652254
vt 0.508620 0.888884
vt 0.201608 0.000000
vt 0.203816 0.002207
vt 0.203827 0.024727
vt 0.054261 0.029157
vt 0.392794 0.662957
vt 0.392794 0.870711
vt 0.954307 0.870473
vt 0.954324 0.882599
vt 0.952134 0.882596
vt 0.304423 0.613635
vt 0.451770 0.642792
vt 0.453989 0.618064
vt 0.453978 0.640585
vt 0.508620 0.642193
vt 0.655919 0.644399
vt 0.655919 0.886678
vt 0.655918 0.888884
vt 0.698424 0.642205
vt 0.698424 0.644471
vt 0.675299 0.644432
vt 0.675299 0.642193
vt 0.203601 0.026917
vt 0.201400 0.026905
vt 0.054281 0.042290
vt 0.051981 0.042720
vt 0.395332 0.662662
vt 0.395329 0.871006
vt 0.302097 0.600004
vt 0.304350 0.600366
vt 0.655918 0.642193
vt 0.675299 0.895603
vt 0.675299 0.893364
vt 0.698424 0.893325
vt 0.698424 0.895591
vt 0.451569 0.615886
vt 0.453764 0.615874
vt 0.658125 0.644400
vt 0.658125 0.886677
vt 0.673048 0.644679
vt 0.673051 0.642429
vt 0.202939 0.029047
vt 0.200700 0.029054
vt 0.397139 0.661687
vt 0.397139 0.871982
vt 0.673051 0.895366
vt 0.673049 0.893109
vt 0.450886 0.613750
vt 0.453103 0.613744
vt 0.700689 0.644472
vt 0.700689 0.893324
vt 0.670870 0.645379
vt 0.670864 0.643110
vt 0.395011 0.660744
vt 0.396239 0.659513
vt 0.406047 0.652930
vt 0.406019 0.880670
vt 0.396239 0.874155
vt 0.395010 0.872925
vt 0.393087 0.873244
vt 0.394064 0.875057
vt 0.670864 0.894682
vt 0.670857 0.892392
vt 0.394064 0.658612
vt 0.393087 0.660428
vt 0.406109 0.646484
vt 0.408260 0.647440
vt 0.407001 0.648680
vt 0.404821 0.647682
vt 0.658604 0.652391
vt 0.659787 0.650386
vt 0.659778 0.887388
vt 0.658592 0.885335
vt 0.406109 0.887184
vt 0.404839 0.885986
vt 0.407001 0.884985
vt 0.408260 0.886228
vt 0.661746 0.891020
vt 0.661770 0.888774
vt 0.402849 0.649576
vt 0.405117 0.650594
vt 0.661770 0.649022
vt 0.661746 0.646776
vt 0.659824 0.648044
vt 0.402915 0.884118
vt 0.405116 0.883074
vt 0.659822 0.889748
vt 0.470583 0.441597
vt 0.469877 0.448158
vt 0.461683 0.446373
vt 0.464437 0.440258
vt 0.472147 0.441597
vt 0.472147 0.448158
vt 0.472147 0.402707
vt 0.455532 0.402707
vt 0.448970 0.396145
vt 0.472147 0.396145
vt 0.455532 0.424229
vt 0.448970 0.424820
vt 0.456921 0.431878
vt 0.450684 0.434253
vt 0.460096 0.437081
vt 0.455171 0.441608
vt 0.469360 0.452962
vt 0.459667 0.450850
vt 0.472147 0.452962
vt 0.473711 0.441597
vt 0.474417 0.448158
vt 0.488762 0.402707
vt 0.495324 0.396145
vt 0.495324 0.424820
vt 0.488762 0.424229
vt 0.479857 0.440258
vt 0.482611 0.446373
vt 0.484198 0.437081
vt 0.489123 0.441608
vt 0.487373 0.431878
vt 0.493610 0.434253
vt 0.444167 0.391342
vt 0.472147 0.391342
vt 0.444167 0.425253
vt 0.446117 0.435991
vt 0.451566 0.444923
vt 0.388008 0.423859
vt 0.394979 0.424061
vt 0.394979 0.434942
vt 0.388008 0.434158
vt 0.388008 0.420898
vt 0.394979 0.420898
vt 0.474934 0.452962
vt 0.500127 0.391342
vt 0.500127 0.425253
vt 0.484627 0.450850
vt 0.492728 0.444923
vt 0.498177 0.435991
vt 0.336954 0.393246
vt 0.343125 0.391592
vt 0.343125 0.419560
vt 0.336954 0.419560
vt 0.379627 0.496142
vt 0.347672 0.496142
vt 0.347523 0.489959
vt 0.381284 0.489959
vt 0.337554 0.496142
vt 0.336954 0.489959
vt 0.388008 0.448554
vt 0.388008 0.442764
vt 0.394979 0.444166
vt 0.394979 0.450330
vt 0.442821 0.434942
vt 0.442821 0.424061
vt 0.442821 0.420898
vt 0.388008 0.417937
vt 0.394979 0.417736
vt 0.384559 0.498944
vt 0.382903 0.492761
vt 0.416664 0.492761
vt 0.416514 0.498944
vt 0.343125 0.447528
vt 0.336954 0.445874
vt 0.388008 0.407639
vt 0.394979 0.406855
vt 0.388008 0.399032
vt 0.394979 0.397630
vt 0.388008 0.393243
vt 0.394979 0.391467
vt 0.427232 0.492761
vt 0.426633 0.498944
vt 0.385473 0.419560
vt 0.385473 0.391592
vt 0.381284 0.447528
vt 0.347523 0.447528
vt 0.336954 0.447528
vt 0.442821 0.450330
vt 0.442821 0.444166
vt 0.442821 0.417736
vt 0.382903 0.450330
vt 0.416664 0.450330
vt 0.385473 0.447528
vt 0.442821 0.406855
vt 0.442821 0.397630
vt 0.442821 0.391467
vt 0.427232 0.450330
vt 0.750894 0.391536
vt 0.750894 0.637378
vt 0.746464 0.000405
vt 0.250569 0.000406
vt 0.500731 0.000405
vt 0.000406 0.642390
vt 0.052028 0.250224
vt 0.996738 0.391536
vt 0.996738 0.637378
vt 0.302217 0.392547
vt 0.051195 0.247611
vt 0.054623 0.251068
vt 0.304864 0.391684
vt 0.301358 0.395183
vt 0.226101 0.251531
vt 0.227739 0.253157
vt 0.246775 0.640589
vt 0.246370 0.642390
vt 0.244738 0.270156
vt 0.246365 0.271818
vt 0.998675 0.000407
vt 0.999083 0.002215
vt 0.496531 0.000406
vt 0.496936 0.002207
vt 0.496526 0.370999
vt 0.494899 0.372637
vt 0.751406 0.002215
vt 0.751814 0.000407
vt 0.751275 0.372357
vt 0.476239 0.391263
vt 0.753124 0.637953
vt 0.750512 0.637783
vt 0.071475 0.890749
vt 0.074072 0.890592
vt 0.245673 0.890667
vt 0.247546 0.890270
vt 0.249317 0.890667
vt 0.247312 0.891451
vt 0.229742 0.252011
vt 0.235525 0.253387
vt 0.237367 0.253726
vt 0.244509 0.262370
vt 0.245885 0.268153
vt 0.244169 0.260528
vt 0.999214 0.376011
vt 0.998802 0.374225
vt 0.999195 0.372334
vt 1.000000 0.374001
vt 0.751673 0.374235
vt 0.751275 0.376011
vt 0.750489 0.374001
vt 0.496046 0.374640
vt 0.494670 0.380423
vt 0.494324 0.382272
vt 0.487520 0.389070
vt 0.249317 0.643453
vt 0.247539 0.643862
vt 0.245650 0.643472
vt 0.247312 0.642669
vt 0.074150 0.643547
vt 0.071501 0.643379
vt 0.750489 0.884921
vt 0.753124 0.884759
vt 0.255084 0.643529
vt 0.746464 0.641788
vt 0.500731 0.641788
vt 0.051192 0.048094
vt 0.255104 0.890609
vt 0.998742 0.390491
vt 0.256947 0.890197
vt 0.998742 0.383664
vt 0.999155 0.381816
vt 0.751759 0.390494
vt 0.256939 0.643935
vt 0.751333 0.381816
vt 0.751761 0.383671
vt 0.301310 0.594643
vt 0.000406 0.000406
vt 0.250569 0.642386
vt 0.454783 0.888479
vt 0.454783 0.642599
vt 0.952598 0.637945
vt 0.954264 0.654791
vt 0.052048 0.045438
vt 0.955254 0.637810
vt 0.954261 0.867928
vt 0.952544 0.884761
vt 0.302158 0.597312
vt 0.955212 0.884910
vt 0.261335 0.657288
vt 0.263556 0.658490
vt 0.263583 0.660718
vt 0.261350 0.659835
vt 0.263583 0.872951
vt 0.261350 0.873841
vt 0.263556 0.875179
vt 0.261334 0.876395
vt 0.261318 0.645127
vt 0.263476 0.645213
vt 0.203410 0.000406
vt 0.263417 0.888516
vt 0.261301 0.888571
vt 0.453572 0.642386
vt 0.260427 0.642786
vt 0.263070 0.643024
vt 0.197171 0.037989
vt 0.054681 0.044507
vt 0.262984 0.890668
vt 0.260374 0.890891
vt 0.304759 0.598242
vt 0.447333 0.604803
vt 0.657719 0.642599
vt 0.657719 0.888479
vt 0.700273 0.642621
vt 0.199313 0.037927
vt 0.195887 0.039852
vt 0.446068 0.602939
vt 0.700273 0.895175
vt 0.449475 0.604865
vt 0.407872 0.650970
vt 0.407864 0.882677
vt 0.963828 0.236297
vt 0.963828 0.270108
vt 0.935764 0.236297
vt 0.907701 0.236297
vt 0.907701 0.270108
vt 0.909623 0.280692
vt 0.915098 0.289665
vt 0.923291 0.295661
vt 0.961906 0.280692
vt 0.956431 0.289665
vt 0.948238 0.295661
vt 0.938573 0.297766
vt 0.932956 0.297766
vt 0.935764 0.297766
vn -0.013487 -0.999579 0.025702
vn -0.502047 -0.864692 0.016002
vn -0.503672 -0.863895 0.000000
vn -0.013729 -0.999906 0.000000
vn -0.959544 -0.281342 0.011079
vn -0.999615 -0.021104 0.018001
vn -0.999771 -0.021403 0.000000
vn -0.959325 -0.282303 0.000000
vn -0.009523 -0.021246 0.999729
vn -0.005825 -0.281810 0.959453
vn 0.005825 -0.281809 0.959453
vn 0.009523 -0.021246 0.999729
vn -0.008430 -0.864345 0.502828
vn 0.013488 -0.999579 0.025702
vn 0.008430 -0.864346 0.502828
vn -0.924684 -0.013752 0.380488
vn -0.923879 0.000000 0.382684
vn -0.999830 0.000000 0.018430
vn -0.380488 -0.013748 0.924684
vn -0.009754 0.000000 0.999952
vn -0.382685 0.000000 0.923879
vn 0.999612 -0.021193 0.018075
vn 0.959547 -0.281330 0.011079
vn 0.959328 -0.282294 0.000000
vn 0.999768 -0.021549 0.000000
vn 0.502002 -0.864718 0.016002
vn 0.013741 -0.999906 0.000000
vn 0.503627 -0.863921 0.000000
vn 0.380430 -0.013747 0.924707
vn 0.382625 0.000000 0.923904
vn 0.009761 0.000000 0.999952
vn 0.924701 -0.013749 0.380447
vn 0.999828 0.000000 0.018563
vn 0.923898 0.000000 0.382639
vn -0.009523 0.021246 0.999729
vn -0.380464 0.013748 0.924694
vn -0.382661 0.000000 0.923889
vn -0.009754 0.000000 0.999952
vn -0.924687 0.013752 0.380479
vn -0.999615 0.021104 0.018001
vn -0.999830 0.000000 0.018430
vn -0.923883 0.000000 0.382675
vn -0.013488 0.999579 0.025703
vn -0.008430 0.864330 0.502855
vn 0.008430 0.864330 0.502854
vn 0.013488 0.999579 0.025703
vn -0.005825 0.281815 0.959451
vn 0.009523 0.021246 0.999729
vn 0.005825 0.281815 0.959451
vn -0.959542 0.281346 0.011080
vn -0.959324 0.282308 0.000000
vn -0.999771 0.021403 0.000000
vn -0.502062 0.864683 0.016003
vn -0.013729 0.999906 0.000000
vn -0.503688 0.863886 0.000000
vn 0.999612 0.021193 0.018075
vn 0.924700 0.013748 0.380447
vn 0.923897 0.000000 0.382640
vn 0.999828 0.000000 0.018550
vn 0.380430 0.013747 0.924707
vn 0.009761 0.000000 0.999952
vn 0.382625 0.000000 0.923904
vn 0.502017 0.864710 0.016001
vn 0.503642 0.863912 0.000000
vn 0.013742 0.999906 0.000000
vn 0.959546 0.281334 0.011079
vn 0.999768 0.021557 0.000000
vn 0.959327 0.282298 0.000000
vn -0.013488 0.999579 -0.025703
vn -0.502061 0.864684 -0.016003
vn -0.503688 0.863886 0.000000
vn -0.013729 0.999906 0.000000
vn -0.959543 0.281346 -0.011080
vn -0.999615 0.021104 -0.018001
vn -0.999771 0.021403 0.000000
vn -0.959324 0.282308 0.000000
vn -0.009523 0.021246 -0.999729
vn -0.005825 0.281815 -0.959451
vn 0.005825 0.281815 -0.959451
vn 0.009523 0.021246 -0.999729
vn -0.008429 0.864330 -0.502854
vn 0.013488 0.999579 -0.025703
vn 0.008429 0.864330 -0.502854
vn -0.924687 0.013751 -0.380479
vn -0.923883 0.000000 -0.382675
vn -0.999830 0.000000 -0.018430
vn -0.380487 0.013748 -0.924684
vn -0.009754 0.000000 -0.999952
vn -0.382685 0.000000 -0.923879
vn 0.999612 0.021193 -0.018075
vn 0.959546 0.281334 -0.011079
vn 0.959327 0.282298 0.000000
vn 0.999768 0.021549 0.000000
vn 0.502017 0.864710 -0.016001
vn 0.013742 0.999906 0.000000
vn 0.503643 0.863912 0.000000
vn 0.380430 0.013747 -0.924707
vn 0.382627 0.000000 -0.923903
vn 0.009761 0.000000 -0.999952
vn 0.924704 0.013748 -0.380438
vn 0.999828 0.000000 -0.018562
vn 0.923901 0.000000 -0.382631
vn -0.009523 -0.021246 -0.999729
vn -0.380488 -0.013748 -0.924684
vn -0.382683 0.000000 -0.923880
vn -0.009754 0.000000 -0.999952
vn -0.924688 -0.013752 -0.380479
vn -0.999615 -0.021104 -0.018001
vn -0.999830 0.000000 -0.018430
vn -0.923883 0.000000 -0.382675
vn -0.013487 -0.999579 -0.025702
vn -0.008429 -0.864345 -0.502828
vn 0.008429 -0.864345 -0.502828
vn 0.013488 -0.999579 -0.025702
vn -0.005825 -0.281810 -0.959453
vn 0.009523 -0.021246 -0.999729
vn 0.005825 -0.281810 -0.959453
vn -0.959544 -0.281342 -0.011079
vn -0.959325 -0.282304 0.000000
vn -0.999771 -0.021403 0.000000
vn -0.502047 -0.864693 -0.016002
vn -0.013729 -0.999906 0.000000
vn -0.503672 -0.863895 0.000000
vn 0.999612 -0.021193 -0.018075
vn 0.924701 -0.013748 -0.380447
vn 0.923898 0.000000 -0.382640
vn 0.999828 0.000000 -0.018550
vn 0.380430 -0.013748 -0.924708
vn 0.009761 0.000000 -0.999952
vn 0.382625 0.000000 -0.923904
vn 0.502002 -0.864718 -0.016002
vn 0.503627 -0.863921 0.000000
vn 0.013741 -0.999906 0.000000
vn 0.959547 -0.281330 -0.011079
vn 0.999768 -0.021557 0.000000
vn 0.959328 -0.282294 0.000000
vn -0.009754 0.000000 0.999952
vn -0.009754 0.000000 0.999952
vn 0.009753 0.000000 0.999952
vn 0.009751 0.000000 0.999953
vn -0.999830 0.000000 0.018430
vn -0.923884 0.000000 0.382673
vn -0.923884 0.000000 0.382673
vn -0.999830 0.000000 0.018430
vn -0.382688 0.000000 0.923878
vn -0.009754 0.000000 0.999952
vn -0.382688 0.000000 0.923878
vn -0.999830 0.000000 0.018430
vn -1.000000 0.000000 0.000000
vn -1.000000 0.000000 0.000000
vn -1.000000 0.000000 0.000000
vn 0.999825 0.000000 0.018715
vn 0.999830 0.000000 0.018425
vn 0.999906 0.004983 -0.012772
vn 0.999882 0.000078 -0.015376
vn 1.000000 0.000526 -0.000746
vn 0.382643 0.000000 0.923896
vn 0.382643 0.000000 0.923896
vn 0.009754 0.000000 0.999952
vn 0.923900 0.000000 0.382635
vn 0.999824 0.000000 0.018750
vn 0.923900 0.000000 0.382635
vn -0.013729 0.999906 0.000000
vn -0.013730 0.999906 0.000000
vn 0.013726 0.999906 0.000000
vn 0.013724 0.999906 0.000000
vn -0.999771 0.021404 0.000000
vn -0.959321 0.282317 0.000000
vn -0.959321 0.282317 0.000000
vn -0.999771 0.021404 0.000000
vn -0.503687 0.863886 0.000000
vn -0.013729 0.999906 0.000000
vn -0.503686 0.863887 0.000000
vn -0.999771 0.021403 0.000000
vn -1.000000 0.000000 0.000000
vn -1.000000 0.000000 0.000000
vn -1.000000 0.000000 0.000000
vn 0.999759 0.021942 0.000000
vn 0.999768 0.021541 0.000000
vn 0.999821 -0.015183 -0.011316
vn 0.999811 -0.019428 -0.000941
vn 1.000000 -0.000526 -0.000734
vn 0.503634 0.863917 0.000000
vn 0.503634 0.863917 0.000000
vn 0.013729 0.999906 0.000000
vn 0.959329 0.282292 0.000000
vn 0.999758 0.022003 0.000000
vn 0.959328 0.282293 0.000000
vn -0.009754 0.000000 -0.999952
vn -0.009754 0.000000 -0.999952
vn 0.009753 0.000000 -0.999952
vn 0.009750 0.000000 -0.999953
vn -0.999830 0.000000 -0.018430
vn -0.923884 0.000000 -0.382673
vn -0.923884 0.000000 -0.382673
vn -0.999830 0.000000 -0.018430
vn -0.382669 0.000000 -0.923885
vn -0.009754 0.000000 -0.999952
vn -0.382669 0.000000 -0.923885
vn -0.999830 0.000000 -0.018430
vn -1.000000 0.000000 0.000000
vn -1.000000 0.000000 0.000000
vn -1.000000 0.000000 0.000000
vn 0.999825 0.000000 -0.018715
vn 0.999830 0.000000 -0.018425
vn 0.999906 -0.004983 0.012772
vn 0.999882 -0.000078 0.015376
vn 1.000000 -0.000526 0.000746
vn 0.382625 0.000000 -0.923904
vn 0.382625 0.000000 -0.923904
vn 0.009754 0.000000 -0.999952
vn 0.923900 0.000000 -0.382635
vn 0.999824 0.000000 -0.018750
vn 0.923900 0.000000 -0.382635
vn -0.013729 -0.999906 0.000000
vn -0.013729 -0.999906 0.000000
vn 0.013726 -0.999906 0.000000
vn 0.013723 -0.999906 0.000000
vn -0.999771 -0.021404 0.000000
vn -0.959323 -0.282313 0.000000
vn -0.959323 -0.282313 0.000000
vn -0.999771 -0.021404 0.000000
vn -0.503671 -0.863896 0.000000
vn -0.013729 -0.999906 0.000000
vn -0.503672 -0.863895 0.000000
vn -0.999771 -0.021403 0.000000
vn -1.000000 0.000000 0.000000
vn -1.000000 0.000000 0.000000
vn -1.000000 0.000000 0.000000
vn 0.999759 -0.021943 0.000000
vn 0.999768 -0.021542 0.000000
vn 0.999821 0.015183 0.011316
vn 0.999811 0.019428 0.000941
vn 1.000000 0.000526 0.000734
vn 0.503618 -0.863926 0.000000
vn 0.503620 -0.863925 0.000000
vn 0.013728 -0.999906 0.000000
vn 0.959330 -0.282287 0.000000
vn 0.999758 -0.022003 0.000000
vn 0.959330 -0.282288 0.000000
vn -0.013729 0.999906 0.000000
vn -0.013729 0.999906 0.000000
vn 0.013729 0.999906 0.000000
vn 0.013729 0.999906 0.000000
vn -0.999771 0.021404 0.000000
vn -0.959321 0.282317 0.000000
vn -0.959321 0.282317 0.000000
vn -0.999771 0.021404 0.000000
vn -0.503686 0.863887 0.000000
vn -0.013729 0.999906 0.000000
vn -0.503687 0.863886 0.000000
vn -0.999771 0.021405 0.000000
vn -1.000000 0.000000 0.000000
vn -1.000000 0.000000 0.000000
vn -1.000000 0.000000 0.000000
vn -0.999771 0.021403 0.000000
vn -1.000000 0.000000 0.000000
vn -1.000000 0.000000 0.000000
vn -0.013730 0.999906 0.000000
vn 0.013723 0.999906 0.000000
vn 0.013730 0.999906 0.000000
vn -0.999771 -0.021405 0.000000
vn -1.000000 0.000000 0.000000
vn -1.000000 0.000000 0.000000
vn -0.999771 -0.021404 0.000000
vn -1.000000 0.000000 0.000000
vn -0.013729 -0.999906 0.000000
vn -0.013729 -0.999906 0.000000
vn 0.013729 -0.999906 0.000000
vn 0.013729 -0.999906 0.000000
vn -0.959322 -0.282313 0.000000
vn -0.959322 -0.282313 0.000000
vn -0.999771 -0.021404 0.000000
vn -0.503671 -0.863896 0.000000
vn -0.013729 -0.999906 0.000000
vn -0.503671 -0.863896 0.000000
vn -0.999771 -0.021403 0.000000
vn -1.000000 0.000000 0.000000
vn -1.000000 0.000000 0.000000
vn -0.013729 -0.999906 0.000000
vn 0.013722 -0.999906 0.000000
vn 0.013730 -0.999906 0.000000
vn 0.999756 -0.022084 0.000000
vn 0.999757 -0.022066 0.000000
vn 0.999757 0.022066 0.000000
vn 0.999772 0.021373 -0.000061
vn 0.999776 0.021154 0.000164
vn 0.503618 -0.863927 0.000000
vn 0.503615 -0.863928 0.000000
vn 0.959333 -0.282277 0.000000
vn 0.999757 -0.022044 0.000000
vn 0.959333 -0.282277 0.000000
vn 0.999772 -0.021376 0.000000
vn 0.999816 0.015299 -0.011536
vn 0.999811 0.019414 -0.000861
vn 0.999756 0.022084 0.000000
vn 0.999757 0.022066 0.000000
vn 0.999757 -0.022066 0.000000
vn 0.999772 -0.021373 0.000061
vn 0.999776 -0.021154 -0.000164
vn 0.503633 0.863918 0.000000
vn 0.503631 0.863919 0.000000
vn 0.959332 0.282282 0.000000
vn 0.999757 0.022044 0.000000
vn 0.959332 0.282282 0.000000
vn 0.999772 0.021376 0.000000
vn 0.999816 -0.015299 0.011535
vn 0.999811 -0.019414 0.000861
vn -1.000000 0.000000 0.000000
vn -1.000000 0.000000 0.000000
vn -1.000000 0.000000 0.000000
vn -1.000000 0.000000 0.000000
vn -1.000000 0.000000 0.000000
vn -1.000000 0.000000 0.000000
vn -1.000000 0.000000 0.000000
vn -1.000000 0.000000 0.000000
vn -1.000000 0.000000 0.000000
vn -1.000000 0.000000 0.000000
vn -1.000000 0.000000 0.000000
vn -1.000000 0.000000 0.000000
vn 0.047255 0.998883 -0.000167
vn 0.047288 0.998881 0.000000
vn 0.047287 0.998881 0.000000
vn 0.047098 0.998890 0.000000
vn 0.046260 0.998930 0.000262
vn 0.047098 0.998890 0.000000
vn 0.961855 0.273557 -0.000778
vn 0.963876 0.266052 -0.012640
vn 0.507300 0.861768 -0.001791
vn 0.053701 0.997353 -0.049032
vn 0.516272 0.855119 -0.047272
vn 0.498605 0.866825 0.002826
vn 0.507016 0.860502 0.049702
vn 0.052917 0.997396 0.049001
vn 0.960713 0.277536 0.002148
vn 0.962626 0.270508 0.013313
vn -1.000000 0.000000 0.000000
vn -0.999830 0.000000 -0.018430
vn -1.000000 0.000000 0.000000
vn -0.999830 0.000000 -0.018430
vn -1.000000 0.000000 0.000000
vn -1.000000 0.000000 0.000000
vn -1.000000 0.000000 0.000000
vn -1.000000 0.000000 0.000000
vn -1.000000 0.000000 0.000000
vn -1.000000 0.000000 0.000000
vn -1.000000 0.000000 0.000000
vn -1.000000 0.000000 0.000000
vn 0.037844 -0.004117 0.999275
vn 0.053745 -0.279829 0.958544
vn 0.022459 -0.280480 0.959597
vn 0.033258 -0.004003 0.999439
vn 0.059373 -0.863833 0.500268
vn 0.053703 -0.997352 0.049031
vn 0.045694 -0.997853 0.046911
vn 0.032051 -0.865153 0.500483
vn 0.926968 -0.001302 0.375138
vn 0.926473 -0.000254 0.376362
vn 0.999835 -0.000012 0.018162
vn 0.379461 -0.005534 0.925191
vn 0.032680 -0.000022 0.999466
vn 0.377816 -0.000260 0.925881
vn 0.516283 -0.855112 0.047272
vn 0.507313 -0.861760 0.001793
vn 0.047257 -0.998883 0.000167
vn 0.963875 -0.266053 0.012641
vn 0.961855 -0.273560 0.000778
vn -1.000000 0.000000 0.000000
vn -0.999830 0.000000 0.018430
vn -1.000000 0.000000 0.000000
vn -0.999830 0.000000 0.018430
vn -1.000000 0.000000 0.000000
vn -1.000000 0.000000 0.000000
vn -1.000000 0.000000 0.000000
vn -1.000000 0.000000 0.000000
vn 0.037844 0.004117 -0.999275
vn 0.053746 0.279831 -0.958544
vn 0.022463 0.280482 -0.959596
vn 0.033260 0.004003 -0.999439
vn 0.059373 0.863828 -0.500276
vn 0.045695 0.997853 -0.046912
vn 0.032052 0.865148 -0.500491
vn 0.926968 0.001302 -0.375138
vn 0.926473 0.000254 -0.376362
vn 0.999835 0.000012 -0.018162
vn 0.379442 0.005534 -0.925199
vn 0.032680 0.000022 -0.999466
vn 0.377797 0.000260 -0.925888
vn -0.009754 0.000000 0.999952
vn -0.009754 0.000000 0.999952
vn 0.009754 0.000000 0.999952
vn 0.009754 0.000000 0.999952
vn -0.999830 0.000000 0.018430
vn -0.923884 0.000000 0.382673
vn -0.923884 0.000000 0.382673
vn -0.382688 0.000000 0.923878
vn -0.009754 0.000000 0.999952
vn -0.382688 0.000000 0.923878
vn -0.999830 0.000000 0.018430
vn -1.000000 0.000000 0.000000
vn -1.000000 0.000000 0.000000
vn -0.009754 0.000000 0.999952
vn 0.009751 0.000000 0.999952
vn 0.009755 0.000000 0.999952
vn -1.000000 0.000000 0.000000
vn -1.000000 0.000000 0.000000
vn -1.000000 0.000000 0.000000
vn -1.000000 0.000000 0.000000
vn -1.000000 0.000000 0.000000
vn -1.000000 0.000000 0.000000
vn -1.000000 0.000000 0.000000
vn -1.000000 0.000000 0.000000
vn -1.000000 0.000000 0.000000
vn -1.000000 0.000000 0.000000
vn -1.000000 0.000000 0.000000
vn -1.000000 0.000000 0.000000
vn -1.000000 0.000000 0.000000
vn -1.000000 0.000000 0.000000
vn -1.000000 0.000000 0.000000
vn -1.000000 0.000000 0.000000
vn -1.000000 0.000000 0.000000
vn -1.000000 0.000000 0.000000
vn -1.000000 0.000000 0.000000
vn -1.000000 0.000000 0.000000
vn -0.999830 0.000000 -0.018430
vn -0.999830 0.000000 -0.018430
vn -0.009754 0.000000 -0.999952
vn -0.009754 0.000000 -0.999952
vn 0.009754 0.000000 -0.999952
vn 0.009754 0.000000 -0.999952
vn -0.923884 0.000000 -0.382673
vn -0.923884 0.000000 -0.382673
vn -0.382669 0.000000 -0.923885
vn -0.009754 0.000000 -0.999952
vn -0.382669 0.000000 -0.923885
vn -0.009754 0.000000 -0.999952
vn 0.009751 0.000000 -0.999953
vn 0.009755 0.000000 -0.999952
vn 0.999824 -0.000001 -0.018781
vn 0.999824 0.000000 -0.018774
vn 0.999824 0.000000 0.018774
vn 0.999834 0.000004 0.018229
vn 0.382623 0.000000 -0.923904
vn 0.382623 0.000000 -0.923904
vn 0.923899 0.000000 -0.382636
vn 0.999824 0.000000 -0.018783
vn 0.923899 0.000000 -0.382637
vn 0.999833 0.000018 -0.018263
vn 0.999905 0.005092 0.012816
vn 0.999876 0.000074 0.015731
vn 0.033474 0.000014 0.999440
vn 0.033616 0.000000 0.999435
vn 0.033615 0.000000 0.999435
vn 0.033532 0.000000 0.999438
vn 0.033532 0.000000 0.999438
vn 0.928685 0.000092 0.370870
vn 0.929222 0.001226 0.369519
vn 0.386026 0.000165 0.922488
vn 0.038210 0.004123 0.999261
vn 0.387730 0.005234 0.921758
vn 0.058728 0.863906 0.500218
vn 0.032053 0.865148 0.500491
vn 0.045695 0.997853 0.046912
vn 0.054440 0.279891 0.958487
vn 0.033258 0.004003 0.999439
vn 0.022460 0.280482 0.959596
vn 0.033475 -0.000014 -0.999440
vn 0.033616 0.000000 -0.999435
vn 0.033615 0.000000 -0.999435
vn 0.033533 0.000000 -0.999438
vn 0.033533 0.000000 -0.999438
vn 0.999834 -0.000004 -0.018229
vn 0.928685 -0.000092 -0.370870
vn 0.929222 -0.001226 -0.369519
vn 0.999876 -0.000074 -0.015731
vn 0.386026 -0.000165 -0.922488
vn 0.038211 -0.004123 -0.999261
vn 0.387730 -0.005234 -0.921758
vn 0.999824 0.000000 -0.018774
vn 0.999824 0.000000 0.018774
vn 0.999824 0.000001 0.018781
vn 0.052918 -0.997396 -0.049000
vn 0.058729 -0.863911 -0.500209
vn 0.032051 -0.865152 -0.500484
vn 0.045693 -0.997853 -0.046911
vn 0.054441 -0.279889 -0.958488
vn 0.033259 -0.004003 -0.999439
vn 0.022463 -0.280480 -0.959597
vn 0.962625 -0.270511 -0.013313
vn 0.960712 -0.277538 -0.002148
vn 0.507030 -0.860494 -0.049702
vn 0.046261 -0.998929 -0.000262
vn 0.498617 -0.866818 -0.002827
vn 0.999905 -0.005092 -0.012817
vn 0.999833 -0.000018 0.018263
vn 0.999824 -0.000000 0.018783
vn 0.382642 0.000000 0.923897
vn 0.382642 0.000000 0.923897
vn 0.923899 0.000000 0.382637
vn 0.923899 0.000000 0.382636
vn 0.047289 -0.998881 0.000000
vn 0.047287 -0.998881 0.000000
vn 0.047097 -0.998890 0.000000
vn 0.047096 -0.998890 0.000000
vn 0.999383 0.000000 0.035137
vn 0.923883 0.000000 0.382675
vn 0.924052 -0.002662 0.382258
vn 0.999381 -0.004088 0.034948
vn 0.382686 0.000000 0.923878
vn 0.382273 -0.002661 0.924046
vn 0.999383 0.000000 0.035137
vn 0.999383 0.000000 0.035137
vn 1.000000 0.000000 0.000000
vn 1.000000 0.000000 0.000000
vn 1.000000 0.000000 0.000000
vn 0.382686 0.000000 0.923878
vn 0.382273 0.002661 0.924046
vn 0.923883 0.000000 0.382675
vn 0.999381 0.004088 0.034948
vn 0.924052 0.002662 0.382258
vn 1.000000 0.000000 0.000000
vn 1.000000 0.000000 0.000000
vn 0.999991 -0.004208 0.000000
vn 0.999991 -0.004208 0.000000
vn 0.999991 -0.004208 0.000000
vn 1.000000 0.000000 0.000000
vn 1.000000 0.000000 0.000000
vn 0.999383 0.000000 -0.035137
vn 0.999383 0.000000 -0.035136
vn 0.999383 0.000000 -0.035136
vn 1.000000 0.000000 0.000000
vn 0.999991 0.004208 0.000000
vn 0.999991 0.004208 0.000000
vn 0.999991 0.004208 0.000000
vn 0.503665 0.863899 0.000000
vn 0.500468 0.865207 -0.030785
vn 0.959323 0.282311 0.000000
vn 0.999381 0.004088 -0.034947
vn 0.959636 0.280430 -0.021395
vn 0.959323 0.282310 0.000000
vn 0.959636 0.280429 0.021395
vn 0.503665 0.863899 0.000000
vn 0.500468 0.865208 0.030785
vn 0.382686 0.000000 -0.923878
vn 0.382273 -0.002661 -0.924046
vn 0.923883 0.000000 -0.382675
vn 0.999381 -0.004088 -0.034947
vn 0.924052 -0.002662 -0.382258
vn 0.923883 0.000000 -0.382675
vn 0.924052 0.002662 -0.382258
vn 0.382686 0.000000 -0.923878
vn 0.382273 0.002661 -0.924046
vn 0.500461 -0.865212 -0.030787
vn 0.503659 -0.863903 0.000000
vn 0.959636 -0.280430 -0.021394
vn 0.959323 -0.282310 0.000000
vn 0.503658 -0.863903 0.000000
vn 0.500460 -0.865212 0.030785
vn 0.959323 -0.282310 0.000000
vn 0.959636 -0.280429 0.021394
vn -0.912126 -0.237436 0.334140
vn -0.416657 -0.807971 0.416630
vn -0.334141 -0.237390 0.912138
vn 0.416603 -0.807999 0.416629
vn 0.912134 -0.237391 0.334151
vn 0.334104 -0.237385 0.912153
vn -0.912119 0.237449 0.334152
vn -0.334144 0.237392 0.912136
vn -0.416654 0.807965 0.416645
vn 0.334107 0.237392 0.912150
vn 0.912134 0.237389 0.334154
vn 0.416599 0.808000 0.416630
vn -0.912122 0.237436 -0.334153
vn -0.416633 0.807976 -0.416642
vn -0.334140 0.237397 -0.912137
vn 0.416587 0.808002 -0.416640
vn 0.912132 0.237396 -0.334153
vn 0.334109 0.237403 -0.912147
vn -0.912125 -0.237443 -0.334140
vn -0.334141 -0.237398 -0.912136
vn -0.416642 -0.807977 -0.416633
vn 0.334097 -0.237400 -0.912152
vn 0.912137 -0.237383 -0.334150
vn 0.416597 -0.807995 -0.416643
vn -0.382687 0.000000 0.923878
vn -0.923882 0.000000 0.382677
vn 0.382631 0.000000 0.923901
vn 0.923899 0.000000 0.382636
vn -0.503697 0.863881 0.000000
vn -0.959323 0.282312 0.000000
vn 0.959328 0.282294 0.000000
vn 0.503633 0.863918 0.000000
vn -0.382691 0.000000 -0.923876
vn -0.923880 0.000000 -0.382681
vn 0.382635 0.000000 -0.923900
vn 0.923898 0.000000 -0.382638
vn -0.503679 -0.863891 0.000000
vn -0.959325 -0.282305 0.000000
vn 0.959330 -0.282288 0.000000
vn 0.503615 -0.863928 0.000000
vn -0.959315 0.282337 0.000000
vn -0.503698 0.863880 0.000000
vn -0.959323 0.282312 0.000000
vn -0.503697 0.863881 0.000000
vn -0.959317 -0.282331 0.000000
vn -0.503693 -0.863883 0.000000
vn -0.959325 -0.282305 0.000000
vn -0.503679 -0.863891 0.000000
vn 0.503639 -0.863914 0.000000
vn 0.959330 -0.282286 0.000000
vn 0.959329 -0.282289 0.000000
vn 0.503613 -0.863929 0.000000
vn 0.959328 0.282293 0.000000
vn 0.503645 0.863911 0.000000
vn 0.959328 0.282293 0.000000
vn 0.503631 0.863919 0.000000
vn -1.000000 0.000000 0.000000
vn 0.503639 0.863914 0.000000
vn 0.959330 0.282286 0.000000
vn -1.000000 0.000000 0.000000
vn 0.543930 -0.738299 0.398817
vn 0.442644 -0.235468 0.865229
vn 0.974337 -0.124962 0.187224
vn -1.000000 0.000000 0.000000
vn 0.543928 0.738297 -0.398822
vn 0.442636 0.235469 -0.865233
vn 0.974337 0.124961 -0.187222
vn -0.923882 0.000000 0.382677
vn -0.382679 0.000000 0.923881
vn -0.382691 0.000000 0.923876
vn -0.923880 0.000000 0.382681
vn -1.000000 0.000000 0.000000
vn -1.000000 0.000000 0.000000
vn -1.000000 0.000000 0.000000
vn -1.000000 0.000000 0.000000
vn -1.000000 0.000000 0.000000
vn -1.000000 0.000000 0.000000
vn -0.923882 0.000000 -0.382677
vn -0.382679 0.000000 -0.923881
vn -0.382677 0.000000 -0.923882
vn -0.923882 0.000000 -0.382677
vn 0.382634 0.000000 -0.923900
vn 0.923898 0.000000 -0.382640
vn 0.923897 0.000000 -0.382642
vn 0.382624 0.000000 -0.923904
vn 0.382654 0.000000 0.923892
vn 0.923898 0.000000 0.382640
vn 0.450818 0.234828 0.861173
vn 0.535286 0.743426 0.400982
vn 0.974445 0.125622 0.186213
vn 0.382654 0.000000 -0.923892
vn 0.923898 0.000000 -0.382640
vn 0.450820 -0.234829 -0.861172
vn 0.535307 -0.743420 -0.400967
vn 0.974446 -0.125622 -0.186213
vn 0.382634 0.000000 0.923900
vn 0.923898 0.000000 0.382640
vn 0.923899 0.000000 0.382638
vn 0.382632 0.000000 0.923901
vn 0.503645 -0.863911 0.000000
vn 0.959328 -0.282293 0.000000
vn 0.382679 0.000000 0.923881
vn 0.923886 0.000000 0.382669
vn 1.000000 0.000000 0.000000
vn 0.959330 0.282286 0.000000
vn 0.503654 0.863905 0.000000
vn 0.334652 0.237477 0.911928
vn 0.912034 0.237533 0.334324
vn 0.417253 0.807646 0.416664
vn 0.923882 0.000000 -0.382677
vn 0.382679 0.000000 -0.923881
vn 0.417250 0.807650 -0.416659
vn 0.912037 0.237528 -0.334318
vn 0.334677 0.237475 -0.911920
vn 0.334671 -0.237476 -0.911921
vn 0.912038 -0.237527 -0.334316
vn 0.417236 -0.807648 -0.416676
vn 0.959330 -0.282286 0.000000
vn 0.503649 -0.863909 0.000000
vn 0.912036 -0.237530 0.334320
vn 0.334650 -0.237476 0.911929
vn 0.417248 -0.807647 0.416666
vn -1.000000 0.000000 0.000000
vn -1.000000 0.000000 0.000000
vn -1.000000 0.000001 0.000000
vn -1.000000 0.000001 0.000000
vn -0.729948 -0.047898 -0.681822
vn -0.725131 -0.029839 -0.687964
vn -0.725226 0.029737 -0.687869
vn -0.730241 0.048604 -0.681458
vn 0.000000 -0.499982 -0.866036
vn -0.000000 -0.050888 -0.998704
vn -0.000000 -0.050612 -0.998718
vn 0.000000 -0.499982 -0.866036
vn -0.725212 -0.580864 -0.369682
vn -0.730229 -0.565880 -0.382814
vn -0.729939 -0.614437 -0.299428
vn -0.725118 -0.610728 -0.318142
vn -1.000000 -0.000000 0.000000
vn -1.000000 0.000000 0.000000
vn -1.000000 0.000001 0.000000
vn -0.729932 0.566550 -0.382388
vn -0.725114 0.580899 -0.369819
vn -0.725211 0.610597 -0.318184
vn -0.730228 0.614476 -0.298640
vn -0.000000 0.050611 -0.998718
vn -0.000001 0.499982 -0.866036
vn -0.000001 0.499982 -0.866036
vn -0.000000 0.050887 -0.998704
vn -1.000000 -0.000001 0.000000
vn -1.000000 -0.000001 0.000000
vn -1.000000 0.000001 0.000000
vn -0.729932 0.614443 0.299432
vn -0.725112 0.610734 0.318146
vn -0.725208 0.580866 0.369687
vn -0.730224 0.565882 0.382818
vn -0.000000 0.890220 -0.455531
vn -0.000000 0.890345 0.455286
vn -0.000000 0.890219 0.455532
vn -0.000000 0.890346 -0.455285
vn -1.000000 0.000000 0.000000
vn -1.000000 0.000000 0.000000
vn -1.000000 0.000001 0.000000
vn -0.729942 0.047900 0.681829
vn -0.725123 0.029839 0.687972
vn -0.725218 -0.029739 0.687877
vn -0.730233 -0.048603 0.681468
vn -0.000000 0.499995 0.866028
vn 0.000000 0.050889 0.998704
vn 0.000000 0.050614 0.998718
vn -0.000000 0.499995 0.866028
vn -1.000000 -0.000002 0.000000
vn -1.000000 0.000000 0.000000
vn -1.000000 -0.000000 0.000000
vn -0.729935 -0.566548 0.382385
vn -0.725118 -0.580895 0.369817
vn -0.725217 -0.610592 0.318179
vn -0.730235 -0.614471 0.298634
vn 0.000000 -0.050613 0.998718
vn -0.000000 -0.500007 0.866021
vn -0.000000 -0.500007 0.866021
vn 0.000000 -0.050889 0.998704
vn -1.000000 -0.000001 0.000000
vn -1.000000 -0.000002 0.000000
vn 0.000001 -0.890220 0.455532
vn 0.000000 -0.890347 -0.455283
vn 0.000000 -0.890221 -0.455529
vn 0.000001 -0.890345 0.455286
vn 1.000000 -0.000007 0.000000
vn 1.000000 0.000000 0.000000
vn 1.000000 0.000000 0.000000
vn 1.000000 -0.000004 0.000000
vn 0.729955 -0.566519 -0.382390
vn 0.725139 -0.580866 -0.369822
vn 0.725236 -0.610567 -0.318183
vn 0.730252 -0.614449 -0.298638
vn 0.725218 -0.029734 -0.687877
vn 0.730234 -0.048599 -0.681467
vn 0.729941 0.047898 -0.681830
vn 0.725123 0.029839 -0.687973
vn 1.000000 0.000000 0.000000
vn 1.000000 0.000008 0.000000
vn 1.000000 0.000005 0.000000
vn 0.725227 0.580839 -0.369691
vn 0.730243 0.565855 -0.382823
vn 0.729949 0.614420 -0.299437
vn 0.725131 0.610708 -0.318151
vn 1.000000 0.000007 0.000000
vn 1.000000 0.000005 0.000000
vn 1.000000 0.000003 0.000000
vn 0.725226 0.610575 0.318191
vn 0.730242 0.614458 0.298645
vn 0.729948 0.566524 0.382396
vn 0.725130 0.580873 0.369828
vn 1.000000 0.000006 0.000000
vn 1.000000 0.000000 0.000000
vn 1.000000 0.000000 0.000000
vn 0.725218 0.029734 0.687877
vn 0.730235 0.048600 0.681466
vn 0.729939 -0.047901 0.681832
vn 0.725121 -0.029842 0.687974
vn 1.000000 0.000000 0.000000
vn 1.000000 -0.000008 0.000000
vn 1.000000 -0.000005 0.000000
vn 0.725217 -0.580848 0.369696
vn 0.730232 -0.565867 0.382826
vn 0.729943 -0.614426 0.299439
vn 0.725124 -0.610715 0.318155
vn 1.000000 -0.000007 0.000000
vn 1.000000 -0.000006 0.000000
vn -0.000000 0.866024 -0.500003
vn -0.000000 0.866024 -0.500003
vn -0.000001 0.866023 0.500004
vn -0.000001 0.866023 0.500004
vn 0.000001 -0.866023 0.500004
vn 0.000001 -0.866023 0.500004
vn 0.000000 -0.866025 -0.500001
vn 0.000000 -0.866025 -0.500001
vn -1.000000 0.000012 0.000000
vn -1.000000 0.000004 0.000000
vn -1.000000 0.000004 0.000000
vn -1.000000 0.000001 0.000000
vn -0.729938 -0.047896 -0.681833
vn -0.725119 -0.029838 -0.687977
vn -0.725215 0.029736 -0.687880
vn -0.730232 0.048602 -0.681468
vn -0.000000 -0.499978 -0.866038
vn 0.000000 -0.050887 -0.998704
vn 0.000000 -0.050611 -0.998718
vn -0.000000 -0.499978 -0.866038
vn -0.725230 -0.580837 -0.369688
vn -0.730246 -0.565853 -0.382820
vn -0.729955 -0.614415 -0.299434
vn -0.725136 -0.610704 -0.318148
vn -1.000000 -0.000007 0.000000
vn -1.000000 -0.000012 0.000000
vn -1.000000 -0.000004 0.000000
vn -0.729949 0.566523 -0.382395
vn -0.725131 0.580872 -0.369827
vn -0.725228 0.610573 -0.318191
vn -0.730245 0.614454 -0.298644
vn -0.000000 0.050611 -0.998718
vn -0.000000 0.499979 -0.866038
vn -0.000000 0.499979 -0.866038
vn -0.000000 0.050886 -0.998704
vn -1.000000 -0.000001 0.000000
vn -1.000000 0.000005 0.000000
vn -1.000000 0.000001 0.000000
vn -0.729931 0.614443 0.299433
vn -0.725111 0.610734 0.318147
vn -0.725206 0.580868 0.369687
vn -0.730223 0.565884 0.382818
vn 0.000000 0.890220 -0.455531
vn -0.000000 0.890345 0.455286
vn -0.000000 0.890220 0.455532
vn 0.000000 0.890346 -0.455285
vn -1.000000 0.000000 0.000000
vn -1.000000 0.000000 0.000000
vn -1.000000 0.000001 0.000000
vn -0.729939 0.047900 0.681832
vn -0.725120 0.029839 0.687976
vn -0.725216 -0.029738 0.687879
vn -0.730231 -0.048601 0.681469
vn -0.000000 0.499993 0.866030
vn -0.000000 0.050889 0.998704
vn -0.000000 0.050613 0.998718
vn -0.000000 0.499993 0.866030
vn -1.000000 0.000002 0.000000
vn -1.000000 0.000000 0.000000
vn -1.000000 0.000003 0.000000
vn -0.729941 -0.566542 0.382383
vn -0.725123 -0.580890 0.369815
vn -0.725219 -0.610589 0.318178
vn -0.730237 -0.614469 0.298633
vn 0.000000 -0.050613 0.998718
vn 0.000001 -0.500005 0.866022
vn 0.000001 -0.500005 0.866022
vn 0.000000 -0.050889 0.998704
vn -1.000000 -0.000008 0.000000
vn -1.000000 0.000002 0.000000
vn 0.000001 -0.890220 0.455532
vn -0.000000 -0.890347 -0.455283
vn -0.000000 -0.890221 -0.455529
vn 0.000001 -0.890345 0.455286
vn 1.000000 0.000007 0.000000
vn 1.000000 0.000012 0.000000
vn 1.000000 0.000000 0.000000
vn 1.000000 0.000006 0.000000
vn 0.729956 -0.566517 -0.382391
vn 0.725139 -0.580865 -0.369823
vn 0.725233 -0.610569 -0.318185
vn 0.730249 -0.614452 -0.298638
vn 0.725216 -0.029737 -0.687879
vn 0.730232 -0.048601 -0.681468
vn 0.729939 0.047898 -0.681832
vn 0.725120 0.029836 -0.687976
vn 1.000000 -0.000012 0.000000
vn 1.000000 -0.000004 0.000000
vn 1.000000 -0.000004 0.000000
vn 0.725211 0.580864 -0.369684
vn 0.730228 0.565879 -0.382815
vn 0.729933 0.614442 -0.299430
vn 0.725114 0.610732 -0.318144
vn 1.000000 0.000007 0.000000
vn 1.000000 0.000002 0.000000
vn 1.000000 0.000001 0.000000
vn 0.725226 0.610575 0.318191
vn 0.730242 0.614457 0.298644
vn 0.729947 0.566527 0.382394
vn 0.725130 0.580875 0.369827
vn 1.000000 0.000003 0.000000
vn 1.000000 0.000000 0.000000
vn 1.000000 0.000000 0.000000
vn 0.725215 0.029737 0.687880
vn 0.730232 0.048606 0.681468
vn 0.729937 -0.047901 0.681834
vn 0.725119 -0.029842 0.687977
vn 1.000000 0.000000 0.000000
vn 1.000000 0.000000 0.000000
vn 1.000000 0.000001 0.000000
vn 0.725209 -0.580866 0.369684
vn 0.730226 -0.565882 0.382815
vn 0.729933 -0.614443 0.299429
vn 0.725114 -0.610733 0.318144
vn 1.000000 0.000001 0.000000
vn 1.000000 -0.000004 0.000000
vn 0.000000 0.866024 -0.500002
vn 0.000000 0.866024 -0.500002
vn -0.000001 0.866024 0.500003
vn -0.000001 0.866024 0.500003
vn 0.000001 -0.866024 0.500003
vn 0.000001 -0.866024 0.500003
vn -0.000000 -0.866025 -0.500000
vn -0.000000 -0.866025 -0.500000
vn -1.000000 0.000000 0.000000
vn -1.000000 0.000000 0.000000
vn -1.000000 0.000001 0.000000
vn -1.000000 0.000001 0.000000
vn -0.729941 -0.047899 -0.681829
vn -0.725123 -0.029839 -0.687972
vn -0.725217 0.029738 -0.687878
vn -0.730232 0.048605 -0.681468
vn 0.000000 -0.499976 -0.866039
vn -0.000001 -0.050887 -0.998704
vn -0.000001 -0.050611 -0.998718
vn 0.000000 -0.499976 -0.866039
vn -0.725212 -0.580863 -0.369684
vn -0.730228 -0.565879 -0.382815
vn -0.729937 -0.614438 -0.299429
vn -0.725117 -0.610729 -0.318143
vn -1.000000 -0.000000 0.000000
vn -1.000000 0.000000 0.000000
vn -1.000000 0.000001 0.000000
vn -0.729936 0.566546 -0.382387
vn -0.725118 0.580895 -0.369817
vn -0.725216 0.610592 -0.318180
vn -0.730234 0.614471 -0.298636
vn -0.000001 0.050611 -0.998718
vn -0.000001 0.499994 -0.866029
vn -0.000001 0.499994 -0.866029
vn -0.000001 0.050887 -0.998704
vn -1.000000 -0.000001 0.000000
vn -1.000000 -0.000001 0.000000
vn -1.000000 0.000001 0.000000
vn -0.729933 0.614442 0.299430
vn -0.725113 0.610733 0.318145
vn -0.725209 0.580866 0.369685
vn -0.730226 0.565882 0.382815
vn 0.000000 0.890220 -0.455530
vn -0.000000 0.890346 0.455285
vn -0.000000 0.890220 0.455531
vn 0.000000 0.890346 -0.455284
vn -1.000000 0.000000 0.000000
vn -1.000000 0.000000 0.000000
vn -1.000000 0.000001 0.000000
vn -0.729959 0.047898 0.681811
vn -0.725141 0.029838 0.687954
vn -0.725235 -0.029739 0.687859
vn -0.730249 -0.048603 0.681450
vn 0.000000 0.500007 0.866022
vn 0.000002 0.050889 0.998704
vn 0.000002 0.050613 0.998718
vn 0.000000 0.500007 0.866022
vn -1.000000 -0.000002 0.000000
vn -1.000000 0.000000 0.000000
vn -1.000000 -0.000000 0.000000
vn -0.729944 -0.566541 0.382379
vn -0.725127 -0.580887 0.369812
vn -0.725225 -0.610584 0.318177
vn -0.730241 -0.614464 0.298634
vn 0.000001 -0.050613 0.998718
vn -0.000001 -0.499996 0.866028
vn -0.000001 -0.499996 0.866028
vn 0.000001 -0.050889 0.998704
vn -1.000000 -0.000001 0.000000
vn -1.000000 -0.000002 0.000000
vn 0.000001 -0.890221 0.455530
vn -0.000000 -0.890347 -0.455282
vn -0.000000 -0.890222 -0.455528
vn 0.000001 -0.890346 0.455284
vn 1.000000 -0.000007 0.000000
vn 1.000000 0.000000 0.000000
vn 1.000000 0.000000 0.000000
vn 1.000000 -0.000004 0.000000
vn 0.729960 -0.566516 -0.382385
vn 0.725144 -0.580863 -0.369818
vn 0.725240 -0.610564 -0.318181
vn 0.730254 -0.614447 -0.298638
vn 0.725209 -0.029735 -0.687887
vn 0.730225 -0.048600 -0.681476
vn 0.729934 0.047899 -0.681837
vn 0.725114 0.029839 -0.687982
vn 1.000000 0.000000 0.000000
vn 1.000000 0.000008 0.000000
vn 1.000000 0.000005 0.000000
vn 0.725224 0.580842 -0.369692
vn 0.730241 0.565858 -0.382823
vn 0.729946 0.614424 -0.299437
vn 0.725127 0.610712 -0.318152
vn 1.000000 0.000007 0.000000
vn 1.000000 0.000005 0.000000
vn 1.000000 0.000003 0.000000
vn 0.725226 0.610576 0.318189
vn 0.730242 0.614458 0.298645
vn 0.729947 0.566524 0.382398
vn 0.725129 0.580874 0.369828
vn 1.000000 0.000006 0.000000
vn 1.000000 0.000000 0.000000
vn 1.000000 0.000000 0.000000
vn 0.725208 0.029735 0.687887
vn 0.730224 0.048601 0.681476
vn 0.729934 -0.047900 0.681837
vn 0.725115 -0.029841 0.687981
vn 1.000000 0.000000 0.000000
vn 1.000000 -0.000008 0.000000
vn 1.000000 -0.000005 0.000000
vn 0.725228 -0.580839 0.369691
vn 0.730243 -0.565856 0.382821
vn 0.729950 -0.614420 0.299435
vn 0.725131 -0.610708 0.318150
vn 1.000000 -0.000007 0.000000
vn 1.000000 -0.000006 0.000000
vn 0.000000 0.866025 -0.500002
vn 0.000000 0.866024 -0.500002
vn -0.000001 0.866024 0.500003
vn -0.000001 0.866024 0.500003
vn 0.000001 -0.866025 0.500001
vn 0.000001 -0.866025 0.500001
vn -0.000000 -0.866026 -0.499999
vn -0.000000 -0.866026 -0.499999
vn -1.000000 0.000000 0.000000
vn -1.000000 0.000000 0.000000
vn -1.000000 0.000001 0.000000
vn -1.000000 0.000001 0.000000
vn -0.729942 -0.047899 -0.681828
vn -0.725124 -0.029839 -0.687972
vn -0.725217 0.029738 -0.687878
vn -0.730232 0.048605 -0.681468
vn 0.000000 -0.499982 -0.866036
vn -0.000001 -0.050887 -0.998704
vn -0.000001 -0.050611 -0.998719
vn 0.000000 -0.499982 -0.866036
vn -0.725212 -0.580864 -0.369682
vn -0.730229 -0.565880 -0.382813
vn -0.729938 -0.614438 -0.299428
vn -0.725118 -0.610729 -0.318142
vn -1.000000 -0.000000 0.000000
vn -1.000000 0.000000 0.000000
vn -1.000000 0.000001 0.000000
vn -0.729936 0.566546 -0.382386
vn -0.725118 0.580895 -0.369816
vn -0.725217 0.610593 -0.318178
vn -0.730234 0.614472 -0.298634
vn -0.000001 0.050611 -0.998718
vn -0.000001 0.499994 -0.866029
vn -0.000001 0.499994 -0.866029
vn -0.000001 0.050887 -0.998704
vn -1.000000 -0.000001 0.000000
vn -1.000000 -0.000001 0.000000
vn -1.000000 0.000001 0.000000
vn -0.729933 0.614442 0.299431
vn -0.725113 0.610733 0.318145
vn -0.725209 0.580866 0.369685
vn -0.730226 0.565882 0.382816
vn 0.000000 0.890220 -0.455531
vn -0.000000 0.890345 0.455286
vn -0.000000 0.890219 0.455532
vn 0.000000 0.890346 -0.455285
vn -1.000000 0.000000 0.000000
vn -1.000000 0.000000 0.000000
vn -1.000000 0.000001 0.000000
vn -0.729957 0.047898 0.681813
vn -0.725140 0.029838 0.687955
vn -0.725234 -0.029739 0.687860
vn -0.730249 -0.048603 0.681450
vn 0.000000 0.500007 0.866022
vn 0.000002 0.050889 0.998704
vn 0.000002 0.050613 0.998718
vn 0.000000 0.500007 0.866022
vn -1.000000 -0.000002 0.000000
vn -1.000000 0.000000 0.000000
vn -1.000000 -0.000000 0.000000
vn -0.729944 -0.566541 0.382380
vn -0.725127 -0.580887 0.369812
vn -0.725224 -0.610584 0.318177
vn -0.730241 -0.614464 0.298634
vn 0.000001 -0.050614 0.998718
vn -0.000001 -0.500007 0.866021
vn -0.000001 -0.500007 0.866021
vn 0.000001 -0.050889 0.998704
vn -1.000000 -0.000001 0.000000
vn -1.000000 -0.000002 0.000000
vn 0.000001 -0.890221 0.455530
vn -0.000000 -0.890348 -0.455281
vn -0.000000 -0.890222 -0.455527
vn 0.000001 -0.890346 0.455284
vn 1.000000 -0.000007 0.000000
vn 1.000000 0.000000 0.000000
vn 1.000000 0.000000 0.000000
vn 1.000000 -0.000004 0.000000
vn 0.729960 -0.566515 -0.382386
vn 0.725144 -0.580862 -0.369819
vn 0.725239 -0.610564 -0.318182
vn 0.730254 -0.614446 -0.298639
vn 0.725209 -0.029735 -0.687887
vn 0.730225 -0.048600 -0.681476
vn 0.729934 0.047899 -0.681838
vn 0.725114 0.029839 -0.687982
vn 1.000000 0.000000 0.000000
vn 1.000000 0.000008 0.000000
vn 1.000000 0.000005 0.000000
vn 0.725225 0.580843 -0.369691
vn 0.730241 0.565858 -0.382822
vn 0.729946 0.614424 -0.299437
vn 0.725128 0.610713 -0.318151
vn 1.000000 0.000007 0.000000
vn 1.000000 0.000005 0.000000
vn 1.000000 0.000003 0.000000
vn 0.725227 0.610576 0.318187
vn 0.730243 0.614458 0.298642
vn 0.729947 0.566525 0.382396
vn 0.725130 0.580874 0.369826
vn 1.000000 0.000006 0.000000
vn 1.000000 0.000000 0.000000
vn 1.000000 0.000000 0.000000
vn 0.725209 0.029735 0.687887
vn 0.730225 0.048601 0.681476
vn 0.729935 -0.047900 0.681836
vn 0.725116 -0.029841 0.687980
vn 1.000000 0.000000 0.000000
vn 1.000000 -0.000008 0.000000
vn 1.000000 -0.000005 0.000000
vn 0.725228 -0.580839 0.369689
vn 0.730244 -0.565857 0.382819
vn 0.729950 -0.614421 0.299434
vn 0.725132 -0.610709 0.318149
vn 1.000000 -0.000007 0.000000
vn 1.000000 -0.000006 0.000000
vn 0.000000 0.866024 -0.500003
vn 0.000000 0.866024 -0.500003
vn -0.000001 0.866023 0.500004
vn -0.000001 0.866023 0.500004
vn 0.000001 -0.866025 0.500001
vn 0.000001 -0.866025 0.500001
vn -0.000000 -0.866026 -0.499998
vn -0.000000 -0.866026 -0.499998
vn 0.707105 0.707108 0.000000
vn 0.707105 0.707108 0.000000
vn 0.707106 0.707108 0.000000
vn 0.707106 0.707108 0.000000
vn 0.000000 0.707107 0.707107
vn 0.000000 0.707107 0.707107
vn 0.000000 0.707107 0.707107
vn 0.000000 0.707107 0.707107
vn 0.694766 0.001911 0.719233
vn 0.694766 0.001911 0.719233
vn 0.692102 -0.005102 0.721781
vn 0.692586 -0.057981 0.719001
vn 0.691700 0.001109 -0.722184
vn 0.691700 0.001109 -0.722184
vn 0.689535 -0.058941 -0.721850
vn 0.688981 -0.005461 -0.724759
vn 0.000000 0.707107 -0.707107
vn 0.000000 0.707107 -0.707107
vn 0.000000 0.707107 -0.707107
vn 0.000000 0.707107 -0.707107
vn 0.707105 0.707108 0.000000
vn 0.707105 0.707108 0.000000
vn 0.707106 0.707108 0.000000
vn 0.707106 0.707108 0.000000
vn 0.675077 -0.238961 0.697975
vn 0.672380 -0.295566 0.678636
vn 0.684369 -0.455255 0.569545
vn 0.000032 -0.265570 0.964092
vn 0.000011 -0.031217 0.999513
vn 0.000011 -0.031281 0.999511
vn 0.000032 -0.265515 0.964107
vn 0.000000 1.000000 0.000000
vn 0.000000 1.000000 0.000000
vn 0.000000 1.000000 0.000000
vn 0.000000 1.000000 0.000000
vn 1.000000 -0.000000 0.000000
vn 1.000000 -0.000001 0.000000
vn 1.000000 -0.000001 0.000000
vn 1.000000 -0.000000 0.000000
vn 0.703814 -0.710361 -0.005844
vn 0.704622 -0.709570 -0.004416
vn 0.677446 -0.732680 0.065173
vn 0.675450 -0.737330 0.010543
vn 0.000000 -1.000000 -0.000002
vn 0.000000 -1.000000 -0.000000
vn 0.000000 -1.000000 -0.000000
vn 0.000000 -1.000000 -0.000002
vn 0.705719 -0.708452 0.007533
vn 0.705464 -0.708690 0.008893
vn 0.682136 -0.731213 -0.004334
vn 0.680765 -0.729736 -0.063592
vn 0.679488 -0.729999 -0.073463
vn 0.678021 -0.730138 -0.084778
vn 0.679336 -0.717130 -0.155651
vn 0.000005 -0.995967 -0.089725
vn 0.000018 -0.998732 -0.050341
vn 0.000018 -0.998711 -0.050751
vn 0.000005 -0.995968 -0.089715
vn 0.676443 -0.732742 0.074256
vn 0.677901 -0.718251 0.156737
vn 0.675200 -0.732744 0.084799
vn 0.000027 -0.998749 0.050006
vn 0.000008 -0.995974 0.089648
vn 0.000008 -0.995979 0.089590
vn 0.000027 -0.998711 0.050749
vn 0.672229 -0.240472 -0.700201
vn 0.683337 -0.457162 -0.569257
vn 0.669799 -0.295694 -0.681127
vn 0.000016 -0.031353 -0.999508
vn 0.000049 -0.264833 -0.964294
vn 0.000049 -0.264783 -0.964308
vn 0.000016 -0.031292 -0.999510
vn 0.675297 -0.698107 0.237951
vn 0.679298 -0.650250 0.340190
vn 0.674377 -0.692139 0.257215
vn 0.000018 -0.990537 0.137248
vn 0.000020 -0.954811 0.297214
vn 0.000020 -0.954849 0.297093
vn 0.000018 -0.990545 0.137185
vn 0.674370 -0.588452 0.446037
vn 0.672342 -0.563915 0.479538
vn 0.000028 -0.924496 0.381191
vn 0.000035 -0.823737 0.566972
vn 0.000035 -0.823824 0.566845
vn 0.000028 -0.924525 0.381121
vn 0.000055 -0.713925 0.700223
vn 0.000070 -0.478245 0.878227
vn 0.000070 -0.478691 0.877984
vn 0.000055 -0.713962 0.700184
vn 0.672323 -0.564809 -0.478510
vn 0.679134 -0.651387 -0.338337
vn 0.674017 -0.589542 -0.445130
vn 0.000070 -0.477904 -0.878412
vn 0.000055 -0.713495 -0.700660
vn 0.000055 -0.713377 -0.700781
vn 0.000071 -0.478011 -0.878354
vn 0.674388 -0.692521 -0.256155
vn 0.675169 -0.698591 -0.236891
vn 0.000035 -0.823535 -0.567266
vn 0.000028 -0.924429 -0.381354
vn 0.000028 -0.924365 -0.381509
vn 0.000035 -0.823528 -0.567276
vn 0.000020 -0.954775 -0.297330
vn 0.000018 -0.990542 -0.137209
vn 0.000018 -0.990515 -0.137406
vn 0.000020 -0.954759 -0.297380
vn 0.000000 0.000000 1.000000
vn 0.000000 0.000000 1.000000
vn -0.000000 0.000000 -1.000000
vn -0.000000 0.000000 -1.000000
vn 0.000000 1.000000 0.000000
vn 0.000000 1.000000 0.000000
vn 0.000000 1.000000 0.000000
vn 0.000000 1.000000 0.000000
vn 1.000000 -0.000001 0.000000
vn 1.000000 -0.000001 0.000000
vn 1.000000 -0.000001 0.000000
vn 1.000000 -0.000001 0.000000
vn 1.000000 -0.000001 0.000000
vn 1.000000 -0.000001 0.000000
vn 1.000000 -0.000000 0.000000
vn 1.000000 -0.000000 0.000000
vn 1.000000 -0.000000 0.000000
vn 1.000000 -0.000000 0.000000
vn 1.000000 -0.000000 0.000000
vn 1.000000 -0.000000 0.000000
vn 0.577350 0.577350 0.577350
vn 0.577350 0.577350 0.577350
vn 0.577350 0.577350 0.577350
vn 0.577350 0.577350 -0.577350
vn 0.577350 0.577350 -0.577350
vn 0.577350 0.577350 -0.577350
vn 0.000000 -0.866025 -0.500000
vn 0.000000 -0.998665 -0.051648
vn 0.099044 -0.993748 -0.051539
vn 0.105510 -0.861103 -0.497363
vn 0.000000 -0.999820 -0.018957
vn 0.000000 -0.923880 -0.382684
vn 0.063131 -0.924928 -0.374865
vn 0.094712 -0.995353 -0.017399
vn 0.000000 1.000000 0.000000
vn 0.095879 0.995393 0.000000
vn 0.095019 0.995404 -0.011940
vn 0.000000 0.999915 -0.013017
vn 0.063132 0.924927 -0.374865
vn 0.000000 0.923879 -0.382684
vn 0.000000 0.382684 -0.923879
vn 0.063132 0.374865 -0.924927
vn 0.094058 0.025048 -0.995252
vn 0.000000 0.027249 -0.999629
vn 0.094058 -0.025048 -0.995252
vn 0.000000 -0.027249 -0.999629
vn 0.063132 -0.374867 -0.924927
vn 0.000000 -0.382686 -0.923878
vn 0.105510 -0.497362 -0.861103
vn 0.000000 -0.500000 -0.866025
vn 0.384483 -0.921871 -0.048241
vn 0.394118 -0.795597 -0.460104
vn 0.381336 -0.924361 -0.011832
vn 0.000000 0.999944 0.010544
vn 0.095184 0.995413 0.009667
vn 0.000000 0.000000 1.000000
vn 0.095879 0.000000 0.995393
vn 0.094216 0.022909 0.995288
vn 0.000000 0.024930 0.999689
vn 0.063132 0.374865 0.924927
vn 0.000000 0.382684 0.923879
vn 0.000000 0.923879 0.382686
vn 0.063132 0.924927 0.374866
vn 0.382686 0.923879 0.000000
vn 0.381768 0.924223 -0.008104
vn 0.380717 0.017119 -0.924533
vn 0.380717 -0.017119 -0.924533
vn 0.098771 -0.033105 -0.994559
vn 0.000000 -0.033162 -0.999450
vn 0.394117 -0.460101 -0.795600
vn 0.924638 -0.380284 -0.020680
vn 0.998164 -0.060486 -0.003289
vn 0.999081 -0.037051 -0.021539
vn 0.928442 -0.321152 -0.186698
vn 0.924356 -0.381350 -0.011781
vn 0.998923 -0.038252 -0.026273
vn 0.381947 0.924161 0.006554
vn 0.000000 -0.999940 -0.010938
vn 0.095157 -0.995412 -0.010029
vn 0.095157 -0.995412 0.010029
vn 0.000000 -0.999940 0.010938
vn 0.063132 -0.924927 0.374866
vn 0.000000 -0.923879 0.382686
vn 0.000000 -0.382684 0.923879
vn 0.063132 -0.374865 0.924927
vn 0.095289 -0.008209 0.995416
vn 0.000000 -0.008956 0.999960
vn 0.095180 -0.010468 -0.995405
vn 0.000000 -0.011417 -0.999935
vn 0.063132 -0.374864 -0.924928
vn 0.000000 -0.382683 -0.923880
vn 0.000000 -0.923879 -0.382684
vn 0.063132 -0.924927 -0.374865
vn 0.382684 0.000000 0.923879
vn 0.380890 0.015639 0.924488
vn 0.923877 0.382689 0.000000
vn 0.995880 0.090676 0.000000
vn 0.998325 0.052324 -0.024689
vn 0.924222 0.381771 -0.008104
vn 0.924532 0.017119 -0.380720
vn 0.924532 -0.017119 -0.380720
vn 0.383943 -0.031028 -0.922835
vn 0.999081 -0.021539 -0.037051
vn 0.928443 -0.186697 -0.321151
vn 1.000000 0.000000 0.000000
vn 1.000000 0.000000 0.000000
vn 0.924159 0.381951 0.006554
vn 0.998637 0.048164 0.020119
vn 0.381917 -0.924172 -0.006800
vn 0.381917 -0.924172 0.006800
vn 0.382059 -0.005561 0.924121
vn 0.381882 -0.007095 -0.924184
vn 0.923877 0.000000 0.382689
vn 0.999350 -0.002181 0.035991
vn 0.924486 0.015639 0.380896
vn 0.999444 -0.002522 -0.033252
vn 0.924417 -0.013384 -0.381149
vn 1.000000 0.000000 0.000000
vn 0.999997 -0.002532 0.000740
vn 0.924171 -0.381919 -0.006800
vn 0.998042 -0.046041 -0.042347
vn 0.996760 -0.049339 0.063521
vn 0.924171 -0.381919 0.006800
vn 0.924120 -0.005561 0.382063
vn 0.924182 -0.007077 -0.381888
vn 0.978470 -0.204874 -0.024959
vn 0.966058 -0.256430 -0.031242
vn 0.966784 -0.243914 -0.076390
vn 0.974680 -0.213383 -0.066828
vn 0.999758 -0.021997 0.000000
vn 0.965926 -0.258819 0.000000
vn 0.996411 0.084652 0.000000
vn 0.993468 0.090370 -0.069670
vn 0.982235 0.148618 -0.114575
vn 0.965925 0.258823 0.000000
vn 0.994661 -0.006257 -0.103003
vn 0.966292 -0.015610 -0.256974
vn 0.989971 -0.065046 -0.125406
vn 0.967587 -0.116277 -0.224175
vn 0.982234 -0.148968 -0.114128
vn 0.967083 -0.201994 -0.154751
vn 0.658840 -0.746801 -0.090654
vn 0.658840 -0.746801 -0.090653
vn 0.663099 -0.712655 -0.228960
vn 0.663099 -0.712655 -0.228960
vn 0.658065 -0.752961 0.000000
vn 0.658065 -0.752961 0.000000
vn 0.978474 -0.204855 0.024959
vn 0.966059 -0.256426 0.031242
vn 0.993468 0.090370 0.069670
vn 0.982235 0.148617 0.114575
vn 0.966292 -0.015610 0.256974
vn 0.994661 -0.006258 0.103003
vn 0.974681 -0.213382 0.066828
vn 0.966784 -0.243913 0.076390
vn 0.982234 -0.148969 0.114128
vn 0.967083 -0.201995 0.154751
vn 0.989971 -0.065051 0.125405
vn 0.967587 -0.116275 0.224176
vn 0.658066 0.752960 0.000000
vn 0.658066 0.752960 0.000000
vn 0.658067 0.752959 0.000000
vn 0.658067 0.752959 0.000000
vn 0.658065 0.000000 -0.752962
vn 0.660182 -0.045331 -0.749737
vn 0.660182 -0.045331 -0.749737
vn 0.658065 0.000000 -0.752962
vn 0.667829 -0.345685 -0.659171
vn 0.667829 -0.345685 -0.659171
vn 0.664888 -0.589063 -0.459269
vn 0.664888 -0.589063 -0.459269
vn 0.658839 -0.746802 0.090653
vn 0.658839 -0.746802 0.090653
vn 0.658067 0.000000 0.752959
vn 0.658067 0.000000 0.752959
vn 0.660184 -0.045331 0.749735
vn 0.660184 -0.045331 0.749735
vn 0.658068 0.752959 0.000000
vn 0.658068 0.752959 0.000000
vn 0.663098 -0.712656 0.228959
vn 0.663098 -0.712656 0.228959
vn 0.664887 -0.589064 0.459269
vn 0.664887 -0.589064 0.459269
vn 0.667829 -0.345687 0.659170
vn 0.667829 -0.345687 0.659170
vn 0.325265 -0.887921 -0.325267
vn 0.325267 0.887921 -0.325265
vn 0.325270 0.325268 -0.887919
vn 0.325272 -0.325266 -0.887919
vn 0.887920 -0.325268 -0.325267
vn 0.325268 0.887920 0.325266
vn 0.325270 0.325268 0.887919
vn 0.887919 0.325266 -0.325270
vn 0.325268 -0.887920 -0.325267
vn 0.325268 -0.887920 0.325266
vn 0.325270 -0.325268 0.887919
vn 0.325269 -0.325268 -0.887920
vn 0.887920 0.325264 0.325271
vn 0.887920 -0.325264 0.325271
vn 0.887920 -0.325266 -0.325270
vn 0.984409 -0.131421 0.116910
vn 0.983206 -0.137447 0.120058
vn 0.980388 -0.156663 0.119570
vn 0.986128 -0.126299 0.107705
vn 0.988009 -0.122756 0.093639
vn 0.989653 -0.121354 0.076548
vn 0.990036 -0.121294 0.071527
vn 0.990395 -0.121229 0.066489
vn 0.991305 -0.122208 0.048788
vn 0.991538 -0.125455 0.033367
vn 0.991194 -0.130482 0.022562
vn 0.990460 -0.136617 0.018029
vn 0.987568 -0.156456 0.015227
vn 0.985283 -0.156800 0.068050
vn 0.707106 0.707108 0.000000
vn 0.707106 0.707108 0.000000
vn 0.707106 0.707108 0.000000
vn 0.707106 0.707108 0.000000
vn 0.000000 0.707106 0.707107
vn 0.000000 0.707106 0.707107
vn 0.000000 0.707106 0.707107
vn 0.000000 0.707106 0.707107
vn 0.694763 0.001910 0.719236
vn 0.694763 0.001910 0.719236
vn 0.692100 -0.005102 0.721784
vn 0.692584 -0.057980 0.719003
vn 0.691698 0.001109 -0.722186
vn 0.691698 0.001109 -0.722186
vn 0.689533 -0.058943 -0.721852
vn 0.688980 -0.005462 -0.724760
vn 0.000000 0.707107 -0.707107
vn 0.000000 0.707107 -0.707107
vn 0.000000 0.707107 -0.707107
vn 0.000000 0.707107 -0.707107
vn 0.707104 0.707110 0.000000
vn 0.707104 0.707110 0.000000
vn 0.707104 0.707110 0.000000
vn 0.707104 0.707110 0.000000
vn 0.675077 -0.238958 0.697976
vn 0.672378 -0.295568 0.678636
vn 0.684367 -0.455257 0.569546
vn 0.000032 -0.265569 0.964092
vn 0.000011 -0.031217 0.999513
vn 0.000011 -0.031280 0.999511
vn 0.000032 -0.265513 0.964107
vn 0.000000 1.000000 0.000000
vn 0.000000 1.000000 0.000000
vn 0.000000 1.000000 0.000000
vn 0.000000 1.000000 0.000000
vn 1.000000 -0.000000 0.000000
vn 1.000000 0.000000 0.000000
vn 1.000000 0.000000 0.000000
vn 1.000000 -0.000000 0.000000
vn 0.703812 -0.710362 -0.005843
vn 0.704620 -0.709571 -0.004415
vn 0.677441 -0.732685 0.065173
vn 0.675448 -0.737332 0.010547
vn 0.000000 -1.000000 -0.000000
vn 0.000000 -1.000000 -0.000000
vn 0.000000 -1.000000 -0.000000
vn 0.000000 -1.000000 -0.000000
vn 0.705719 -0.708452 0.007532
vn 0.705464 -0.708690 0.008892
vn 0.682135 -0.731214 -0.004337
vn 0.680761 -0.729740 -0.063592
vn 0.679483 -0.730004 -0.073462
vn 0.678016 -0.730142 -0.084777
vn 0.679333 -0.717133 -0.155650
vn 0.000005 -0.995967 -0.089725
vn 0.000018 -0.998732 -0.050338
vn 0.000018 -0.998712 -0.050748
vn 0.000005 -0.995968 -0.089715
vn 0.676437 -0.732748 0.074255
vn 0.677899 -0.718252 0.156737
vn 0.675194 -0.732750 0.084798
vn 0.000027 -0.998749 0.050005
vn 0.000008 -0.995974 0.089649
vn 0.000008 -0.995979 0.089590
vn 0.000027 -0.998712 0.050749
vn 0.672223 -0.240480 -0.700204
vn 0.683333 -0.457163 -0.569261
vn 0.669792 -0.295701 -0.681131
vn 0.000017 -0.031354 -0.999508
vn 0.000049 -0.264834 -0.964294
vn 0.000049 -0.264784 -0.964308
vn 0.000017 -0.031293 -0.999510
vn 0.675300 -0.698103 0.237953
vn 0.679300 -0.650247 0.340191
vn 0.674381 -0.692134 0.257217
vn 0.000018 -0.990537 0.137250
vn 0.000020 -0.954811 0.297213
vn 0.000020 -0.954849 0.297092
vn 0.000018 -0.990545 0.137187
vn 0.674369 -0.588452 0.446038
vn 0.672339 -0.563917 0.479539
vn 0.000028 -0.924497 0.381190
vn 0.000035 -0.823737 0.566972
vn 0.000035 -0.823824 0.566846
vn 0.000028 -0.924525 0.381120
vn 0.000055 -0.713925 0.700222
vn 0.000070 -0.478244 0.878227
vn 0.000070 -0.478690 0.877984
vn 0.000055 -0.713963 0.700183
vn 0.672323 -0.564807 -0.478514
vn 0.679133 -0.651387 -0.338339
vn 0.674017 -0.589540 -0.445133
vn 0.000071 -0.477902 -0.878413
vn 0.000055 -0.713493 -0.700662
vn 0.000055 -0.713375 -0.700783
vn 0.000071 -0.478008 -0.878355
vn 0.674387 -0.692522 -0.256155
vn 0.675168 -0.698593 -0.236890
vn 0.000035 -0.823535 -0.567266
vn 0.000027 -0.924430 -0.381352
vn 0.000028 -0.924366 -0.381507
vn 0.000035 -0.823527 -0.567277
vn 0.000020 -0.954775 -0.297331
vn 0.000018 -0.990542 -0.137210
vn 0.000018 -0.990515 -0.137407
vn 0.000020 -0.954759 -0.297380
vn 0.000000 0.000000 1.000000
vn 0.000000 0.000000 1.000000
vn 0.000000 0.000000 -1.000000
vn 0.000000 0.000000 -1.000000
vn 0.000000 1.000000 0.000000
vn 0.000000 1.000000 0.000000
vn 0.000000 1.000000 0.000000
vn 0.000000 1.000000 0.000000
vn 1.000000 0.000000 0.000000
vn 1.000000 0.000000 0.000000
vn 1.000000 0.000000 0.000000
vn 1.000000 0.000000 0.000000
vn 1.000000 0.000000 0.000000
vn 1.000000 0.000000 0.000000
vn 1.000000 -0.000000 0.000000
vn 1.000000 -0.000000 0.000000
vn 1.000000 -0.000000 0.000000
vn 1.000000 -0.000000 0.000000
vn 1.000000 -0.000000 0.000000
vn 1.000000 -0.000000 0.000000
vn 0.577350 0.577348 0.577353
vn 0.577350 0.577348 0.577353
vn 0.577350 0.577348 0.577353
vn 0.577349 0.577352 -0.577350
vn 0.577349 0.577352 -0.577350
vn 0.577349 0.577352 -0.577350
vn -0.382429 -0.923982 -0.002313
vn -0.018280 -0.999826 -0.003680
vn -0.018280 -0.999826 0.003680
vn -0.382429 -0.923982 0.002313
vn 0.000000 -0.999993 -0.003738
vn 0.000000 -0.999993 0.003738
vn -0.923984 -0.382423 -0.002313
vn -0.923984 -0.382423 0.002313
vn -0.999990 -0.002334 0.003730
vn -0.999990 -0.002334 -0.003730
vn -0.011453 -0.924347 -0.381382
vn 0.000000 -0.923879 -0.382685
vn 0.000000 -0.999993 -0.003738
vn 0.000000 -0.999993 0.003737
vn 0.000000 -0.923879 0.382685
vn -0.011453 -0.924347 0.381382
vn -0.999993 0.000000 0.003740
vn -0.999993 0.000000 -0.003740
vn -0.011453 -0.381380 -0.924348
vn -0.018335 -0.002310 -0.999829
vn -0.000000 -0.002346 -0.999997
vn 0.000000 -0.382683 -0.923880
vn 0.000000 -0.923877 -0.382689
vn 0.000000 -0.999993 -0.003737
vn 0.000000 -0.999993 0.003738
vn 0.000000 -0.923879 0.382684
vn 0.000000 -0.382683 0.923880
vn -0.000000 -0.002345 0.999997
vn -0.018335 -0.002310 0.999829
vn -0.011453 -0.381380 0.924348
vn -0.923879 0.000000 -0.382685
vn -0.923945 -0.001448 -0.382523
vn -0.923945 -0.001448 0.382523
vn -0.923879 0.000000 0.382685
vn -0.999993 0.000000 0.003737
vn -0.999993 0.000000 -0.003737
vn -0.018419 0.000000 -0.999830
vn 0.000055 0.000055 -1.000000
vn 0.000000 -0.002320 -0.999997
vn 0.000000 -0.382686 -0.923879
vn 0.000000 -0.923877 -0.382690
vn 0.004734 -0.999982 -0.003722
vn 0.004734 -0.999982 0.003722
vn 0.000000 -0.923879 0.382684
vn 0.000000 -0.382684 0.923879
vn -0.000002 -0.002296 0.999997
vn 0.000058 0.000057 1.000000
vn -0.018419 0.000000 0.999830
vn -0.923879 0.000000 -0.382686
vn -0.382522 -0.001448 -0.923945
vn -0.382684 0.000000 -0.923879
vn -0.382684 0.000000 0.923879
vn -0.382522 -0.001448 0.923945
vn -0.923878 0.000000 0.382686
vn -0.999993 0.000000 0.003737
vn -0.999993 0.000000 -0.003737
vn -0.018331 0.000000 -0.999832
vn 0.012842 0.006959 -0.999893
vn 0.000878 0.001629 -0.999998
vn 0.000000 -0.004612 -0.999989
vn 0.000000 -0.382685 -0.923879
vn 0.002940 -0.924008 -0.382361
vn 0.002940 -0.924011 0.382354
vn 0.382430 -0.923981 -0.002315
vn 0.382431 -0.923981 0.002315
vn 0.000000 -0.382682 0.923880
vn 0.000000 -0.004614 0.999989
vn 0.000919 0.001682 0.999998
vn 0.013095 0.007080 0.999889
vn -0.018331 0.000000 0.999832
vn -0.382683 0.000000 -0.923880
vn -0.923879 0.000000 -0.382685
vn -0.382684 0.000000 0.923879
vn -0.923879 0.000000 0.382685
vn -0.999993 0.000000 0.003738
vn -0.999993 0.000000 -0.003738
vn -0.040549 0.000000 -0.999178
vn 0.032614 0.000196 -0.999468
vn 0.000021 0.003617 -0.999994
vn 0.008479 -0.004668 -0.999953
vn 0.002940 -0.382355 -0.924011
vn 0.002941 -0.382353 0.924012
vn 0.008388 -0.004670 0.999954
vn 0.923983 -0.382427 -0.002312
vn 0.999893 -0.006913 -0.012864
vn 0.999948 -0.004831 0.008990
vn 0.923983 -0.382427 0.002312
vn 0.000021 0.003727 0.999993
vn 0.032376 0.000198 0.999476
vn -0.040549 0.000000 0.999178
vn -0.382687 0.000000 -0.923878
vn -0.923879 0.000000 -0.382685
vn -0.382687 0.000000 0.923878
vn -0.923879 0.000000 0.382685
vn -0.999993 0.000000 0.003738
vn -0.999993 0.000000 -0.003738
vn -0.382687 0.000000 -0.923878
vn -0.053760 0.000000 -0.998554
vn -0.923879 0.000000 -0.382684
vn -0.053760 0.000000 0.998554
vn -0.382687 0.000000 0.923878
vn -0.923879 0.000000 0.382684
vn -0.999993 0.000000 0.003738
vn -0.999993 0.000000 -0.003738
vn -0.029482 0.000000 -0.999565
vn 0.000000 0.000000 -1.000000
vn 0.000000 0.000000 -1.000000
vn 0.000000 0.000000 -1.000000
vn 0.062385 0.001027 -0.998052
vn 0.035936 0.000074 -0.999354
vn 0.005485 0.009518 -0.999940
vn 0.294612 0.320524 -0.900260
vn 0.320527 0.294609 -0.900260
vn 0.006707 0.003865 -0.999970
vn 0.005536 0.009605 0.999939
vn 0.132595 0.423815 0.895991
vn 0.106106 0.429501 0.896811
vn 0.002023 0.145388 0.989373
vn 0.006746 0.003902 0.999970
vn 0.323553 0.296961 0.898403
vn 0.297125 0.322973 0.898557
vn 0.998156 0.005024 -0.060492
vn 0.991450 0.130419 -0.004120
vn 0.991506 0.129998 0.004081
vn 0.999815 0.001584 0.019175
vn 0.035706 0.000074 0.999362
vn 0.061975 0.000935 0.998077
vn 0.000000 0.000000 1.000000
vn 0.000000 0.000000 1.000000
vn -0.000000 0.000000 1.000000
vn -0.029482 0.000000 0.999565
vn -0.382686 0.000000 -0.923879
vn -0.923879 0.000000 -0.382685
vn -0.382686 0.000000 0.923878
vn -0.923879 0.000000 0.382685
vn -0.999772 0.021035 0.003671
vn -0.999772 0.021035 -0.003671
vn 0.454383 0.007477 -0.890775
vn 0.414598 0.000724 -0.910004
vn -0.051993 0.000000 -0.998648
vn 0.000000 0.000000 -1.000000
vn 0.000000 0.000000 -1.000000
vn -0.000000 0.000000 -1.000000
vn 0.124384 -0.003394 -0.992229
vn 0.623974 0.648722 -0.435679
vn 0.679456 0.733702 -0.004555
vn 0.733461 0.679716 -0.004549
vn 0.648722 0.623973 -0.435680
vn 0.650864 0.623992 0.432447
vn 0.733458 0.679720 0.004502
vn 0.679486 0.733674 0.004593
vn 0.625271 0.649031 0.433353
vn 0.970627 0.240535 -0.005081
vn 0.970648 0.240450 0.005055
vn 0.410609 0.000733 0.911811
vn 0.449753 0.006783 0.893127
vn 0.125229 -0.002625 0.992124
vn 0.000000 0.000000 1.000000
vn 0.000000 0.000000 1.000000
vn 0.000000 0.000000 1.000000
vn -0.051994 0.000000 0.998647
vn -0.382687 0.000000 -0.923878
vn -0.924407 0.013203 -0.381178
vn -0.382687 0.000000 0.923878
vn -0.924407 0.013203 0.381178
vn -0.923986 0.382420 0.002313
vn -0.923986 0.382420 -0.002313
vn 0.913879 0.000685 -0.405985
vn 0.892327 0.007821 -0.451321
vn 0.997613 0.001195 -0.069037
vn 0.999971 0.000016 -0.007666
vn 0.421834 -0.007679 -0.906641
vn -0.000000 0.000000 -1.000000
vn 0.000000 0.000000 -1.000000
vn 0.925264 0.379286 -0.005383
vn 0.999919 0.009528 -0.008447
vn 0.999899 0.010587 0.009531
vn 0.925252 0.379316 0.005303
vn 0.385455 0.922712 -0.005227
vn 0.385450 0.922713 0.005383
vn 0.005202 0.999974 0.005064
vn 0.005165 0.999974 -0.005012
vn 0.955408 0.295250 -0.004817
vn 0.955470 0.295048 0.004844
vn 0.417796 -0.005621 0.908524
vn 0.912104 0.000679 0.409960
vn 0.998661 0.000106 0.051726
vn 0.997587 0.001278 0.069418
vn 0.889895 0.008390 0.456089
vn 0.000000 0.000000 1.000000
vn 0.000000 0.000000 1.000000
vn -0.381180 0.013203 -0.924407
vn -0.048493 0.055934 -0.997256
vn -0.048493 0.055934 0.997256
vn -0.381180 0.013203 0.924407
vn -0.382429 0.923982 0.002313
vn -0.018280 0.999826 0.003680
vn -0.018280 0.999826 -0.003680
vn -0.382429 0.923982 -0.002313
vn 0.905613 -0.007054 -0.424046
vn 0.990024 -0.004129 -0.140838
vn 0.998650 -0.051944 -0.000195
vn 0.999959 -0.009061 -0.000000
vn -0.000000 0.062747 -0.998030
vn -0.000002 0.036346 -0.999339
vn -0.000010 0.000029 -1.000000
vn -0.000005 0.000002 -1.000000
vn -0.000198 0.000061 -1.000000
vn -0.011454 0.381380 -0.924347
vn 0.000000 0.382683 -0.923880
vn -0.000000 0.000000 -1.000000
vn 0.046045 -0.023016 -0.998674
vn 0.097623 -0.008312 -0.995189
vn 0.000863 0.999988 0.004801
vn 0.000858 0.999989 -0.004706
vn 0.499111 0.866531 -0.003409
vn 0.499843 0.866109 0.003449
vn 0.865924 0.500163 0.003440
vn 0.865503 0.500892 -0.003409
vn 0.240454 0.970647 0.005106
vn 0.295037 0.955474 0.004769
vn 0.295001 0.955485 -0.004823
vn 0.240439 0.970651 -0.005070
vn 0.989625 -0.003580 0.143629
vn 0.902725 -0.005691 0.430180
vn 0.999986 -0.005297 -0.000000
vn 0.998640 -0.052137 0.000109
vn 0.097483 -0.007872 0.995206
vn 0.046028 -0.023479 0.998664
vn 0.000000 0.000000 1.000000
vn -0.000197 0.000060 1.000000
vn -0.000005 0.000002 1.000000
vn -0.000010 0.000029 1.000000
vn -0.000002 0.036346 0.999339
vn -0.000000 0.062747 0.998030
vn 0.000000 0.382683 0.923880
vn -0.011454 0.381380 0.924347
vn 0.000000 0.999993 0.003738
vn 0.000000 0.999993 -0.003738
vn 0.991094 -0.133163 -0.001081
vn 0.000000 0.382682 -0.923880
vn 0.000000 0.036891 -0.999319
vn 0.000067 -0.004393 -0.999990
vn -0.000148 0.000523 -1.000000
vn 0.002589 -0.000579 -0.999997
vn 0.000000 0.923876 -0.382692
vn -0.011453 0.924344 -0.381389
vn 0.011929 -0.009411 -0.999885
vn 0.915266 -0.402850 -0.000008
vn 0.915267 -0.402847 -0.000008
vn 0.130421 0.991450 0.004130
vn 0.129998 0.991506 -0.004081
vn 0.991299 -0.131618 0.001434
vn 0.011690 -0.009402 0.999888
vn 0.002471 -0.000557 0.999997
vn -0.000148 0.000520 1.000000
vn 0.000067 -0.004381 0.999990
vn 0.000000 0.036892 0.999319
vn 0.000000 0.382682 0.923880
vn -0.011453 0.924344 0.381389
vn 0.000000 0.923876 0.382692
vn 0.000000 0.999993 0.003738
vn 0.000000 0.999993 -0.003738
vn 0.000000 0.382681 -0.923881
vn 0.000000 0.923878 -0.382688
vn 0.005875 0.036718 -0.999308
vn 0.006203 -0.004307 -0.999972
vn 0.002235 -0.097788 -0.995205
vn 0.008444 -0.003163 -0.999959
vn 0.391381 -0.920229 -0.000187
vn 0.008324 -0.999965 -0.000724
vn 0.008322 -0.999965 0.000726
vn 0.391394 -0.920223 0.000175
vn 0.008133 -0.003048 0.999962
vn 0.002225 -0.097342 0.995249
vn 0.006202 -0.004304 0.999972
vn 0.005875 0.036718 0.999308
vn 0.000000 0.382681 0.923881
vn 0.000000 0.923878 0.382687
vn 0.000000 0.999993 0.003738
vn 0.000000 0.999993 -0.003738
vn 0.983508 -0.115007 -0.139589
vn 0.927534 -0.361437 -0.095101
vn 0.929221 -0.369515 -0.002501
vn 0.000000 0.923881 -0.382680
vn 0.003788 0.382258 -0.924048
vn 0.379960 0.024097 -0.924689
vn 0.382637 -0.011098 -0.923832
vn 0.017379 -0.160033 -0.986959
vn 0.002458 -0.999997 -0.000782
vn 0.002458 -0.999997 0.000784
vn 0.930570 -0.366102 0.002819
vn 0.928834 -0.357241 0.098219
vn 0.983209 -0.114630 0.141986
vn 0.017455 -0.159277 0.987080
vn 0.003788 0.382258 0.924048
vn 0.382713 -0.011044 0.923801
vn 0.379960 0.024097 0.924689
vn 0.000000 0.923881 0.382680
vn 0.006092 0.999975 0.003718
vn 0.006092 0.999975 -0.003718
vn 0.003788 0.924049 -0.382256
vn 0.924690 0.024097 -0.379957
vn 0.999317 0.036792 -0.003593
vn 0.999958 -0.008313 -0.003757
vn 0.923795 -0.010942 -0.382731
vn 0.369646 -0.253216 -0.894004
vn 0.008618 -0.095883 -0.995355
vn 0.024061 -0.209526 -0.977507
vn 0.036150 -0.045508 -0.998310
vn 0.210113 -0.977677 -0.000774
vn 0.210100 -0.977680 0.000775
vn 0.034862 -0.044628 0.998395
vn 0.024071 -0.208524 0.977721
vn 0.003788 0.924049 0.382256
vn 0.923826 -0.010994 0.382656
vn 0.999959 -0.008296 0.003758
vn 0.999317 0.036792 0.003593
vn 0.924690 0.024097 0.379958
vn 0.008622 -0.095578 0.995385
vn 0.371508 -0.252471 0.893443
vn 0.382428 0.923982 0.002313
vn 0.382428 0.923982 -0.002313
vn 0.982801 -0.184624 -0.004020
vn 0.893669 -0.251189 -0.371832
vn 0.354736 -0.446020 -0.821723
vn 0.022844 -0.167106 -0.985674
vn 0.375040 -0.927008 -0.000850
vn 0.375030 -0.927012 0.000852
vn 0.894231 -0.251918 0.369984
vn 0.982851 -0.184360 0.004025
vn 0.022906 -0.166305 0.985808
vn 0.356574 -0.446625 0.820598
vn 0.923984 0.382423 -0.002313
vn 0.923984 0.382423 0.002313
vn 0.932745 -0.360511 -0.004376
vn 0.826790 -0.449480 -0.338210
vn 0.145369 -0.978444 -0.146678
vn 0.205611 -0.961207 -0.183862
vn 0.440950 -0.897528 -0.002538
vn 0.440936 -0.897535 0.002539
vn 0.206543 -0.961174 0.182987
vn 0.145309 -0.978441 0.146762
vn 0.004067 -0.994565 0.104035
vn 0.021473 -0.987785 0.154336
vn 0.827753 -0.448941 0.336568
vn 0.932753 -0.360491 0.004367
vn 0.021416 -0.987760 -0.154506
vn 0.004070 -0.994564 -0.104044
vn 0.026599 -0.199006 -0.979637
vn 0.609469 -0.527535 -0.591823
vn 0.446139 -0.796769 -0.407578
vn 0.048893 -0.615119 -0.786917
vn 0.766106 -0.642708 -0.002759
vn 0.766654 -0.642055 0.002764
vn 0.026632 -0.198085 0.979823
vn 0.049349 -0.620089 0.782978
vn 0.448848 -0.796553 0.405016
vn 0.611063 -0.527595 0.590124
vn 0.914954 -0.403549 0.002851
vn 0.033082 -0.963209 -0.266711
vn 0.234837 -0.949049 -0.210137
vn 0.914928 -0.403606 -0.002847
vn 0.033083 -0.963984 0.263893
vn 0.235559 -0.949122 0.208997
vn 0.972180 -0.230849 -0.039680
vn 0.842974 -0.530324 -0.090287
vn 0.837931 -0.498239 -0.222780
vn 0.973421 -0.209689 -0.092104
vn 0.999742 -0.022701 0.000000
vn 0.847011 -0.531575 0.000000
vn 0.997040 0.076885 0.000000
vn 0.993390 0.071308 -0.089957
vn 0.860902 0.505182 -0.060315
vn 0.848807 0.528703 0.000000
vn 0.992959 -0.005456 -0.118329
vn 0.966125 -0.011888 -0.257802
vn 0.988318 -0.052026 -0.143251
vn 0.841876 -0.187768 -0.505952
vn 0.982314 -0.125502 -0.138957
vn 0.836909 -0.368090 -0.405083
vn 0.480435 -0.864725 -0.146400
vn 0.478114 -0.800530 -0.361330
vn 0.707105 -0.707108 0.000000
vn 0.972180 -0.230850 0.039680
vn 0.842974 -0.530324 0.090287
vn 0.993390 0.071308 0.089957
vn 0.871405 0.309912 0.380274
vn 0.845893 -0.023796 0.532821
vn 0.992959 -0.005457 0.118329
vn 0.973420 -0.209690 0.092104
vn 0.837931 -0.498239 0.222779
vn 0.982314 -0.125502 0.138957
vn 0.836909 -0.368090 0.405084
vn 0.988318 -0.052026 0.143251
vn 0.841876 -0.187768 0.505952
vn 0.413101 0.910685 0.000000
vn 0.485950 0.873986 0.000000
vn 0.707105 0.000000 -0.707109
vn 0.708165 -0.031225 -0.705356
vn 0.482637 -0.038313 -0.874982
vn 0.414409 0.000000 -0.910091
vn 0.480517 -0.308424 -0.820962
vn 0.477250 -0.592004 -0.649433
vn 0.032842 -0.985517 -0.166366
vn 0.032856 -0.910224 -0.412811
vn 0.258819 -0.965926 0.000000
vn 0.033112 -0.999452 0.000000
vn 0.480435 -0.864725 0.146400
vn 0.414409 0.000000 0.910091
vn 0.482637 -0.038313 0.874982
vn 0.413101 0.910685 0.000000
vn 0.478114 -0.800530 0.361330
vn 0.477250 -0.592004 0.649433
vn 0.480517 -0.308423 0.820962
vn 0.028401 0.999597 0.000000
vn 0.033179 0.999449 0.000000
vn 0.032967 -0.043261 -0.998520
vn 0.028475 0.000000 -0.999595
vn 0.032952 -0.353473 -0.934864
vn 0.032785 -0.673903 -0.738093
vn 0.041932 -0.911014 -0.410237
vn 0.041269 -0.993408 -0.106949
vn 0.041036 -0.999158 0.000000
vn 0.032842 -0.985517 0.166365
vn 0.028474 0.000000 0.999595
vn 0.032967 -0.043261 0.998520
vn 0.028401 0.999597 0.000000
vn 0.032856 -0.910224 0.412811
vn 0.032785 -0.673903 0.738092
vn 0.032952 -0.353472 0.934864
vn 0.041036 0.999158 0.000000
vn 0.041036 0.999158 0.000000
vn 0.041036 0.000000 -0.999158
vn 0.041200 -0.089638 -0.995122
vn 0.041731 -0.355469 -0.933756
vn 0.041822 -0.676236 -0.735497
vn 0.041269 -0.993408 0.106949
vn 0.041036 0.000000 0.999158
vn 0.041200 -0.089637 0.995122
vn 0.041036 0.999158 0.000000
vn 0.041932 -0.911014 0.410237
vn 0.041822 -0.676237 0.735496
vn 0.041731 -0.355468 0.933756
vn -0.325277 -0.887910 -0.325285
vn -0.325277 -0.887910 0.325285
vn -0.887916 -0.325271 0.325277
vn -0.325273 -0.325278 0.887914
vn -0.887916 -0.325271 -0.325276
vn -0.325271 -0.325276 -0.887916
vn 0.182536 0.181810 -0.966243
vn 0.325190 -0.887935 -0.325305
vn 0.325205 -0.887931 0.325300
vn 0.183304 0.182323 0.966001
vn 0.412633 0.002082 -0.910895
vn 0.001936 0.396453 -0.918053
vn 0.001881 0.396012 0.918244
vn 0.408704 0.002111 0.912664
vn 0.000623 0.398741 -0.917063
vn 0.002107 0.143941 -0.989584
vn 0.408262 -0.001737 -0.912863
vn 0.325213 -0.325288 -0.887933
vn 0.004519 0.000029 -0.999990
vn 0.408872 0.000152 -0.912592
vn 0.888012 -0.325117 -0.325167
vn 0.900575 -0.000920 -0.434700
vn 0.325235 -0.325305 0.887918
vn 0.404507 -0.001765 0.914533
vn 0.405095 0.000138 0.914274
vn 0.004496 0.000029 0.999990
vn 0.899295 -0.000971 0.437341
vn 0.888007 -0.325136 0.325161
vn 0.899083 0.000508 0.437778
vn 0.000391 0.398407 0.917209
vn 0.913701 0.006470 -0.406335
vn 0.845081 0.320847 -0.427663
vn 0.322661 0.842795 -0.430798
vn 0.006886 0.900717 -0.434353
vn 0.067981 0.516035 -0.853865
vn 0.104975 0.426014 -0.898606
vn 0.131293 0.420285 -0.897844
vn 0.263903 0.456932 -0.849452
vn 0.420283 0.131289 -0.897845
vn 0.426787 0.104447 -0.898300
vn 0.456941 0.263888 -0.849452
vn 0.521230 0.063841 -0.851025
vn 0.515931 0.067950 0.853931
vn 0.426003 0.104972 0.898611
vn 0.420622 0.132390 0.897524
vn 0.458520 0.270367 0.846559
vn 0.261667 0.462713 0.847011
vn 0.063739 0.520695 0.851360
vn 0.900372 0.000532 -0.435120
vn 0.886308 0.111069 -0.449580
vn 0.884422 0.115821 0.452089
vn 0.006778 0.900230 0.435363
vn 0.322747 0.840992 0.434244
vn 0.001283 0.900381 0.435100
vn 0.844776 0.323501 0.426263
vn 0.911969 0.006568 0.410208
vn 0.001447 0.900823 -0.434184
vn 0.220021 0.860616 0.459272
vn 0.240413 0.860871 0.448445
vn -0.887919 0.325266 0.325271
vn -0.887919 0.325266 -0.325271
vn 0.388716 -0.030064 -0.920867
vn 0.860176 0.217705 -0.461196
vn 0.115857 0.884388 -0.452146
vn 0.218862 0.859697 -0.461542
vn 0.238551 0.859667 -0.451737
vn 0.455458 0.790792 -0.408908
vn 0.790795 0.455457 -0.408905
vn 0.859680 0.238569 -0.451703
vn 0.110986 0.886173 0.449865
vn 0.451560 0.794419 0.406193
vn 0.859713 0.218903 0.461492
vn 0.859486 0.239917 0.451357
vn 0.789355 0.460599 0.405915
vn 0.383077 -0.028616 0.923273
vn -0.325271 0.325271 -0.887918
vn -0.325271 0.325271 0.887918
vn -0.325269 0.887915 -0.325281
vn -0.325268 0.887915 0.325281
vn 0.905288 -0.086459 -0.415908
vn 0.921851 -0.387544 -0.000744
vn 0.198620 -0.177701 -0.963832
vn 0.848285 -0.313715 -0.426609
vn 0.922202 -0.386709 0.000058
vn 0.901705 -0.082803 0.424348
vn 0.196358 -0.177285 0.964372
vn 0.844543 -0.311372 0.435654
vn 0.384244 -0.923207 -0.006674
vn 0.024761 -0.988384 -0.149943
vn 0.010148 -0.995329 -0.096010
vn 0.379311 -0.925186 -0.012444
vn 0.010186 -0.995329 0.096004
vn 0.380435 -0.924727 0.012227
vn 0.024798 -0.988397 0.149852
vn 0.387929 -0.921657 0.007718
vn 0.385430 -0.918049 -0.092893
vn 0.033037 -0.976497 -0.212984
vn 0.325298 0.325457 -0.887840
vn 0.033059 -0.976767 0.211737
vn 0.388762 -0.916811 0.091228
vn 0.325298 0.325457 0.887840
vn 0.355460 -0.826055 -0.437358
vn 0.049395 -0.682557 -0.729161
vn 0.049632 -0.684355 0.727458
vn 0.356597 -0.827405 0.433866
vn 0.325324 0.887875 0.325335
vn 0.325324 0.887875 -0.325335
vn 0.887840 0.325458 -0.325294
vn 0.887839 0.325458 0.325299
vn 0.975921 -0.122969 -0.180157
vn 0.977366 -0.088464 -0.192171
vn 0.985290 -0.121444 -0.120226
vn 0.991088 -0.119374 -0.059120
vn 0.994070 -0.085611 -0.067050
vn 0.994430 -0.075100 -0.073951
vn 0.993838 -0.066352 -0.088785
vn 0.992153 -0.060673 -0.109317
vn 0.978386 -0.077550 -0.191693
vn 0.980801 -0.068150 -0.182713
vn 0.984131 -0.061701 -0.166369
vn 0.987647 -0.059174 -0.145089
vn 0.989467 -0.058947 -0.132211
vn 0.988577 -0.059062 -0.138660
s 1
g base
usemtl lambert2SG
f 267/719/362 266/720/363 408/721/364 407/722/365
s 2
f 266/377/366 271/368/367 409/367/368 408/378/369
s 3
f 269/730/370 268/723/371 276/729/372 275/738/373
s 1
f 268/723/374 267/719/362 277/728/375 276/729/376
s 2
f 271/368/367 270/369/377 320/361/378 319/357/379
s 3
f 270/911/380 269/912/370 321/913/381 320/914/382
s 4
f 273/540/383 272/548/384 420/549/385 419/541/386
s 1
f 272/735/387 277/728/375 421/727/388 420/736/389
s 3
f 275/915/373 274/919/390 324/920/391 323/916/392
s 4
f 274/547/393 273/540/383 325/532/394 324/539/395
s 3
f 279/950/396 278/951/397 504/947/398 503/946/399
s 2
f 278/449/400 283/439/401 505/425/402 504/435/403
s 7
f 281/779/404 280/780/405 288/781/406 287/782/407
s 3
f 280/780/408 279/785/396 289/786/409 288/781/410
s 2
f 283/439/401 282/453/411 336/454/412 335/438/413
s 7
f 282/783/414 281/779/404 337/790/415 336/791/416
s 4
f 285/588/417 284/589/418 636/581/419 635/580/420
s 3
f 284/954/421 289/953/409 637/949/422 636/952/423
s 7
f 287/782/407 286/787/424 344/794/425 343/789/426
s 4
f 286/597/427 285/588/417 345/587/428 344/598/429
s 7
f 291/828/430 290/829/431 392/825/432 391/823/433
s 2
f 290/523/434 295/521/435 393/517/436 392/520/437
s 11
f 293/835/438 292/831/439 300/832/440 299/836/441
s 7
f 292/831/442 291/828/430 301/827/443 300/832/444
s 2
f 295/521/435 294/524/445 352/522/446 351/518/447
s 11
f 294/955/448 293/956/438 353/957/449 352/958/450
s 4
f 297/664/451 296/667/452 436/663/453 435/659/454
s 7
f 296/830/455 301/827/443 437/824/456 436/826/457
s 11
f 299/959/441 298/963/458 356/964/459 355/960/460
s 4
f 298/668/461 297/664/451 357/661/462 356/665/463
s 11
f 303/994/464 302/995/465 568/991/466 567/990/467
s 2
f 302/488/468 307/475/469 569/463/470 568/476/471
s 1
f 305/767/472 304/770/473 312/772/474 311/768/475
s 11
f 304/770/476 303/775/464 313/776/477 312/772/478
s 2
f 307/475/469 306/487/479 368/474/480 367/461/481
s 1
f 306/766/482 305/767/472 369/763/483 368/762/484
s 4
f 309/619/485 308/630/486 584/620/487 583/610/488
s 11
f 308/998/489 313/997/477 585/993/490 584/996/491
s 1
f 311/768/475 310/773/492 376/769/493 375/764/494
s 4
f 310/629/495 309/619/485 377/609/496 376/618/497
s 3
f 315/922/498 314/917/499 322/921/500 329/925/501
f 314/917/499 321/913/381 323/916/392 322/921/500
s 2
f 317/363/502 316/370/503 494/380/504 501/371/505
s 3
f 316/923/506 315/922/498 495/926/507 494/927/508
s 2
f 319/357/379 318/358/509 522/359/510 521/360/511
f 318/358/509 317/363/502 523/364/512 522/359/510
s 4
f 327/526/513 326/527/514 488/528/515 487/529/516
f 326/527/514 325/532/394 489/533/517 488/528/515
s 3
f 329/925/501 328/928/518 626/932/519 633/929/520
s 4
f 328/530/521 327/526/513 627/537/522 626/538/523
s 7
f 331/799/524 330/795/525 342/796/526 341/800/527
f 330/795/525 337/790/415 343/789/426 342/796/526
s 2
f 333/466/528 332/478/529 378/489/530 385/479/531
s 7
f 332/801/532 331/799/524 379/804/533 378/805/534
s 2
f 335/438/413 334/450/535 478/436/536 477/424/537
f 334/450/535 333/466/528 479/451/538 478/436/536
s 4
f 339/605/539 338/594/540 620/586/541 619/596/542
f 338/594/540 345/587/428 621/579/543 620/586/541
s 7
f 341/800/527 340/802/544 432/806/545 431/803/546
s 4
f 340/614/547 339/605/539 433/615/548 432/625/549
s 11
f 347/966/550 346/961/551 354/965/552 361/969/553
f 346/961/551 353/957/449 355/960/460 354/965/552
s 2
f 349/509/554 348/515/555 558/510/556 565/503/557
s 11
f 348/967/558 347/966/550 559/970/559 558/971/560
s 2
f 351/518/447 350/514/561 554/508/562 553/513/563
f 350/514/561 349/509/554 555/502/564 554/508/562
s 4
f 359/657/565 358/660/566 470/654/567 469/650/568
f 358/660/566 357/661/462 471/655/569 470/654/567
s 11
f 361/969/553 360/972/570 574/976/571 581/973/572
s 4
f 360/662/573 359/657/565 575/649/574 574/656/575
s 1
f 363/755/576 362/758/577 374/760/578 373/756/579
f 362/758/577 369/763/483 375/764/494 374/760/578
s 2
f 365/432/580 364/445/581 396/431/582 395/419/583
s 1
f 364/754/584 363/755/576 397/751/585 396/750/586
s 2
f 367/461/481 366/446/587 460/433/588 459/448/589
f 366/446/587 365/432/580 461/421/590 460/433/588
s 4
f 371/591/591 370/601/592 602/592/593 601/584/594
f 370/601/592 377/609/496 603/602/595 602/592/593
s 1
f 373/756/579 372/761/596 410/757/597 417/752/598
s 4
f 372/600/599 371/591/591 411/583/600 410/590/601
s 7
f 381/811/602 380/807/603 430/808/604 429/812/605
f 380/807/603 379/804/533 431/803/546 430/808/604
s 2
f 383/499/606 382/505/607 388/511/608 387/506/609
s 7
f 382/813/610 381/811/602 389/816/611 388/817/612
s 2
f 385/479/531 384/490/613 444/480/614 443/467/615
f 384/490/613 383/499/606 445/491/616 444/480/614
f 387/506/609 386/512/617 552/507/618 551/500/619
f 386/512/617 393/517/436 553/513/563 552/507/618
s 7
f 391/823/433 390/819/620 438/820/621 437/824/456
f 390/819/620 389/816/611 439/815/622 438/820/621
s 2
f 395/419/583 394/407/623 536/397/624 535/409/625
f 394/407/623 401/396/626 537/388/627 536/397/624
s 1
f 399/742/628 398/746/629 416/748/630 415/744/631
f 398/746/629 397/751/585 417/752/598 416/748/630
s 2
f 401/396/626 400/406/632 404/395/633 403/386/634
s 1
f 400/741/635 399/742/628 405/734/636 404/733/637
s 2
f 403/386/634 402/374/638 520/365/639 519/376/640
f 402/374/638 409/367/368 521/360/511 520/365/639
s 1
f 407/722/365 406/725/641 422/732/642 421/727/388
f 406/725/641 405/734/636 423/739/643 422/732/642
s 4
f 413/567/644 412/575/645 454/568/646 453/560/647
f 412/575/645 411/583/600 455/576/648 454/568/646
s 1
f 415/744/631 414/749/649 424/745/650 423/739/643
s 4
f 414/574/651 413/567/644 425/559/652 424/566/653
f 419/541/386 418/550/654 490/542/655 489/533/517
f 418/550/654 425/559/652 491/551/656 490/542/655
f 427/636/657 426/626/658 646/616/659 645/628/660
f 426/626/658 433/615/548 647/607/661 646/616/659
s 7
f 429/812/605 428/814/662 440/818/663 439/815/622
s 4
f 428/644/664 427/636/657 441/645/665 440/652/666
f 435/659/454 434/653/667 472/646/668 471/655/569
f 434/653/667 441/645/665 473/638/669 472/646/668
s 2
f 443/467/615 442/452/670 480/437/671 479/451/538
f 442/452/670 449/440/672 481/426/673 480/437/671
f 447/469/674 446/481/675 550/492/676 557/482/677
f 446/481/675 445/491/616 551/500/619 550/492/676
f 449/440/672 448/455/678 526/441/679 533/427/680
f 448/455/678 447/469/674 527/456/681 526/441/679
s 35
f 451/839/682 450/840/683 668/841/684 667/842/685
f 450/840/683 457/845/686 669/846/687 668/841/684
s 4
f 453/560/647 452/561/688 492/552/689 491/551/656
s 35
f 452/843/690 451/839/682 493/849/691 492/851/692
f 457/845/686 456/852/693 600/860/694 599/853/695
s 4
f 456/577/696 455/576/648 601/584/594 600/585/697
s 2
f 459/448/589 458/447/698 570/462/699 569/463/470
f 458/447/698 465/459/700 571/473/701 570/462/699
f 463/430/702 462/420/703 534/408/704 541/417/705
f 462/420/703 461/421/590 535/409/625 534/408/704
f 465/459/700 464/444/706 542/458/707 549/472/708
f 464/444/706 463/430/702 543/443/709 542/458/707
s 37
f 467/885/710 466/875/711 710/878/712 709/886/713
s 38
f 466/875/714 475/876/715 711/877/716 710/878/717
s 4
f 469/650/568 468/651/718 596/643/719 595/642/720
s 37
f 468/999/721 467/1000/710 597/1001/722 596/1002/723
s 38
f 475/876/715 474/879/724 644/887/725 643/881/726
s 4
f 474/637/727 473/638/669 645/628/660 644/627/728
s 2
f 477/424/537 476/411/729 506/412/730 505/425/402
f 476/411/729 483/401/731 507/400/732 506/412/730
f 483/401/731 482/413/733 510/402/734 517/391/735
f 482/413/733 481/426/673 511/414/736 510/402/734
s 39
f 485/865/737 484/857/738 692/858/739 691/866/740
s 35
f 484/857/741 493/849/691 693/850/742 692/858/743
s 4
f 487/529/516 486/534/744 614/543/745 613/536/746
s 39
f 486/1019/747 485/1020/737 615/1021/748 614/1022/749
s 3
f 497/934/750 496/930/751 632/933/752 631/937/753
f 496/930/751 495/926/507 633/929/520 632/933/752
s 2
f 499/390/754 498/399/755 508/410/756 507/400/732
s 3
f 498/935/757 497/934/750 509/938/758 508/939/759
s 2
f 501/371/505 500/381/760 516/382/761 515/372/762
f 500/381/760 499/390/754 517/391/735 516/382/761
s 3
f 503/946/399 502/942/763 638/945/764 637/949/422
f 502/942/763 509/938/758 639/941/765 638/945/764
s 2
f 513/393/766 512/403/767 532/415/768 531/404/769
f 512/403/767 511/414/736 533/427/680 532/415/768
f 515/372/762 514/383/770 524/373/771 523/364/512
f 514/383/770 513/393/766 525/384/772 524/373/771
f 519/376/640 518/375/773 538/387/774 537/388/627
f 518/375/773 525/384/772 539/394/775 538/387/774
f 529/429/776 528/442/777 544/457/778 543/443/709
f 528/442/777 527/456/681 545/470/779 544/457/778
f 531/404/769 530/416/780 540/405/781 539/394/775
f 530/416/780 529/429/776 541/417/705 540/405/781
f 547/494/782 546/483/783 556/493/784 555/502/564
f 546/483/783 545/470/779 557/482/677 556/493/784
f 549/472/708 548/484/785 564/495/786 563/485/787
f 548/484/785 547/494/782 565/503/557 564/495/786
s 11
f 561/978/788 560/974/789 580/977/790 579/981/791
f 560/974/789 559/970/559 581/973/572 580/977/790
s 2
f 563/485/787 562/496/792 572/486/793 571/473/701
s 11
f 562/979/794 561/978/788 573/982/795 572/983/796
f 567/990/467 566/986/797 586/989/798 585/993/490
f 566/986/797 573/982/795 587/985/799 586/989/798
s 4
f 577/632/800 576/641/801 594/633/802 593/623/803
f 576/641/801 575/649/574 595/642/720 594/633/802
s 11
f 579/981/791 578/984/804 588/988/805 587/985/799
s 4
f 578/640/806 577/632/800 589/622/807 588/631/808
f 583/610/488 582/611/809 604/603/810 603/602/595
f 582/611/809 589/622/807 605/612/811 604/603/810
s 37
f 591/1010/812 590/1005/813 656/1009/814 655/1013/815
f 590/1005/813 597/1001/722 657/1004/816 656/1009/814
s 4
f 593/623/803 592/624/817 606/613/818 605/612/811
s 37
f 592/1011/819 591/1010/812 607/1014/820 606/1015/821
s 35
f 599/853/695 598/861/822 678/862/823 677/854/824
s 37
f 598/861/825 607/869/820 679/870/826 678/862/827
s 39
f 609/1030/828 608/1025/829 682/1029/830 681/1033/831
f 608/1025/829 615/1021/748 683/1024/832 682/1029/830
s 4
f 611/554/833 610/562/834 624/570/835 623/563/836
s 39
f 610/1031/837 609/1030/828 625/1034/838 624/1035/839
s 4
f 613/536/746 612/544/840 628/545/841 627/537/522
f 612/544/840 611/554/833 629/555/842 628/545/841
s 38
f 617/898/843 616/902/844 698/903/845 697/899/846
s 39
f 616/902/847 625/906/838 699/907/848 698/903/849
s 4
f 619/596/542 618/595/850 648/606/851 647/607/661
s 38
f 618/901/852 617/898/843 649/894/853 648/897/854
s 4
f 623/563/836 622/571/855 634/572/856 641/564/857
f 622/571/855 621/579/543 635/580/420 634/572/856
s 3
f 631/937/753 630/940/858 640/944/859 639/941/765
s 4
f 630/556/860 629/555/842 641/564/857 640/565/861
s 38
f 643/881/726 642/889/862 702/890/863 701/882/864
f 642/889/862 649/894/853 703/895/865 702/890/863
s 51
f 651/676/866 650/683/867 708/693/868 713/684/869
s 37
f 650/1007/870 657/1004/816 709/1003/713 708/1008/871
s 51
f 653/670/872 652/671/873 664/672/874 663/673/875
f 652/671/873 651/676/866 665/677/876 664/672/874
s 37
f 655/1013/815 654/1016/877 674/1018/878 679/1017/826
s 51
f 654/674/879 653/670/872 675/681/880 674/682/881
f 659/697/882 658/686/883 706/696/884 705/704/885
f 658/686/883 665/677/876 707/685/886 706/696/884
f 661/689/887 660/688/888 686/700/889 685/701/890
f 660/688/888 659/697/882 687/705/891 686/700/889
f 663/673/875 662/678/892 672/687/893 671/680/894
f 662/678/892 661/689/887 673/698/895 672/687/893
s 35
f 667/842/685 666/847/896 688/856/897 693/850/742
s 51
f 666/707/898 673/698/895 689/706/899 688/714/900
f 671/680/894 670/690/901 676/691/902 675/681/880
s 35
f 670/855/903 669/846/687 677/854/824 676/863/904
s 39
f 681/1033/831 680/1036/905 694/1038/906 699/1037/848
s 51
f 680/712/907 687/705/891 695/711/908 694/716/909
f 685/701/890 684/708/910 690/713/911 689/706/899
s 39
f 684/1027/912 683/1024/832 691/1023/740 690/1028/913
s 38
f 697/899/846 696/904/914 704/900/915 703/895/865
s 51
f 696/715/916 695/711/908 705/704/885 704/710/917
s 38
f 701/882/864 700/891/918 712/883/919 711/877/716
s 51
f 700/694/920 707/685/886 713/684/869 712/695/921
s 3
f 269/912/370 275/915/373 323/916/392 321/913/381
s 7
f 281/779/404 287/782/407 343/789/426 337/790/415
s 11
f 567/990/467 585/993/490 313/997/477 303/994/464
s 1
f 407/722/365 421/727/388 277/728/375 267/719/362
s 4
f 273/540/383 419/541/386 489/533/517 325/532/394
s 2
f 319/357/379 521/360/511 409/367/368 271/368/367
f 307/475/469 367/461/481 459/448/589 569/463/470
s 1
f 305/767/472 311/768/475 375/764/494 369/763/483
s 4
f 583/610/488 603/602/595 377/609/496 309/619/485
s 7
f 391/823/433 437/824/456 301/827/443 291/828/430
s 2
f 535/409/625 461/421/590 365/432/580 395/419/583
s 7
f 381/811/602 429/812/605 439/815/622 389/816/611
s 4
f 601/584/594 455/576/648 411/583/600 371/591/591
s 1
f 363/755/576 373/756/579 417/752/598 397/751/585
s 2
f 519/376/640 537/388/627 401/396/626 403/386/634
s 1
f 399/742/628 415/744/631 423/739/643 405/734/636
s 4
f 453/560/647 491/551/656 425/559/652 413/567/644
s 7
f 331/799/524 341/800/527 431/803/546 379/804/533
s 2
f 335/438/413 477/424/537 505/425/402 283/439/401
f 385/479/531 443/467/615 479/451/538 333/466/528
f 387/506/609 551/500/619 445/491/616 383/499/606
f 351/518/447 553/513/563 393/517/436 295/521/435
s 11
f 293/956/438 299/959/441 355/960/460 353/957/449
s 4
f 435/659/454 471/655/569 357/661/462 297/664/451
f 427/636/657 645/628/660 473/638/669 441/645/665
f 339/605/539 619/596/542 647/607/661 433/615/548
f 635/580/420 621/579/543 345/587/428 285/588/417
s 3
f 503/946/399 637/949/422 289/953/409 279/950/396
s 2
f 501/371/505 515/372/762 523/364/512 317/363/502
f 513/393/766 531/404/769 539/394/775 525/384/772
f 529/429/776 543/443/709 463/430/702 541/417/705
f 571/473/701 465/459/700 549/472/708 563/485/787
s 11
f 561/978/788 579/981/791 587/985/799 573/982/795
s 4
f 577/632/800 593/623/803 605/612/811 589/622/807
s 51
f 653/670/872 663/673/875 671/680/894 675/681/880
f 661/689/887 685/701/890 689/706/899 673/698/895
s 4
f 327/526/513 487/529/516 613/536/746 627/537/522
s 3
f 315/922/498 329/925/501 633/929/520 495/926/507
s 2
f 565/503/557 547/494/782 555/502/564 349/509/554
f 447/469/674 557/482/677 545/470/779 527/456/681
f 481/426/673 449/440/672 533/427/680 511/414/736
f 507/400/732 483/401/731 517/391/735 499/390/754
s 3
f 497/934/750 631/937/753 639/941/765 509/938/758
s 4
f 629/555/842 611/554/833 623/563/836 641/564/857
s 51
f 705/704/885 695/711/908 687/705/891 659/697/882
f 713/684/869 707/685/886 665/677/876 651/676/866
s 4
f 359/657/565 469/650/568 595/642/720 575/649/574
s 11
f 347/966/550 361/969/553 581/973/572 559/970/559
s 35
f 457/845/686 599/853/695 677/854/824 669/846/687
s 37
f 607/1014/820 591/1010/812 655/1013/815 679/1017/826
s 39
f 615/1021/748 485/1020/737 691/1023/740 683/1024/832
s 35
f 493/849/691 451/839/682 667/842/685 693/850/742
s 38
f 649/894/853 617/898/843 697/899/846 703/895/865
s 39
f 625/1034/838 609/1030/828 681/1033/831 699/1037/848
s 38
f 475/876/715 643/881/726 701/882/864 711/877/716
s 37
f 597/1001/722 467/1000/710 709/1003/713 657/1004/816
s 2
f 270/369/377 271/368/367 266/377/366 714/379/922
s 1
f 266/720/363 267/719/362 268/723/374 714/724/923
s 3
f 268/723/371 269/730/370 270/731/380 714/724/924
s 1
f 276/729/376 277/728/375 272/735/387 715/737/925
s 4
f 272/548/384 273/540/383 274/547/393 715/557/926
s 3
f 274/743/390 275/738/373 276/729/372 715/737/927
s 2
f 282/453/411 283/439/401 278/449/400 716/464/928
s 3
f 278/792/397 279/785/396 280/780/408 716/784/929
s 7
f 280/780/405 281/779/404 282/783/414 716/784/930
s 3
f 288/781/410 289/786/409 284/793/421 717/788/931
s 4
f 284/589/418 285/588/417 286/597/427 717/599/932
s 7
f 286/787/424 287/782/407 288/781/406 717/788/933
s 2
f 294/524/445 295/521/435 290/523/434 718/525/934
s 7
f 290/829/431 291/828/430 292/831/442 718/833/935
s 11
f 292/831/439 293/835/438 294/837/448 718/833/936
s 7
f 300/832/444 301/827/443 296/830/455 719/834/937
s 4
f 296/667/452 297/664/451 298/668/461 719/669/938
s 11
f 298/838/458 299/836/441 300/832/440 719/834/939
s 2
f 306/487/479 307/475/469 302/488/468 720/497/940
s 11
f 302/774/465 303/775/464 304/770/476 720/771/941
s 1
f 304/770/473 305/767/472 306/766/482 720/771/942
s 11
f 312/772/478 313/776/477 308/778/489 721/777/943
s 4
f 308/630/486 309/619/485 310/629/495 721/639/944
s 1
f 310/773/492 311/768/475 312/772/474 721/777/945
s 3
f 320/914/382 321/913/381 314/917/499 722/918/946
f 314/917/499 315/922/498 316/923/506 722/918/946
s 2
f 316/370/503 317/363/502 318/358/509 722/362/947
f 318/358/509 319/357/379 320/361/378 722/362/947
s 3
f 328/928/518 329/925/501 322/921/500 723/924/948
f 322/921/500 323/916/392 324/920/391 723/924/948
s 4
f 324/539/395 325/532/394 326/527/514 723/531/949
f 326/527/514 327/526/513 328/530/521 723/531/949
s 7
f 336/791/416 337/790/415 330/795/525 724/797/950
f 330/795/525 331/799/524 332/801/532 724/797/950
s 2
f 332/478/529 333/466/528 334/450/535 724/465/951
f 334/450/535 335/438/413 336/454/412 724/465/951
s 4
f 344/598/429 345/587/428 338/594/540 725/604/952
f 338/594/540 339/605/539 340/614/547 725/604/952
s 7
f 340/802/544 341/800/527 342/796/526 725/798/953
f 342/796/526 343/789/426 344/794/425 725/798/953
s 11
f 352/958/450 353/957/449 346/961/551 726/962/954
f 346/961/551 347/966/550 348/967/558 726/962/954
s 2
f 348/515/555 349/509/554 350/514/561 726/519/955
f 350/514/561 351/518/447 352/522/446 726/519/955
s 11
f 360/972/570 361/969/553 354/965/552 727/968/956
f 354/965/552 355/960/460 356/964/459 727/968/956
s 4
f 356/665/463 357/661/462 358/660/566 727/666/957
f 358/660/566 359/657/565 360/662/573 727/666/957
s 1
f 368/762/484 369/763/483 362/758/577 728/759/958
f 362/758/577 363/755/576 364/754/584 728/759/958
s 2
f 364/445/581 365/432/580 366/446/587 728/460/959
f 366/446/587 367/461/481 368/474/480 728/460/959
s 4
f 376/618/497 377/609/496 370/601/592 729/608/960
f 370/601/592 371/591/591 372/600/599 729/608/960
s 1
f 372/761/596 373/756/579 374/760/578 729/765/961
f 374/760/578 375/764/494 376/769/493 729/765/961
s 2
f 384/490/613 385/479/531 378/489/530 730/498/962
s 7
f 378/805/534 379/804/533 380/807/603 730/809/963
f 380/807/603 381/811/602 382/813/610 730/809/963
s 2
f 382/505/607 383/499/606 384/490/613 730/498/962
f 392/520/437 393/517/436 386/512/617 731/516/964
f 386/512/617 387/506/609 388/511/608 731/516/964
s 7
f 388/817/612 389/816/611 390/819/620 731/821/965
f 390/819/620 391/823/433 392/825/432 731/821/965
s 2
f 400/406/632 401/396/626 394/407/623 732/418/966
f 394/407/623 395/419/583 396/431/582 732/418/966
s 1
f 396/750/586 397/751/585 398/746/629 732/747/967
f 398/746/629 399/742/628 400/741/635 732/747/967
s 2
f 408/378/369 409/367/368 402/374/638 733/385/968
f 402/374/638 403/386/634 404/395/633 733/385/968
s 1
f 404/733/637 405/734/636 406/725/641 733/726/969
f 406/725/641 407/722/365 408/721/364 733/726/969
f 416/748/630 417/752/598 410/757/597 734/753/970
s 4
f 410/590/601 411/583/600 412/575/645 734/582/971
f 412/575/645 413/567/644 414/574/651 734/582/971
s 1
f 414/749/649 415/744/631 416/748/630 734/753/970
s 4
f 424/566/653 425/559/652 418/550/654 735/558/972
f 418/550/654 419/541/386 420/549/385 735/558/972
s 1
f 420/736/389 421/727/388 422/732/642 735/740/973
f 422/732/642 423/739/643 424/745/650 735/740/973
s 4
f 432/625/549 433/615/548 426/626/658 736/635/974
f 426/626/658 427/636/657 428/644/664 736/635/974
s 7
f 428/814/662 429/812/605 430/808/604 736/810/975
f 430/808/604 431/803/546 432/806/545 736/810/975
s 4
f 440/652/666 441/645/665 434/653/667 737/658/976
f 434/653/667 435/659/454 436/663/453 737/658/976
s 7
f 436/826/457 437/824/456 438/820/621 737/822/977
f 438/820/621 439/815/622 440/818/663 737/822/977
s 2
f 448/455/678 449/440/672 442/452/670 738/468/978
f 442/452/670 443/467/615 444/480/614 738/468/978
f 444/480/614 445/491/616 446/481/675 738/468/978
f 446/481/675 447/469/674 448/455/678 738/468/978
s 35
f 456/852/693 457/845/686 450/840/683 739/844/979
f 450/840/683 451/839/682 452/843/690 739/844/979
s 4
f 452/561/688 453/560/647 454/568/646 739/569/980
f 454/568/646 455/576/648 456/577/696 739/569/980
s 2
f 464/444/706 465/459/700 458/447/698 740/434/981
f 458/447/698 459/448/589 460/433/588 740/434/981
f 460/433/588 461/421/590 462/420/703 740/434/981
f 462/420/703 463/430/702 464/444/706 740/434/981
s 38
f 474/879/724 475/876/715 466/875/714 741/880/982
s 37
f 466/875/711 467/885/710 468/888/721 741/880/983
s 4
f 468/651/718 469/650/568 470/654/567 741/647/984
f 470/654/567 471/655/569 472/646/668 741/647/984
f 472/646/668 473/638/669 474/637/727 741/647/984
s 2
f 482/413/733 483/401/731 476/411/729 742/423/985
f 476/411/729 477/424/537 478/436/536 742/423/985
f 478/436/536 479/451/538 480/437/671 742/423/985
f 480/437/671 481/426/673 482/413/733 742/423/985
s 35
f 492/851/692 493/849/691 484/857/741 743/859/986
s 39
f 484/857/738 485/865/737 486/867/747 743/859/987
s 4
f 486/534/744 487/529/516 488/528/515 743/535/988
f 488/528/515 489/533/517 490/542/655 743/535/988
f 490/542/655 491/551/656 492/552/689 743/535/988
s 2
f 500/381/760 501/371/505 494/380/504 744/389/989
s 3
f 494/927/508 495/926/507 496/930/751 744/931/990
f 496/930/751 497/934/750 498/935/757 744/931/990
s 2
f 498/399/755 499/390/754 500/381/760 744/389/989
s 3
f 508/939/759 509/938/758 502/942/763 745/943/991
f 502/942/763 503/946/399 504/947/398 745/943/991
s 2
f 504/435/403 505/425/402 506/412/730 745/422/992
f 506/412/730 507/400/732 508/410/756 745/422/992
f 516/382/761 517/391/735 510/402/734 746/392/993
f 510/402/734 511/414/736 512/403/767 746/392/993
f 512/403/767 513/393/766 514/383/770 746/392/993
f 514/383/770 515/372/762 516/382/761 746/392/993
f 524/373/771 525/384/772 518/375/773 747/366/994
f 518/375/773 519/376/640 520/365/639 747/366/994
f 520/365/639 521/360/511 522/359/510 747/366/994
f 522/359/510 523/364/512 524/373/771 747/366/994
f 532/415/768 533/427/680 526/441/679 748/428/995
f 526/441/679 527/456/681 528/442/777 748/428/995
f 528/442/777 529/429/776 530/416/780 748/428/995
f 530/416/780 531/404/769 532/415/768 748/428/995
f 540/405/781 541/417/705 534/408/704 749/398/996
f 534/408/704 535/409/625 536/397/624 749/398/996
f 536/397/624 537/388/627 538/387/774 749/398/996
f 538/387/774 539/394/775 540/405/781 749/398/996
f 548/484/785 549/472/708 542/458/707 750/471/997
f 542/458/707 543/443/709 544/457/778 750/471/997
f 544/457/778 545/470/779 546/483/783 750/471/997
f 546/483/783 547/494/782 548/484/785 750/471/997
f 556/493/784 557/482/677 550/492/676 751/501/998
f 550/492/676 551/500/619 552/507/618 751/501/998
f 552/507/618 553/513/563 554/508/562 751/501/998
f 554/508/562 555/502/564 556/493/784 751/501/998
f 564/495/786 565/503/557 558/510/556 752/504/999
s 11
f 558/971/560 559/970/559 560/974/789 752/975/1000
f 560/974/789 561/978/788 562/979/794 752/975/1000
s 2
f 562/496/792 563/485/787 564/495/786 752/504/999
s 11
f 572/983/796 573/982/795 566/986/797 753/987/1001
f 566/986/797 567/990/467 568/991/466 753/987/1001
s 2
f 568/476/471 569/463/470 570/462/699 753/477/1002
f 570/462/699 571/473/701 572/486/793 753/477/1002
s 11
f 580/977/790 581/973/572 574/976/571 754/980/1003
s 4
f 574/656/575 575/649/574 576/641/801 754/648/1004
f 576/641/801 577/632/800 578/640/806 754/648/1004
s 11
f 578/984/804 579/981/791 580/977/790 754/980/1003
s 4
f 588/631/808 589/622/807 582/611/809 755/621/1005
f 582/611/809 583/610/488 584/620/487 755/621/1005
s 11
f 584/996/491 585/993/490 586/989/798 755/992/1006
f 586/989/798 587/985/799 588/988/805 755/992/1006
s 37
f 596/1002/723 597/1001/722 590/1005/813 756/1006/1007
f 590/1005/813 591/1010/812 592/1011/819 756/1006/1007
s 4
f 592/624/817 593/623/803 594/633/802 756/634/1008
f 594/633/802 595/642/720 596/643/719 756/634/1008
s 37
f 606/873/821 607/869/820 598/861/825 757/868/1009
s 35
f 598/861/822 599/853/695 600/860/694 757/868/1010
s 4
f 600/585/697 601/584/594 602/592/593 757/593/1011
f 602/592/593 603/602/595 604/603/810 757/593/1011
f 604/603/810 605/612/811 606/613/818 757/593/1011
s 39
f 614/1022/749 615/1021/748 608/1025/829 758/1026/1012
f 608/1025/829 609/1030/828 610/1031/837 758/1026/1012
s 4
f 610/562/834 611/554/833 612/544/840 758/553/1013
f 612/544/840 613/536/746 614/543/745 758/553/1013
s 39
f 624/909/839 625/906/838 616/902/847 759/905/1014
s 38
f 616/902/844 617/898/843 618/901/852 759/905/1015
s 4
f 618/595/850 619/596/542 620/586/541 759/578/1016
f 620/586/541 621/579/543 622/571/855 759/578/1016
f 622/571/855 623/563/836 624/570/835 759/578/1016
s 3
f 632/933/752 633/929/520 626/932/519 760/936/1017
s 4
f 626/538/523 627/537/522 628/545/841 760/546/1018
f 628/545/841 629/555/842 630/556/860 760/546/1018
s 3
f 630/940/858 631/937/753 632/933/752 760/936/1017
s 4
f 640/565/861 641/564/857 634/572/856 761/573/1019
f 634/572/856 635/580/420 636/581/419 761/573/1019
s 3
f 636/952/423 637/949/422 638/945/764 761/948/1020
f 638/945/764 639/941/765 640/944/859 761/948/1020
s 38
f 648/897/854 649/894/853 642/889/862 762/893/1021
f 642/889/862 643/881/726 644/887/725 762/893/1021
s 4
f 644/627/728 645/628/660 646/616/659 762/617/1022
f 646/616/659 647/607/661 648/606/851 762/617/1022
s 37
f 656/1009/814 657/1004/816 650/1007/870 763/1012/1023
s 51
f 650/683/867 651/676/866 652/671/873 763/675/1024
f 652/671/873 653/670/872 654/674/879 763/675/1024
s 37
f 654/1016/877 655/1013/815 656/1009/814 763/1012/1023
s 51
f 664/672/874 665/677/876 658/686/883 764/679/1025
f 658/686/883 659/697/882 660/688/888 764/679/1025
f 660/688/888 661/689/887 662/678/892 764/679/1025
f 662/678/892 663/673/875 664/672/874 764/679/1025
f 672/687/893 673/698/895 666/707/898 765/699/1026
s 35
f 666/847/896 667/842/685 668/841/684 765/848/1027
f 668/841/684 669/846/687 670/855/903 765/848/1027
s 51
f 670/690/901 671/680/894 672/687/893 765/699/1026
s 37
f 678/862/827 679/870/826 674/874/878 766/871/1028
s 51
f 674/682/881 675/681/880 676/691/902 766/692/1029
s 35
f 676/863/904 677/854/824 678/862/823 766/871/1030
s 51
f 686/700/889 687/705/891 680/712/907 767/709/1031
s 39
f 680/1036/905 681/1033/831 682/1029/830 767/1032/1032
f 682/1029/830 683/1024/832 684/1027/912 767/1032/1032
s 51
f 684/708/910 685/701/890 686/700/889 767/709/1031
s 35
f 692/858/743 693/850/742 688/856/897 768/864/1033
s 51
f 688/714/900 689/706/899 690/713/911 768/717/1034
s 39
f 690/872/913 691/866/740 692/858/739 768/864/1035
f 698/903/849 699/907/848 694/910/906 769/908/1036
s 51
f 694/716/909 695/711/908 696/715/916 769/718/1037
s 38
f 696/904/914 697/899/846 698/903/845 769/908/1038
s 51
f 706/696/884 707/685/886 700/694/920 770/703/1039
s 38
f 700/891/918 701/882/864 702/890/863 770/896/1040
f 702/890/863 703/895/865 704/900/915 770/896/1040
s 51
f 704/710/917 705/704/885 706/696/884 770/703/1039
f 712/695/921 713/684/869 708/693/868 771/702/1041
s 37
f 708/892/871 709/886/713 710/878/712 771/884/1042
s 38
f 710/878/717 711/877/716 712/883/919 771/884/1043
s 55
f 772/1039/1044 775/1040/1045 825/1041/1046 824/1042/1047
s 56
f 773/1043/1048 772/1039/1049 779/1044/1050 778/1045/1051
s 57
f 774/1046/1052 773/1047/1053 798/1048/1054 797/1049/1055
s 56
f 775/1050/1056 774/1051/1057 793/1052/1058 792/1053/1059
s 55
f 776/1054/1060 779/1044/1061 824/1042/1047 823/1055/1062
s 56
f 777/1056/1063 776/1057/1064 783/1058/1065 782/1059/1066
s 57
f 778/1060/1067 777/1061/1068 802/1062/1069 801/1063/1070
s 55
f 780/1064/1071 783/1065/1072 823/1055/1062 822/1066/1073
s 56
f 781/1067/1074 780/1068/1075 787/1069/1076 786/1070/1077
s 58
f 782/1059/1078 781/1067/1079 806/1071/1080 805/1072/1081
s 55
f 784/1073/1082 787/1074/1083 822/1066/1073 821/1075/1084
s 56
f 785/1076/1085 784/1073/1086 791/1077/1087 790/1078/1088
s 59
f 786/1070/1089 785/1079/1090 810/1080/1091 809/1081/1092
s 55
f 788/1082/1093 791/1077/1094 821/1075/1084 820/1083/1095
s 56
f 789/1084/1096 788/1085/1097 795/1086/1098 794/1087/1099
s 59
f 790/1088/1100 789/1089/1101 814/1090/1102 813/1091/1103
s 55
f 792/1092/1104 795/1093/1105 820/1083/1095 825/1041/1046
s 60
f 794/1087/1106 793/1052/1107 818/1094/1108 817/1095/1109
s 61
f 796/1096/1110 799/1097/1111 827/1098/1112 826/1099/1113
s 62
f 797/1100/1114 796/1101/1115 819/1102/1116 818/1094/1117
f 799/1097/1118 798/1103/1119 801/1104/1120 800/1105/1121
s 61
f 800/1105/1122 803/1106/1123 828/1107/1124 827/1098/1112
s 62
f 803/1108/1125 802/1109/1126 805/1072/1127 804/1110/1128
s 61
f 804/1111/1129 807/1112/1130 829/1113/1131 828/1107/1124
s 62
f 807/1114/1132 806/1071/1133 809/1081/1134 808/1115/1135
s 61
f 808/1116/1136 811/1117/1137 830/1118/1138 829/1113/1131
s 62
f 811/1117/1139 810/1119/1140 813/1120/1141 812/1121/1142
s 61
f 812/1121/1143 815/1122/1144 831/1123/1145 830/1118/1138
s 62
f 815/1124/1146 814/1125/1147 817/1095/1148 816/1126/1149
s 61
f 816/1127/1150 819/1128/1151 826/1099/1113 831/1123/1145
s 57
f 773/1047/1053 778/1060/1067 801/1063/1070 798/1048/1054
s 58
f 777/1056/1152 782/1059/1078 805/1072/1081 802/1109/1153
f 781/1067/1079 786/1070/1154 809/1081/1155 806/1071/1080
s 59
f 785/1129/1090 790/1088/1100 813/1091/1103 810/1130/1091
s 60
f 789/1084/1156 794/1087/1106 817/1095/1109 814/1125/1157
f 793/1052/1107 774/1051/1158 797/1100/1159 818/1094/1108
s 55
f 779/1044/1061 772/1039/1044 824/1042/1047
f 783/1065/1072 776/1054/1060 823/1055/1062
f 787/1074/1083 780/1064/1071 822/1066/1073
f 791/1077/1094 784/1073/1082 821/1075/1084
f 795/1093/1105 788/1082/1093 820/1083/1095
f 775/1040/1045 792/1092/1104 825/1041/1046
s 61
f 799/1097/1111 800/1105/1122 827/1098/1112
f 803/1106/1123 804/1111/1129 828/1107/1124
f 807/1112/1130 808/1116/1136 829/1113/1131
f 811/1117/1137 812/1121/1143 830/1118/1138
f 815/1122/1144 816/1127/1150 831/1123/1145
f 819/1128/1151 796/1096/1110 826/1099/1113
s 56
f 772/1039/1049 773/1043/1048 774/1131/1057 775/1040/1056
f 776/1054/1064 777/1132/1063 778/1045/1051 779/1044/1050
f 780/1068/1075 781/1067/1074 782/1059/1066 783/1058/1065
f 784/1073/1086 785/1076/1085 786/1133/1077 787/1074/1076
f 788/1082/1097 789/1134/1096 790/1078/1088 791/1077/1087
f 792/1053/1059 793/1052/1058 794/1087/1099 795/1086/1098
s 62
f 796/1096/1115 797/1135/1114 798/1103/1119 799/1097/1118
f 800/1105/1121 801/1104/1120 802/1136/1126 803/1106/1125
f 804/1110/1128 805/1072/1127 806/1071/1133 807/1114/1132
f 808/1116/1135 809/1137/1134 810/1119/1140 811/1117/1139
f 812/1121/1142 813/1120/1141 814/1138/1147 815/1122/1146
f 816/1126/1149 817/1095/1148 818/1094/1117 819/1102/1116
s 55
f 820/1083/1095 821/1075/1084 822/1066/1073 823/1055/1062 824/1042/1047 825/1041/1046
s 61
f 826/1099/1113 827/1098/1112 828/1107/1124 829/1113/1131 830/1118/1138 831/1123/1145
s 67
f 832/1139/1160 835/1140/1161 885/1141/1162 884/1142/1163
s 68
f 833/1143/1164 832/1139/1165 839/1144/1166 838/1145/1167
s 69
f 834/1146/1168 833/1147/1169 858/1148/1170 857/1149/1171
s 68
f 835/1150/1172 834/1151/1173 853/1152/1174 852/1153/1175
s 67
f 836/1154/1176 839/1144/1177 884/1142/1163 883/1155/1178
s 68
f 837/1156/1179 836/1157/1180 843/1158/1181 842/1159/1182
s 69
f 838/1160/1183 837/1161/1184 862/1162/1185 861/1163/1186
s 67
f 840/1164/1187 843/1165/1188 883/1155/1178 882/1166/1189
s 68
f 841/1167/1190 840/1168/1191 847/1169/1192 846/1170/1193
s 70
f 842/1159/1194 841/1167/1195 866/1171/1196 865/1172/1197
s 67
f 844/1173/1198 847/1174/1199 882/1166/1189 881/1175/1200
s 68
f 845/1176/1201 844/1173/1202 851/1177/1203 850/1178/1204
s 71
f 846/1170/1205 845/1179/1206 870/1180/1207 869/1181/1208
s 67
f 848/1182/1209 851/1177/1210 881/1175/1200 880/1183/1211
s 68
f 849/1184/1212 848/1185/1213 855/1186/1214 854/1187/1215
s 71
f 850/1188/1216 849/1189/1217 874/1190/1218 873/1191/1219
s 67
f 852/1192/1220 855/1193/1221 880/1183/1211 885/1141/1162
s 72
f 854/1187/1222 853/1152/1223 878/1194/1224 877/1195/1225
s 73
f 856/1196/1226 859/1197/1227 887/1198/1228 886/1199/1229
s 74
f 857/1200/1230 856/1201/1231 879/1202/1232 878/1194/1233
f 859/1197/1234 858/1203/1235 861/1204/1236 860/1205/1237
s 73
f 860/1205/1238 863/1206/1239 888/1207/1240 887/1198/1228
s 74
f 863/1208/1241 862/1209/1242 865/1172/1243 864/1210/1244
s 73
f 864/1211/1245 867/1212/1246 889/1213/1247 888/1207/1240
s 74
f 867/1214/1248 866/1171/1249 869/1181/1250 868/1215/1251
s 73
f 868/1216/1252 871/1217/1253 890/1218/1254 889/1213/1247
s 74
f 871/1217/1255 870/1219/1256 873/1220/1257 872/1221/1258
s 73
f 872/1221/1259 875/1222/1260 891/1223/1261 890/1218/1254
s 74
f 875/1224/1262 874/1225/1263 877/1195/1264 876/1226/1265
s 73
f 876/1227/1266 879/1228/1267 886/1199/1229 891/1223/1261
s 69
f 833/1147/1169 838/1160/1183 861/1163/1186 858/1148/1170
s 70
f 837/1156/1268 842/1159/1194 865/1172/1197 862/1209/1269
f 841/1167/1195 846/1170/1270 869/1181/1271 866/1171/1196
s 71
f 845/1229/1206 850/1188/1216 873/1191/1219 870/1230/1207
s 72
f 849/1184/1272 854/1187/1222 877/1195/1225 874/1225/1273
f 853/1152/1223 834/1151/1274 857/1200/1275 878/1194/1224
s 67
f 839/1144/1177 832/1139/1160 884/1142/1163
f 843/1165/1188 836/1154/1176 883/1155/1178
f 847/1174/1199 840/1164/1187 882/1166/1189
f 851/1177/1210 844/1173/1198 881/1175/1200
f 855/1193/1221 848/1182/1209 880/1183/1211
f 835/1140/1161 852/1192/1220 885/1141/1162
s 73
f 859/1197/1227 860/1205/1238 887/1198/1228
f 863/1206/1239 864/1211/1245 888/1207/1240
f 867/1212/1246 868/1216/1252 889/1213/1247
f 871/1217/1253 872/1221/1259 890/1218/1254
f 875/1222/1260 876/1227/1266 891/1223/1261
f 879/1228/1267 856/1196/1226 886/1199/1229
s 68
f 832/1139/1165 833/1143/1164 834/1231/1173 835/1140/1172
f 836/1154/1180 837/1232/1179 838/1145/1167 839/1144/1166
f 840/1168/1191 841/1167/1190 842/1159/1182 843/1158/1181
f 844/1173/1202 845/1176/1201 846/1233/1193 847/1174/1192
f 848/1182/1213 849/1234/1212 850/1178/1204 851/1177/1203
f 852/1153/1175 853/1152/1174 854/1187/1215 855/1186/1214
s 74
f 856/1196/1231 857/1235/1230 858/1203/1235 859/1197/1234
f 860/1205/1237 861/1204/1236 862/1236/1242 863/1206/1241
f 864/1210/1244 865/1172/1243 866/1171/1249 867/1214/1248
f 868/1216/1251 869/1237/1250 870/1219/1256 871/1217/1255
f 872/1221/1258 873/1220/1257 874/1238/1263 875/1222/1262
f 876/1226/1265 877/1195/1264 878/1194/1233 879/1202/1232
s 67
f 880/1183/1211 881/1175/1200 882/1166/1189 883/1155/1178 884/1142/1163 885/1141/1162
s 73
f 886/1199/1229 887/1198/1228 888/1207/1240 889/1213/1247 890/1218/1254 891/1223/1261
s 79
f 892/1239/1276 895/1240/1277 945/1241/1278 944/1242/1279
s 80
f 893/1243/1280 892/1239/1281 899/1244/1282 898/1245/1283
s 81
f 894/1246/1284 893/1247/1285 918/1248/1286 917/1249/1287
s 80
f 895/1250/1288 894/1251/1289 913/1252/1290 912/1253/1291
s 79
f 896/1254/1292 899/1244/1293 944/1242/1279 943/1255/1294
s 80
f 897/1256/1295 896/1257/1296 903/1258/1297 902/1259/1298
s 81
f 898/1260/1299 897/1261/1300 922/1262/1301 921/1263/1302
s 79
f 900/1264/1303 903/1265/1304 943/1255/1294 942/1266/1305
s 80
f 901/1267/1306 900/1268/1307 907/1269/1308 906/1270/1309
s 82
f 902/1259/1310 901/1267/1311 926/1271/1312 925/1272/1313
s 79
f 904/1273/1314 907/1274/1315 942/1266/1305 941/1275/1316
s 80
f 905/1276/1317 904/1273/1318 911/1277/1319 910/1278/1320
s 83
f 906/1270/1321 905/1279/1322 930/1280/1323 929/1281/1324
s 79
f 908/1282/1325 911/1277/1326 941/1275/1316 940/1283/1327
s 80
f 909/1284/1328 908/1285/1329 915/1286/1330 914/1287/1331
s 83
f 910/1288/1332 909/1289/1333 934/1290/1334 933/1291/1335
s 79
f 912/1292/1336 915/1293/1337 940/1283/1327 945/1241/1278
s 84
f 914/1287/1338 913/1252/1339 938/1294/1340 937/1295/1341
s 85
f 916/1296/1342 919/1297/1343 947/1298/1344 946/1299/1345
s 86
f 917/1300/1346 916/1301/1347 939/1302/1348 938/1294/1349
f 919/1297/1350 918/1303/1351 921/1304/1352 920/1305/1353
s 85
f 920/1305/1354 923/1306/1355 948/1307/1356 947/1298/1344
s 86
f 923/1308/1357 922/1309/1358 925/1272/1359 924/1310/1360
s 85
f 924/1311/1361 927/1312/1362 949/1313/1363 948/1307/1356
s 86
f 927/1314/1364 926/1271/1365 929/1281/1366 928/1315/1367
s 85
f 928/1316/1368 931/1317/1369 950/1318/1370 949/1313/1363
s 86
f 931/1317/1371 930/1319/1372 933/1320/1373 932/1321/1374
s 85
f 932/1321/1375 935/1322/1376 951/1323/1377 950/1318/1370
s 86
f 935/1324/1378 934/1325/1379 937/1295/1380 936/1326/1381
s 85
f 936/1327/1382 939/1328/1383 946/1299/1345 951/1323/1377
s 81
f 893/1247/1285 898/1260/1299 921/1263/1302 918/1248/1286
s 82
f 897/1256/1384 902/1259/1310 925/1272/1313 922/1309/1385
f 901/1267/1311 906/1270/1386 929/1281/1387 926/1271/1312
s 83
f 905/1329/1322 910/1288/1332 933/1291/1335 930/1330/1323
s 84
f 909/1284/1388 914/1287/1338 937/1295/1341 934/1325/1389
f 913/1252/1339 894/1251/1390 917/1300/1391 938/1294/1340
s 79
f 899/1244/1293 892/1239/1276 944/1242/1279
f 903/1265/1304 896/1254/1292 943/1255/1294
f 907/1274/1315 900/1264/1303 942/1266/1305
f 911/1277/1326 904/1273/1314 941/1275/1316
f 915/1293/1337 908/1282/1325 940/1283/1327
f 895/1240/1277 912/1292/1336 945/1241/1278
s 85
f 919/1297/1343 920/1305/1354 947/1298/1344
f 923/1306/1355 924/1311/1361 948/1307/1356
f 927/1312/1362 928/1316/1368 949/1313/1363
f 931/1317/1369 932/1321/1375 950/1318/1370
f 935/1322/1376 936/1327/1382 951/1323/1377
f 939/1328/1383 916/1296/1342 946/1299/1345
s 80
f 892/1239/1281 893/1243/1280 894/1331/1289 895/1240/1288
f 896/1254/1296 897/1332/1295 898/1245/1283 899/1244/1282
f 900/1268/1307 901/1267/1306 902/1259/1298 903/1258/1297
f 904/1273/1318 905/1276/1317 906/1333/1309 907/1274/1308
f 908/1282/1329 909/1334/1328 910/1278/1320 911/1277/1319
f 912/1253/1291 913/1252/1290 914/1287/1331 915/1286/1330
s 86
f 916/1296/1347 917/1335/1346 918/1303/1351 919/1297/1350
f 920/1305/1353 921/1304/1352 922/1336/1358 923/1306/1357
f 924/1310/1360 925/1272/1359 926/1271/1365 927/1314/1364
f 928/1316/1367 929/1337/1366 930/1319/1372 931/1317/1371
f 932/1321/1374 933/1320/1373 934/1338/1379 935/1322/1378
f 936/1326/1381 937/1295/1380 938/1294/1349 939/1302/1348
s 79
f 940/1283/1327 941/1275/1316 942/1266/1305 943/1255/1294 944/1242/1279 945/1241/1278
s 85
f 946/1299/1345 947/1298/1344 948/1307/1356 949/1313/1363 950/1318/1370 951/1323/1377
s 91
f 952/1339/1392 955/1340/1393 1005/1341/1394 1004/1342/1395
s 92
f 953/1343/1396 952/1339/1397 959/1344/1398 958/1345/1399
s 93
f 954/1346/1400 953/1347/1401 978/1348/1402 977/1349/1403
s 92
f 955/1350/1404 954/1351/1405 973/1352/1406 972/1353/1407
s 91
f 956/1354/1408 959/1344/1409 1004/1342/1395 1003/1355/1410
s 92
f 957/1356/1411 956/1357/1412 963/1358/1413 962/1359/1414
s 93
f 958/1360/1415 957/1361/1416 982/1362/1417 981/1363/1418
s 91
f 960/1364/1419 963/1365/1420 1003/1355/1410 1002/1366/1421
s 92
f 961/1367/1422 960/1368/1423 967/1369/1424 966/1370/1425
s 94
f 962/1359/1426 961/1367/1427 986/1371/1428 985/1372/1429
s 91
f 964/1373/1430 967/1374/1431 1002/1366/1421 1001/1375/1432
s 92
f 965/1376/1433 964/1373/1434 971/1377/1435 970/1378/1436
s 95
f 966/1370/1437 965/1379/1438 990/1380/1439 989/1381/1440
s 91
f 968/1382/1441 971/1377/1442 1001/1375/1432 1000/1383/1443
s 92
f 969/1384/1444 968/1385/1445 975/1386/1446 974/1387/1447
s 95
f 970/1388/1448 969/1389/1449 994/1390/1450 993/1391/1451
s 91
f 972/1392/1452 975/1393/1453 1000/1383/1443 1005/1341/1394
s 96
f 974/1387/1454 973/1352/1455 998/1394/1456 997/1395/1457
s 97
f 976/1396/1458 979/1397/1459 1007/1398/1460 1006/1399/1461
s 98
f 977/1400/1462 976/1401/1463 999/1402/1464 998/1394/1465
f 979/1397/1466 978/1403/1467 981/1404/1468 980/1405/1469
s 97
f 980/1405/1470 983/1406/1471 1008/1407/1472 1007/1398/1460
s 98
f 983/1408/1473 982/1409/1474 985/1372/1475 984/1410/1476
s 97
f 984/1411/1477 987/1412/1478 1009/1413/1479 1008/1407/1472
s 98
f 987/1414/1480 986/1371/1481 989/1381/1482 988/1415/1483
s 97
f 988/1416/1484 991/1417/1485 1010/1418/1486 1009/1413/1479
s 98
f 991/1417/1487 990/1419/1488 993/1420/1489 992/1421/1490
s 97
f 992/1421/1491 995/1422/1492 1011/1423/1493 1010/1418/1486
s 98
f 995/1424/1494 994/1425/1495 997/1395/1496 996/1426/1497
s 97
f 996/1427/1498 999/1428/1499 1006/1399/1461 1011/1423/1493
s 93
f 953/1347/1401 958/1360/1415 981/1363/1418 978/1348/1402
s 94
f 957/1356/1500 962/1359/1426 985/1372/1429 982/1409/1501
f 961/1367/1427 966/1370/1502 989/1381/1503 986/1371/1428
s 95
f 965/1429/1438 970/1388/1448 993/1391/1451 990/1430/1439
s 96
f 969/1384/1504 974/1387/1454 997/1395/1457 994/1425/1505
f 973/1352/1455 954/1351/1506 977/1400/1507 998/1394/1456
s 91
f 959/1344/1409 952/1339/1392 1004/1342/1395
f 963/1365/1420 956/1354/1408 1003/1355/1410
f 967/1374/1431 960/1364/1419 1002/1366/1421
f 971/1377/1442 964/1373/1430 1001/1375/1432
f 975/1393/1453 968/1382/1441 1000/1383/1443
f 955/1340/1393 972/1392/1452 1005/1341/1394
s 97
f 979/1397/1459 980/1405/1470 1007/1398/1460
f 983/1406/1471 984/1411/1477 1008/1407/1472
f 987/1412/1478 988/1416/1484 1009/1413/1479
f 991/1417/1485 992/1421/1491 1010/1418/1486
f 995/1422/1492 996/1427/1498 1011/1423/1493
f 999/1428/1499 976/1396/1458 1006/1399/1461
s 92
f 952/1339/1397 953/1343/1396 954/1431/1405 955/1340/1404
f 956/1354/1412 957/1432/1411 958/1345/1399 959/1344/1398
f 960/1368/1423 961/1367/1422 962/1359/1414 963/1358/1413
f 964/1373/1434 965/1376/1433 966/1433/1425 967/1374/1424
f 968/1382/1445 969/1434/1444 970/1378/1436 971/1377/1435
f 972/1353/1407 973/1352/1406 974/1387/1447 975/1386/1446
s 98
f 976/1396/1463 977/1435/1462 978/1403/1467 979/1397/1466
f 980/1405/1469 981/1404/1468 982/1436/1474 983/1406/1473
f 984/1410/1476 985/1372/1475 986/1371/1481 987/1414/1480
f 988/1416/1483 989/1437/1482 990/1419/1488 991/1417/1487
f 992/1421/1490 993/1420/1489 994/1438/1495 995/1422/1494
f 996/1426/1497 997/1395/1496 998/1394/1465 999/1402/1464
s 91
f 1000/1383/1443 1001/1375/1432 1002/1366/1421 1003/1355/1410 1004/1342/1395 1005/1341/1394
s 97
f 1006/1399/1461 1007/1398/1460 1008/1407/1472 1009/1413/1479 1010/1418/1486 1011/1423/1493
s 103
f 1012/1439/1508 1014/1440/1509 1026/1441/1510 1025/1442/1511
s off
f 1013/1443/1512 1012/1444/1513 1016/1445/1514 1015/1446/1515
s 104
f 1014/1440/1516 1013/1447/1517 1023/1448/1518 1022/1449/1519
f 1017/1450/1520 1019/1451/1521 1045/1452/1522 1044/1453/1523
s off
f 1018/1454/1524 1017/1455/1525 1021/1456/1526 1020/1457/1527
s 103
f 1019/1451/1528 1018/1458/1529 1028/1459/1530 1027/1460/1531
s 104
f 1022/1449/1519 1024/1461/1532 1064/1462/1533 1066/1463/1534
s 106
f 1024/1464/1535 1023/1465/1536 1049/1466/1537 1048/1467/1538
s 107
f 1025/1468/1539 1028/1469/1540 1037/1470/1541 1036/1471/1542
s 108
f 1027/1460/1543 1026/1441/1544 1032/1472/1545 1031/1473/1546
s 104
f 1029/1474/1547 1032/1472/1548 1042/1475/1549 1041/1476/1550
s 106
f 1030/1477/1551 1029/1478/1552 1039/1479/1553 1038/1480/1554
s 104
f 1031/1473/1555 1030/1481/1556 1034/1482/1557 1033/1483/1558
f 1033/1483/1558 1035/1484/1559 1079/1485/1560 1081/1486/1561
s 106
f 1035/1487/1562 1034/1488/1563 1053/1489/1564 1052/1490/1565
s 104
f 1040/1491/1566 1042/1475/1549 1056/1492/1567 1055/1493/1568
s 106
f 1041/1494/1569 1040/1495/1570 1047/1496/1571 1046/1497/1572
s 104
f 1043/1498/1573 1045/1452/1522 1071/1499/1574 1070/1500/1575
s 106
f 1044/1501/1576 1043/1502/1577 1051/1503/1578 1050/1504/1579
s 104
f 1054/1505/1580 1056/1492/1567 1061/1506/1581 1060/1507/1582
s 106
f 1055/1508/1583 1054/1509/1584 1058/1510/1585 1057/1511/1586
s 104
f 1059/1512/1587 1061/1506/1581 1066/1463/1534 1065/1513/1588
s 106
f 1060/1514/1589 1059/1515/1590 1063/1516/1591 1062/1517/1592
f 1065/1518/1593 1064/1519/1594 1068/1520/1595 1067/1521/1596
s 104
f 1069/1522/1597 1071/1499/1574 1076/1523/1598 1075/1524/1599
s 106
f 1070/1525/1600 1069/1526/1601 1073/1527/1602 1072/1528/1603
s 104
f 1074/1529/1604 1076/1523/1598 1081/1486/1561 1080/1530/1605
s 106
f 1075/1531/1606 1074/1532/1607 1078/1533/1608 1077/1534/1609
f 1080/1535/1610 1079/1536/1611 1083/1537/1612 1082/1538/1613
f 1013/1443/1614 1015/1446/1615 1049/1466/1537 1023/1465/1536
f 1041/1494/1569 1046/1497/1572 1039/1479/1553 1029/1478/1552
f 1044/1501/1576 1050/1504/1579 1021/1456/1616 1017/1455/1617
s 107
f 1025/1468/1539 1036/1471/1542 1016/1539/1618 1012/1540/1619
f 1018/1541/1620 1020/1542/1621 1037/1470/1541 1028/1469/1540
s 106
f 1030/1477/1551 1038/1480/1554 1053/1489/1564 1034/1488/1563
f 1040/1495/1570 1055/1508/1583 1057/1511/1586 1047/1496/1571
f 1054/1509/1584 1060/1514/1589 1062/1517/1592 1058/1510/1585
f 1059/1515/1590 1065/1543/1593 1067/1544/1596 1063/1516/1591
f 1064/1519/1594 1024/1464/1535 1048/1467/1538 1068/1520/1595
f 1043/1502/1577 1070/1525/1600 1072/1528/1603 1051/1503/1578
f 1069/1545/1601 1075/1531/1606 1077/1534/1609 1073/1546/1602
f 1074/1532/1607 1080/1535/1610 1082/1538/1613 1078/1533/1608
f 1079/1536/1611 1035/1487/1562 1052/1490/1565 1083/1537/1612
s 108
f 1042/1475/1622 1032/1472/1545 1026/1441/1544 1014/1440/1623 1022/1449/1624 1066/1463/1625 1061/1506/1626 1056/1492/1627
f 1019/1451/1628 1027/1460/1543 1031/1473/1546 1033/1483/1629 1081/1486/1630 1076/1523/1631 1071/1499/1632 1045/1452/1633
s off
f 1012/1439/1634 1013/1447/1635 1014/1440/1636
f 1017/1450/1637 1018/1458/1638 1019/1451/1639
s 104
f 1022/1449/1519 1023/1448/1518 1024/1461/1532
s 103
f 1025/1442/1511 1026/1441/1510 1027/1460/1531 1028/1459/1530
s 104
f 1029/1474/1547 1030/1481/1556 1031/1473/1555 1032/1472/1548
f 1033/1483/1558 1034/1482/1557 1035/1484/1559
f 1040/1491/1566 1041/1476/1550 1042/1475/1549
f 1043/1498/1573 1044/1453/1523 1045/1452/1522
f 1054/1505/1580 1055/1493/1568 1056/1492/1567
f 1059/1512/1587 1060/1507/1582 1061/1506/1581
f 1064/1462/1533 1065/1513/1588 1066/1463/1534
f 1069/1522/1597 1070/1500/1575 1071/1499/1574
f 1074/1529/1604 1075/1524/1599 1076/1523/1598
f 1079/1485/1560 1080/1530/1605 1081/1486/1561
s 117
f 1084/1547/1640 1085/1548/1641 1093/1549/1642 1094/1550/1643
f 1086/1551/1644 1092/1552/1645 1096/1553/1646 1097/1554/1647
f 1085/1548/1641 1086/1551/1644 1097/1554/1647 1093/1549/1642
s 119
f 1087/1555/1648 1102/1556/1649 1103/1557/1650 1088/1558/1651
f 1088/1558/1651 1103/1557/1650 1104/1559/1652 1089/1560/1653
s 120
f 1089/1561/1654 1104/1562/1655 1105/1563/1656 1090/1564/1657
f 1090/1564/1657 1105/1563/1656 1106/1565/1658 1091/1566/1659
f 1091/1566/1659 1106/1565/1658 1096/1567/1660 1092/1568/1661
s 117
f 1084/1547/1640 1094/1550/1643 1107/1569/1662 1095/1570/1663
f 1093/1549/1642 1108/1571/1664 1109/1572/1665 1094/1550/1643
f 1093/1549/1642 1097/1554/1647 1112/1573/1666 1108/1571/1664
s 119
f 1087/1555/1648 1101/1574/1667 1113/1575/1668 1102/1556/1649
s 121
f 1098/1576/1669 1120/1577/1670 1121/1578/1671 1099/1579/1672
f 1099/1579/1672 1121/1578/1671 1122/1580/1673 1100/1581/1674
s 119
f 1100/1582/1675 1122/1583/1676 1113/1575/1668 1101/1574/1667
f 1102/1556/1649 1123/1584/1677 1124/1585/1678 1103/1557/1650
s 120
f 1105/1563/1656 1126/1586/1679 1127/1587/1680 1106/1565/1658
s 117
f 1095/1588/1663 1107/1589/1662 1128/1590/1681 1110/1591/1682
f 1094/1550/1643 1109/1572/1665 1129/1592/1683 1107/1569/1662
s 122
f 1108/1593/1684 1130/1594/1685 1131/1595/1686 1109/1596/1687
f 1108/1593/1684 1112/1597/1688 1132/1598/1689 1130/1594/1685
s 119
f 1102/1556/1649 1113/1575/1668 1133/1599/1690 1123/1584/1677
s 123
f 1114/1600/1691 1134/1601/1692 1135/1602/1693 1115/1603/1694
f 1115/1603/1694 1135/1602/1693 1136/1604/1695 1116/1605/1696
s 121
f 1116/1606/1697 1136/1607/1698 1137/1608/1699 1117/1609/1700
f 1098/1576/1669 1117/1609/1700 1137/1608/1699 1120/1577/1670
s 117
f 1110/1591/1682 1128/1590/1681 1138/1610/1701 1118/1611/1702
f 1118/1611/1702 1138/1610/1701 1139/1612/1703 1119/1613/1704
s 123
f 1114/1600/1691 1119/1614/1705 1139/1615/1706 1134/1601/1692
s 121
f 1120/1577/1670 1140/1616/1707 1141/1617/1708 1121/1578/1671
s 122
f 1123/1618/1709 1143/1619/1710 1144/1620/1711 1124/1621/1712
f 1126/1622/1713 1144/1620/1711 1132/1598/1689 1127/1623/1714
s 117
f 1107/1589/1662 1129/1624/1683 1145/1625/1715 1128/1590/1681
s 122
f 1109/1596/1687 1131/1595/1686 1146/1626/1716 1129/1627/1717
f 1130/1594/1685 1147/1628/1718 1148/1629/1719 1131/1595/1686
f 1123/1618/1709 1133/1630/1720 1149/1631/1721 1143/1619/1710
s 123
f 1134/1601/1692 1150/1632/1722 1151/1633/1723 1135/1602/1693
s 121
f 1120/1577/1670 1137/1608/1699 1153/1634/1724 1140/1616/1707
s 117
f 1128/1590/1681 1145/1625/1715 1154/1635/1725 1138/1610/1701
s 122
f 1140/1636/1726 1156/1637/1727 1149/1631/1721 1141/1638/1728
f 1129/1627/1717 1146/1626/1716 1157/1639/1729 1145/1640/1730
f 1131/1595/1686 1148/1629/1719 1158/1641/1731 1146/1626/1716
f 1147/1628/1718 1159/1642/1732 1158/1641/1731 1148/1629/1719
f 1150/1643/1733 1160/1644/1734 1161/1645/1735 1151/1646/1736
f 1140/1636/1726 1153/1647/1737 1161/1645/1735 1156/1637/1727
f 1145/1640/1730 1157/1639/1729 1160/1644/1734 1154/1648/1738
f 1146/1626/1716 1158/1641/1731 1159/1642/1732 1157/1639/1729
s 128
f 1178/1649/1739 1184/1650/1740 1185/1651/1741 1179/1652/1742
f 1177/1653/1743 1186/1654/1744 1184/1650/1740 1178/1649/1739
f 1176/1655/1745 1183/1656/1746 1193/1657/1747 1194/1658/1748
f 1182/1659/1749 1195/1660/1750 1193/1657/1747 1183/1656/1746
f 1181/1661/1751 1196/1662/1752 1195/1660/1750 1182/1659/1749
f 1180/1663/1753 1197/1664/1754 1196/1662/1752 1181/1661/1751
f 1179/1652/1742 1185/1651/1741 1197/1664/1754 1180/1663/1753
s 130
f 1184/1650/1755 1169/1665/1756 1168/1666/1757 1185/1651/1758
f 1184/1650/1755 1186/1654/1759 1170/1667/1760 1169/1665/1756
s 128
f 1177/1653/1743 1192/1668/1761 1198/1669/1762 1186/1654/1744
f 1187/1670/1763 1199/1671/1764 1200/1672/1765 1188/1673/1766
f 1176/1655/1745 1194/1658/1748 1199/1671/1764 1187/1670/1763
f 1191/1674/1767 1201/1675/1768 1198/1669/1762 1192/1668/1761
f 1190/1676/1769 1202/1677/1770 1201/1675/1768 1191/1674/1767
f 1189/1678/1771 1203/1679/1772 1202/1677/1770 1190/1676/1769
f 1188/1673/1766 1200/1672/1765 1203/1679/1772 1189/1678/1771
s 131
f 1193/1657/1773 1164/1680/1774 1163/1681/1775 1194/1658/1776
s 130
f 1193/1657/1777 1195/1660/1778 1165/1682/1779 1164/1680/1780
f 1195/1660/1778 1196/1662/1781 1166/1683/1782 1165/1682/1779
f 1196/1662/1781 1197/1664/1783 1167/1684/1784 1166/1683/1782
f 1185/1651/1758 1168/1666/1757 1167/1684/1784 1197/1664/1783
f 1186/1654/1759 1198/1669/1785 1171/1685/1786 1170/1667/1760
f 1199/1671/1787 1162/1686/1788 1175/1687/1789 1200/1672/1790
s 131
f 1194/1658/1776 1163/1681/1775 1162/1686/1791 1199/1671/1792
s 130
f 1198/1669/1785 1201/1675/1793 1172/1688/1794 1171/1685/1786
f 1201/1675/1793 1202/1677/1795 1173/1689/1796 1172/1688/1794
f 1202/1677/1795 1203/1679/1797 1174/1690/1798 1173/1689/1796
f 1200/1672/1790 1175/1687/1789 1174/1690/1798 1203/1679/1797
s 117
f 1096/1553/1646 1111/1691/1799 1112/1573/1666 1097/1554/1647
s 119
f 1124/1585/1678 1125/1692/1800 1104/1559/1652 1103/1557/1650
s 120
f 1104/1562/1655 1125/1693/1801 1126/1586/1679 1105/1563/1656
f 1106/1565/1658 1127/1587/1680 1111/1694/1802 1096/1567/1660
s 122
f 1127/1623/1714 1132/1598/1689 1112/1597/1688 1111/1695/1803
s 119
f 1122/1583/1676 1142/1696/1804 1133/1599/1690 1113/1575/1668
s 121
f 1141/1617/1708 1142/1697/1805 1122/1580/1673 1121/1578/1671
s 122
f 1124/1621/1712 1144/1620/1711 1126/1622/1713 1125/1698/1806
s 123
f 1139/1615/1706 1155/1699/1807 1150/1632/1722 1134/1601/1692
f 1151/1633/1723 1152/1700/1808 1136/1604/1695 1135/1602/1693
s 121
f 1136/1607/1698 1152/1701/1809 1153/1634/1724 1137/1608/1699
s 117
f 1154/1635/1725 1155/1702/1810 1139/1612/1703 1138/1610/1701
s 122
f 1142/1703/1811 1141/1638/1728 1149/1631/1721 1133/1630/1720
f 1151/1646/1736 1161/1645/1735 1153/1647/1737 1152/1704/1812
f 1155/1705/1813 1154/1648/1738 1160/1644/1734 1150/1643/1733
f 1143/1619/1710 1147/1628/1718 1144/1620/1711
f 1144/1620/1711 1147/1628/1718 1132/1598/1689
f 1130/1594/1685 1132/1598/1689 1147/1628/1718
f 1143/1619/1710 1149/1631/1721 1147/1628/1718
f 1149/1631/1721 1156/1637/1727 1147/1628/1718
f 1156/1637/1727 1159/1642/1732 1147/1628/1718
f 1156/1637/1727 1161/1645/1735 1166/1683/1814
f 1166/1683/1814 1161/1645/1735 1165/1682/1815
f 1165/1682/1815 1161/1645/1735 1164/1680/1816
f 1166/1683/1814 1167/1684/1817 1156/1637/1727
f 1156/1637/1727 1167/1684/1817 1159/1642/1732
f 1167/1684/1817 1168/1666/1818 1159/1642/1732
f 1168/1666/1818 1169/1665/1819 1159/1642/1732
f 1169/1665/1819 1170/1667/1820 1159/1642/1732
f 1170/1667/1820 1171/1685/1821 1159/1642/1732
f 1171/1685/1821 1172/1688/1822 1159/1642/1732
f 1172/1688/1822 1173/1689/1823 1159/1642/1732
f 1173/1689/1823 1174/1690/1824 1159/1642/1732
f 1159/1642/1732 1174/1690/1824 1157/1639/1729
f 1157/1639/1729 1174/1690/1824 1160/1644/1734
f 1174/1690/1824 1175/1687/1825 1160/1644/1734
f 1175/1687/1825 1162/1686/1826 1160/1644/1734
f 1161/1645/1735 1160/1644/1734 1164/1680/1816
f 1164/1680/1816 1160/1644/1734 1163/1681/1827
f 1160/1644/1734 1162/1686/1826 1163/1681/1827
s 128
f 1176/1655/1745 1177/1653/1743 1183/1656/1746
f 1183/1656/1746 1177/1653/1743 1182/1659/1749
f 1182/1659/1749 1177/1653/1743 1181/1661/1751
f 1177/1653/1743 1178/1649/1739 1181/1661/1751
f 1181/1661/1751 1178/1649/1739 1180/1663/1753
f 1178/1649/1739 1179/1652/1742 1180/1663/1753
f 1176/1655/1745 1187/1670/1763 1177/1653/1743
f 1187/1670/1763 1188/1673/1766 1177/1653/1743
f 1188/1673/1766 1189/1678/1771 1177/1653/1743
f 1177/1653/1743 1189/1678/1771 1192/1668/1761
f 1189/1678/1771 1190/1676/1769 1192/1668/1761
f 1190/1676/1769 1191/1674/1767 1192/1668/1761
s 134
f 1204/1706/1828 1206/1707/1829 1218/1708/1830 1217/1709/1831
s off
f 1205/1710/1832 1204/1711/1833 1208/1712/1834 1207/1713/1835
s 135
f 1206/1707/1836 1205/1714/1837 1215/1715/1838 1214/1716/1839
f 1209/1717/1840 1211/1718/1841 1237/1719/1842 1236/1720/1843
s off
f 1210/1721/1844 1209/1722/1845 1213/1723/1846 1212/1724/1847
s 134
f 1211/1718/1848 1210/1725/1849 1220/1726/1850 1219/1727/1851
s 135
f 1214/1716/1839 1216/1728/1852 1256/1729/1853 1258/1730/1854
s 137
f 1216/1731/1855 1215/1732/1856 1241/1733/1857 1240/1734/1858
s 138
f 1217/1735/1859 1220/1736/1860 1229/1737/1861 1228/1738/1862
s 139
f 1219/1727/1863 1218/1708/1864 1224/1739/1865 1223/1740/1866
s 135
f 1221/1741/1867 1224/1739/1868 1234/1742/1869 1233/1743/1870
s 137
f 1222/1744/1871 1221/1745/1872 1231/1746/1873 1230/1747/1874
s 135
f 1223/1740/1875 1222/1748/1876 1226/1749/1877 1225/1750/1878
f 1225/1750/1878 1227/1751/1879 1271/1752/1880 1273/1753/1881
s 137
f 1227/1754/1882 1226/1755/1883 1245/1756/1884 1244/1757/1885
s 135
f 1232/1758/1886 1234/1742/1869 1248/1759/1887 1247/1760/1888
s 137
f 1233/1761/1889 1232/1762/1890 1239/1763/1891 1238/1764/1892
s 135
f 1235/1765/1893 1237/1719/1842 1263/1766/1894 1262/1767/1895
s 137
f 1236/1768/1896 1235/1769/1897 1243/1770/1898 1242/1771/1899
s 135
f 1246/1772/1900 1248/1759/1887 1253/1773/1901 1252/1774/1902
s 137
f 1247/1775/1903 1246/1776/1904 1250/1777/1905 1249/1778/1906
s 135
f 1251/1779/1907 1253/1773/1901 1258/1730/1854 1257/1780/1908
s 137
f 1252/1781/1909 1251/1782/1910 1255/1783/1911 1254/1784/1912
f 1257/1785/1913 1256/1786/1914 1260/1787/1915 1259/1788/1916
s 135
f 1261/1789/1917 1263/1766/1894 1268/1790/1918 1267/1791/1919
s 137
f 1262/1792/1920 1261/1793/1921 1265/1794/1922 1264/1795/1923
s 135
f 1266/1796/1924 1268/1790/1918 1273/1753/1881 1272/1797/1925
s 137
f 1267/1798/1926 1266/1799/1927 1270/1800/1928 1269/1801/1929
f 1272/1802/1930 1271/1803/1931 1275/1804/1932 1274/1805/1933
f 1205/1710/1934 1207/1713/1935 1241/1733/1857 1215/1732/1856
f 1233/1761/1889 1238/1764/1892 1231/1746/1873 1221/1745/1872
f 1236/1768/1896 1242/1771/1899 1213/1723/1936 1209/1722/1937
s 138
f 1217/1735/1859 1228/1738/1862 1208/1806/1938 1204/1807/1939
f 1210/1808/1940 1212/1809/1941 1229/1737/1861 1220/1736/1860
s 137
f 1222/1744/1871 1230/1747/1874 1245/1756/1884 1226/1755/1883
f 1232/1762/1890 1247/1775/1903 1249/1778/1906 1239/1763/1891
f 1246/1776/1904 1252/1781/1909 1254/1784/1912 1250/1777/1905
f 1251/1782/1910 1257/1810/1913 1259/1811/1916 1255/1783/1911
f 1256/1786/1914 1216/1731/1855 1240/1734/1858 1260/1787/1915
f 1235/1769/1897 1262/1792/1920 1264/1795/1923 1243/1770/1898
f 1261/1812/1921 1267/1798/1926 1269/1801/1929 1265/1813/1922
f 1266/1799/1927 1272/1802/1930 1274/1805/1933 1270/1800/1928
f 1271/1803/1931 1227/1754/1882 1244/1757/1885 1275/1804/1932
s 139
f 1234/1742/1942 1224/1739/1865 1218/1708/1864 1206/1707/1943 1214/1716/1944 1258/1730/1945 1253/1773/1946 1248/1759/1947
f 1211/1718/1948 1219/1727/1863 1223/1740/1866 1225/1750/1949 1273/1753/1950 1268/1790/1951 1263/1766/1952 1237/1719/1953
s off
f 1204/1706/1954 1205/1714/1955 1206/1707/1956
f 1209/1717/1957 1210/1725/1958 1211/1718/1959
s 135
f 1214/1716/1839 1215/1715/1838 1216/1728/1852
s 134
f 1217/1709/1831 1218/1708/1830 1219/1727/1851 1220/1726/1850
s 135
f 1221/1741/1867 1222/1748/1876 1223/1740/1875 1224/1739/1868
f 1225/1750/1878 1226/1749/1877 1227/1751/1879
f 1232/1758/1886 1233/1743/1870 1234/1742/1869
f 1235/1765/1893 1236/1720/1843 1237/1719/1842
f 1246/1772/1900 1247/1760/1888 1248/1759/1887
f 1251/1779/1907 1252/1774/1902 1253/1773/1901
f 1256/1729/1853 1257/1780/1908 1258/1730/1854
f 1261/1789/1917 1262/1767/1895 1263/1766/1894
f 1266/1796/1924 1267/1791/1919 1268/1790/1918
f 1271/1752/1880 1272/1797/1925 1273/1753/1881
s 148
f 1276/1814/1960 1277/1815/1961 1278/1816/1962 1279/1817/1963
f 1277/1815/1961 1280/1818/1964 1281/1819/1965 1278/1816/1962
s 149
f 1276/1820/1966 1279/1821/1967 1284/1822/1968 1283/1823/1969
s 148
f 1277/1815/1961 1286/1824/1970 1287/1825/1971 1280/1818/1964
f 1280/1818/1964 1288/1826/1972 1289/1827/1973 1281/1819/1965
f 1278/1816/1962 1281/1819/1965 1290/1828/1974 1291/1829/1975
s 149
f 1283/1823/1969 1284/1822/1968 1292/1830/1976 1293/1831/1977
s 150
f 1286/1832/1978 1294/1833/1979 1295/1834/1980 1287/1835/1981
s 148
f 1280/1818/1964 1287/1825/1971 1296/1836/1982 1288/1826/1972
f 1288/1826/1972 1297/1837/1983 1298/1838/1984 1289/1827/1973
f 1281/1819/1965 1289/1827/1973 1299/1839/1985 1290/1828/1974
s 150
f 1290/1840/1986 1300/1841/1987 1301/1842/1988 1291/1843/1989
s 149
f 1283/1823/1969 1293/1831/1977 1303/1844/1990 1304/1845/1991
f 1284/1822/1968 1302/1846/1992 1305/1847/1993 1292/1830/1976
f 1292/1830/1976 1306/1848/1994 1307/1849/1995 1293/1831/1977
s 150
f 1294/1833/1979 1308/1850/1996 1309/1851/1997 1295/1834/1980
f 1287/1835/1981 1295/1834/1980 1310/1852/1998 1296/1853/1999
s 148
f 1288/1826/1972 1296/1836/1982 1311/1854/2000 1297/1837/1983
f 1297/1837/1983 1312/1855/2001 1313/1856/2002 1298/1838/1984
f 1289/1827/1973 1298/1838/1984 1314/1857/2003 1299/1839/1985
s 150
f 1290/1840/1986 1299/1858/2004 1315/1859/2005 1300/1841/1987
f 1300/1841/1987 1316/1860/2006 1317/1861/2007 1301/1842/1988
s 149
f 1293/1831/1977 1307/1849/1995 1318/1862/2008 1303/1844/1990
s 150
f 1294/1833/1979 1304/1863/2009 1303/1864/2010 1308/1850/1996
f 1301/1842/1988 1317/1861/2007 1305/1865/2011 1302/1866/2012
s 149
f 1292/1830/1976 1305/1847/1993 1319/1867/2013 1306/1848/1994
f 1306/1848/1994 1320/1868/2014 1321/1869/2015 1307/1849/1995
s 150
f 1308/1850/1996 1322/1870/2016 1323/1871/2017 1309/1851/1997
f 1295/1834/1980 1309/1851/1997 1324/1872/2018 1310/1852/1998
f 1296/1853/1999 1310/1852/1998 1325/1873/2019 1311/1874/2020
s 148
f 1297/1837/1983 1311/1854/2000 1326/1875/2021 1312/1855/2001
f 1298/1838/1984 1313/1856/2002 1327/1876/2022 1314/1857/2003
f 1312/1855/2001 1328/1877/2023 1329/1878/2024 1313/1856/2002
s 150
f 1299/1858/2004 1314/1879/2025 1330/1880/2026 1315/1859/2005
f 1300/1841/1987 1315/1859/2005 1331/1881/2027 1316/1860/2006
f 1316/1860/2006 1332/1882/2028 1333/1883/2029 1317/1861/2007
f 1303/1864/2010 1318/1884/2030 1322/1870/2016 1308/1850/1996
s 149
f 1307/1849/1995 1321/1869/2015 1334/1885/2031 1318/1862/2008
s 150
f 1305/1865/2011 1317/1861/2007 1333/1883/2029 1319/1886/2032
s 149
f 1306/1848/1994 1319/1867/2013 1335/1887/2033 1320/1868/2014
f 1320/1868/2014 1336/1888/2034 1337/1889/2035 1321/1869/2015
s 150
f 1322/1870/2016 1338/1890/2036 1339/1891/2037 1323/1871/2017
f 1310/1852/1998 1324/1872/2018 1341/1892/2038 1325/1873/2019
f 1311/1874/2020 1325/1873/2019 1342/1893/2039 1326/1894/2040
f 1314/1879/2025 1327/1895/2041 1344/1896/2042 1330/1880/2026
s 152
f 1328/1897/2043 1346/1898/2044 1347/1899/2045 1329/1900/2046
s 150
f 1315/1859/2005 1330/1880/2026 1348/1901/2047 1331/1881/2027
f 1332/1882/2028 1350/1902/2048 1351/1903/2049 1333/1883/2029
f 1318/1884/2030 1334/1904/2050 1338/1890/2036 1322/1870/2016
s 149
f 1321/1869/2015 1337/1889/2035 1352/1905/2051 1334/1885/2031
s 150
f 1319/1886/2032 1333/1883/2029 1351/1903/2049 1335/1906/2052
s 149
f 1320/1868/2014 1335/1887/2033 1353/1907/2053 1336/1888/2034
f 1336/1888/2034 1354/1908/2054 1355/1909/2055 1337/1889/2035
s 150
f 1334/1904/2050 1352/1910/2056 1356/1911/2057 1338/1890/2036
s 149
f 1337/1889/2035 1355/1909/2055 1390/1912/2058 1352/1905/2051
s 150
f 1335/1906/2052 1351/1903/2049 1388/1913/2059 1353/1914/2060
s 149
f 1336/1888/2034 1353/1907/2053 1391/1915/2061 1354/1908/2054
f 1354/1908/2054 1392/1916/2062 1393/1917/2063 1355/1909/2055
s 150
f 1356/1911/2057 1395/1918/2064 1396/1919/2065 1357/1920/2066
f 1357/1920/2066 1397/1921/2067 1398/1922/2068 1358/1923/2069
f 1362/1924/2070 1403/1925/2071 1404/1926/2072 1363/1927/2073
f 1367/1928/2074 1407/1929/2075 1408/1930/2076 1368/1931/2077
f 1366/1932/2078 1412/1933/2079 1413/1934/2080 1367/1928/2074
s 152
f 1383/1935/2081 1416/1936/2082 1415/1937/2083 1384/1938/2084
s 150
f 1386/1939/2085 1418/1940/2086 1419/1941/2087 1387/1942/2088
f 1387/1942/2088 1420/1943/2089 1421/1944/2090 1388/1913/2059
f 1352/1910/2056 1390/1945/2091 1395/1918/2064 1356/1911/2057
s 149
f 1355/1909/2055 1393/1917/2063 1422/1946/2092 1390/1912/2058
s 150
f 1353/1914/2060 1388/1913/2059 1421/1944/2090 1391/1947/2093
s 149
f 1354/1908/2054 1391/1915/2061 1423/1948/2094 1392/1916/2062
f 1392/1916/2062 1424/1949/2095 1425/1950/2096 1393/1917/2063
s 150
f 1358/1923/2069 1398/1922/2068 1426/1951/2097 1394/1952/2098
f 1395/1918/2064 1427/1953/2099 1428/1954/2100 1396/1919/2065
f 1357/1920/2066 1396/1919/2065 1429/1955/2101 1397/1921/2067
f 1397/1921/2067 1430/1956/2102 1431/1957/2103 1398/1922/2068
s 152
f 1403/1958/2104 1438/1959/2105 1439/1960/2106 1404/1961/2107
f 1412/1962/2108 1447/1963/2109 1448/1964/2110 1413/1965/2111
f 1415/1937/2083 1416/1936/2082 1450/1966/2112 1451/1967/2113
s 150
f 1386/1939/2085 1454/1968/2114 1455/1969/2115 1418/1940/2086
f 1418/1940/2086 1456/1970/2116 1457/1971/2117 1419/1941/2087
f 1387/1942/2088 1419/1941/2087 1458/1972/2118 1420/1943/2089
f 1420/1943/2089 1459/1973/2119 1460/1974/2120 1421/1944/2090
f 1390/1945/2091 1422/1975/2121 1427/1953/2099 1395/1918/2064
s 149
f 1393/1917/2063 1425/1950/2096 1462/1976/2122 1422/1946/2092
s 150
f 1391/1947/2093 1421/1944/2090 1460/1974/2120 1423/1977/2123
s 149
f 1392/1916/2062 1423/1948/2094 1463/1978/2124 1424/1949/2095
f 1424/1949/2095 1464/1979/2125 1465/1980/2126 1425/1950/2096
s 160
f 1394/1981/2127 1426/1982/2128 1466/1983/2129 1467/1984/2130
s 150
f 1398/1922/2068 1431/1957/2103 1468/1985/2131 1426/1951/2097
f 1396/1919/2065 1428/1954/2100 1472/1986/2132 1429/1955/2101
f 1397/1921/2067 1429/1955/2101 1473/1987/2133 1430/1956/2102
s 160
f 1399/1988/2134 1432/1989/2135 1461/1990/2136 1417/1991/2137
s 152
f 1399/1992/2138 1417/1993/2139 1453/1994/2140 1433/1995/2141
f 1438/1959/2105 1448/1964/2110 1447/1963/2109 1439/1960/2106
f 1450/1966/2112 1478/1996/2142 1479/1997/2143 1451/1967/2113
s 150
f 1418/1940/2086 1455/1969/2115 1480/1998/2144 1456/1970/2116
s 160
f 1454/1999/2145 1481/2000/2146 1482/2001/2147 1455/2002/2148
s 150
f 1419/1941/2087 1457/1971/2117 1484/2003/2149 1458/1972/2118
f 1420/1943/2089 1458/1972/2118 1485/2004/2150 1459/1973/2119
f 1422/1975/2121 1462/2005/2151 1469/2006/2152 1427/1953/2099
f 1423/1977/2123 1460/1974/2120 1488/2007/2153 1463/2008/2154
s 164
f 1464/2009/2155 1491/2010/2156 1492/2011/2157 1465/2012/2158
s 160
f 1426/1982/2128 1468/2013/2159 1493/2014/2160 1466/1983/2129
f 1466/1983/2129 1494/2015/2161 1495/2016/2162 1467/1984/2130
s 150
f 1470/2017/2163 1497/2018/2164 1498/2019/2165 1471/2020/2166
f 1428/1954/2100 1471/2020/2166 1499/2021/2167 1472/1986/2132
f 1469/2006/2152 1500/2022/2168 1501/2023/2169 1470/2017/2163
f 1429/1955/2101 1472/1986/2132 1502/2024/2170 1473/1987/2133
f 1430/1956/2102 1473/1987/2133 1503/2025/2171 1474/2026/2172
s 152
f 1433/1995/2141 1453/1994/2140 1452/2027/2173 1475/2028/2174
f 1438/1959/2105 1507/2029/2175 1508/2030/2176 1448/1964/2110
f 1439/1960/2106 1447/1963/2109 1509/2031/2177 1510/2032/2178
f 1442/2033/2179 1477/2034/2180 1506/2035/2181 1476/2036/2182
f 1478/1996/2142 1510/2032/2178 1509/2031/2177 1479/1997/2143
s 160
f 1455/2002/2148 1482/2001/2147 1512/2037/2183 1480/2038/2184
f 1481/2000/2146 1504/2039/2185 1514/2040/2186 1482/2001/2147
s 150
f 1457/1971/2117 1483/2041/2187 1515/2042/2188 1484/2003/2149
f 1458/1972/2118 1484/2003/2149 1516/2043/2189 1485/2004/2150
f 1459/1973/2119 1485/2004/2150 1517/2044/2190 1486/2045/2191
f 1486/2045/2191 1518/2046/2192 1519/2047/2193 1487/2048/2194
f 1487/2048/2194 1520/2049/2195 1521/2050/2196 1488/2007/2153
s 164
f 1491/2010/2156 1522/2051/2197 1523/2052/2198 1492/2011/2157
s 160
f 1466/1983/2129 1493/2014/2160 1524/2053/2199 1494/2015/2161
s 150
f 1470/2017/2163 1501/2023/2169 1526/2054/2200 1497/2018/2164
f 1497/2018/2164 1527/2055/2201 1528/2056/2202 1498/2019/2165
f 1471/2020/2166 1498/2019/2165 1529/2057/2203 1499/2021/2167
f 1472/1986/2132 1499/2021/2167 1530/2058/2204 1502/2024/2170
s 164
f 1492/2011/2157 1523/2052/2198 1501/2059/2205 1500/2060/2206
s 150
f 1473/1987/2133 1502/2024/2170 1531/2061/2207 1503/2025/2171
s 160
f 1495/2016/2162 1532/2062/2208 1533/2063/2209 1504/2039/2185
s 152
f 1452/2027/2173 1511/2064/2210 1505/2065/2211 1475/2028/2174
f 1442/2033/2179 1476/2036/2182 1505/2065/2211 1511/2064/2210
f 1477/2034/2180 1508/2066/2176 1507/2067/2175 1506/2035/2181
s 160
f 1482/2001/2147 1514/2040/2186 1534/2068/2212 1512/2037/2183
s 150
f 1484/2003/2149 1515/2042/2188 1536/2069/2213 1516/2043/2189
f 1485/2004/2150 1516/2043/2189 1537/2070/2214 1517/2044/2190
f 1486/2045/2191 1517/2044/2190 1538/2071/2215 1518/2046/2192
f 1518/2046/2192 1539/2072/2216 1540/2073/2217 1519/2047/2193
f 1487/2048/2194 1519/2047/2193 1541/2074/2218 1520/2049/2195
s 164
f 1491/2010/2156 1521/2075/2219 1520/2076/2220 1522/2051/2197
f 1522/2051/2197 1542/2077/2221 1543/2078/2222 1523/2052/2198
s 150
f 1497/2018/2164 1526/2054/2200 1546/2079/2223 1527/2055/2201
s 164
f 1501/2059/2205 1523/2052/2198 1543/2078/2222 1526/2080/2224
s 150
f 1527/2055/2201 1547/2081/2225 1548/2082/2226 1528/2056/2202
f 1498/2019/2165 1528/2056/2202 1549/2083/2227 1529/2057/2203
f 1499/2021/2167 1529/2057/2203 1550/2084/2228 1530/2058/2204
f 1532/2085/2229 1552/2086/2230 1553/2087/2231 1533/2088/2232
f 1517/2044/2190 1537/2070/2214 1557/2089/2233 1538/2071/2215
f 1518/2046/2192 1538/2071/2215 1558/2090/2234 1539/2072/2216
f 1539/2072/2216 1559/2091/2235 1560/2092/2236 1540/2073/2217
f 1519/2047/2193 1540/2073/2217 1561/2093/2237 1541/2074/2218
s 164
f 1520/2076/2220 1541/2094/2238 1542/2077/2221 1522/2051/2197
f 1542/2077/2221 1562/2095/2239 1563/2096/2240 1543/2078/2222
s 160
f 1524/2053/2199 1544/2097/2241 1564/2098/2242 1545/2099/2243
s 164
f 1526/2080/2224 1543/2078/2222 1563/2096/2240 1546/2100/2244
s 150
f 1527/2055/2201 1546/2079/2223 1567/2101/2245 1547/2081/2225
f 1547/2081/2225 1568/2102/2246 1569/2103/2247 1548/2082/2226
f 1529/2057/2203 1549/2083/2227 1571/2104/2248 1550/2084/2228
f 1552/2086/2230 1573/2105/2249 1574/2106/2250 1553/2087/2231
s 160
f 1534/2068/2212 1555/2107/2251 1576/2108/2252 1554/2109/2253
s 150
f 1538/2071/2215 1557/2089/2233 1579/2110/2254 1558/2090/2234
f 1540/2073/2217 1560/2092/2236 1580/2111/2255 1561/2093/2237
f 1559/2091/2235 1581/2112/2256 1582/2113/2257 1560/2092/2236
s 164
f 1541/2094/2238 1561/2114/2258 1562/2095/2239 1542/2077/2221
f 1562/2095/2239 1583/2115/2259 1584/2116/2260 1563/2096/2240
f 1546/2100/2244 1563/2096/2240 1584/2116/2260 1567/2117/2261
s 150
f 1568/2118/2262 1587/2119/2263 1588/2120/2264 1569/2121/2265
f 1548/2082/2226 1569/2103/2247 1589/2122/2266 1570/2123/2267
f 1550/2084/2228 1571/2104/2248 1591/2124/2268 1572/2125/2269
f 1573/2105/2249 1593/2126/2270 1594/2127/2271 1574/2106/2250
f 1557/2089/2233 1578/2128/2272 1598/2129/2273 1579/2110/2254
s 164
f 1561/2114/2258 1580/2130/2274 1583/2115/2259 1562/2095/2239
s 150
f 1581/2131/2275 1601/2132/2276 1602/2133/2277 1582/2134/2278
f 1559/2091/2235 1599/2135/2279 1603/2136/2280 1581/2112/2256
s 164
f 1583/2115/2259 1604/2137/2281 1605/2138/2282 1584/2116/2260
s 150
f 1587/2119/2263 1602/2133/2277 1601/2132/2276 1588/2120/2264
f 1569/2121/2265 1588/2120/2264 1608/2139/2283 1589/2140/2284
f 1570/2123/2267 1589/2122/2266 1609/2141/2285 1590/2142/2286
f 1593/2126/2270 1612/2143/2287 1613/2144/2288 1594/2127/2271
f 1581/2131/2275 1603/2145/2289 1618/2146/2290 1601/2132/2276
f 1599/2135/2279 1617/2147/2291 1619/2148/2292 1603/2136/2280
f 1587/2119/2263 1605/2149/2293 1604/2150/2294 1602/2133/2277
f 1588/2120/2264 1601/2132/2276 1618/2146/2290 1608/2139/2283
f 1589/2140/2284 1608/2139/2283 1621/2151/2295 1609/2152/2296
f 1593/2126/2270 1611/2153/2297 1624/2154/2298 1612/2143/2287
f 1612/2143/2287 1625/2155/2299 1626/2156/2300 1613/2144/2288
f 1594/2127/2271 1613/2144/2288 1627/2157/2301 1614/2158/2302
f 1595/2159/2303 1614/2158/2302 1627/2157/2301 1615/2160/2304
f 1603/2145/2289 1619/2161/2305 1630/2162/2306 1618/2146/2290
f 1606/2163/2307 1624/2154/2298 1611/2153/2297 1607/2164/2308
f 1608/2139/2283 1618/2146/2290 1630/2162/2306 1621/2151/2295
f 1610/2165/2309 1622/2166/2310 1632/2167/2311 1623/2168/2312
f 1625/2169/2299 1633/2170/2313 1634/2171/2314 1626/2172/2300
f 1616/2173/2315 1629/2174/2316 1635/2175/2317 1631/2176/2318
f 1619/2161/2305 1631/2177/2318 1636/2178/2319 1630/2162/2306
f 1620/2179/2320 1623/2168/2312 1632/2167/2311 1637/2180/2321
f 1621/2151/2295 1630/2162/2306 1636/2178/2319 1638/2181/2322
f 1622/2182/2310 1638/2181/2322 1633/2170/2313 1632/2183/2311
f 1633/2170/2313 1638/2181/2322 1636/2178/2319 1634/2171/2314
f 1628/2184/2323 1639/2185/2324 1635/2175/2317 1629/2174/2316
f 1631/2177/2318 1635/2186/2317 1634/2171/2314 1636/2178/2319
s 171
f 1642/2187/2325 1648/2188/2326 1649/2189/2327 1643/2190/2328
f 1641/2191/2329 1650/2192/2330 1648/2188/2326 1642/2187/2325
f 1640/2193/2331 1647/2194/2332 1657/2195/2333 1658/2196/2334
f 1646/2197/2335 1659/2198/2336 1657/2195/2333 1647/2194/2332
f 1645/2199/2337 1660/2200/2338 1659/2198/2336 1646/2197/2335
f 1644/2201/2339 1661/2202/2340 1660/2200/2338 1645/2199/2337
f 1643/2190/2328 1649/2189/2327 1661/2202/2340 1644/2201/2339
f 1648/2188/2326 1662/2203/2341 1663/2204/2342 1649/2189/2327
f 1648/2188/2326 1650/2192/2330 1664/2205/2343 1662/2203/2341
f 1641/2191/2329 1656/2206/2344 1665/2207/2345 1650/2192/2330
f 1651/2208/2346 1666/2209/2347 1667/2210/2348 1652/2211/2349
f 1640/2193/2331 1658/2196/2334 1666/2209/2347 1651/2208/2346
f 1655/2212/2350 1668/2213/2351 1665/2207/2345 1656/2206/2344
f 1654/2214/2352 1669/2215/2353 1668/2213/2351 1655/2212/2350
f 1653/2216/2354 1670/2217/2355 1669/2215/2353 1654/2214/2352
f 1652/2211/2349 1667/2210/2348 1670/2217/2355 1653/2216/2354
f 1657/2195/2333 1671/2218/2356 1672/2219/2357 1658/2196/2334
f 1657/2195/2358 1659/2198/2359 1673/2220/2360 1671/2218/2361
f 1659/2198/2359 1660/2200/2338 1674/2221/2362 1673/2220/2360
f 1660/2200/2338 1661/2202/2340 1675/2222/2363 1674/2221/2362
f 1649/2189/2327 1663/2204/2342 1675/2222/2363 1661/2202/2340
f 1662/2223/2341 1676/2224/2364 1677/2225/2365 1663/2226/2342
f 1662/2223/2341 1664/2227/2366 1678/2228/2367 1676/2224/2364
f 1650/2192/2330 1665/2207/2345 1679/2229/2368 1664/2205/2343
f 1666/2209/2347 1680/2230/2369 1681/2231/2370 1667/2210/2348
f 1658/2196/2334 1672/2219/2357 1680/2230/2371 1666/2209/2347
f 1665/2207/2345 1668/2213/2351 1682/2232/2372 1679/2229/2368
f 1668/2213/2351 1669/2215/2353 1683/2233/2373 1682/2232/2372
f 1669/2215/2353 1670/2217/2355 1684/2234/2374 1683/2233/2373
f 1667/2210/2348 1681/2231/2370 1684/2234/2374 1670/2217/2355
f 1671/2235/2356 1685/2236/2375 1686/2237/2376 1672/2238/2357
f 1671/2239/2361 1673/2240/2360 1687/2241/2377 1685/2242/2378
f 1673/2240/2360 1674/2243/2362 1688/2244/2379 1687/2241/2377
f 1674/2245/2362 1675/2246/2363 1689/2247/2380 1688/2248/2379
f 1663/2226/2342 1677/2225/2365 1689/2247/2380 1675/2246/2363
f 1375/2249/2381 1677/2225/2365 1676/2224/2364 1376/2250/2382
f 1376/2250/2382 1676/2224/2364 1678/2228/2367 1377/2251/2383
f 1664/2227/2366 1679/2252/2368 1690/2253/2384 1678/2228/2367
f 1680/2254/2369 1691/2255/2385 1692/2256/2386 1681/2257/2370
f 1672/2238/2357 1686/2237/2376 1691/2258/2387 1680/2259/2371
f 1679/2252/2368 1682/2260/2372 1693/2261/2388 1690/2253/2384
f 1682/2260/2372 1683/2262/2373 1694/2263/2389 1693/2261/2388
f 1683/2262/2373 1684/2264/2374 1695/2265/2390 1694/2263/2389
f 1681/2257/2370 1692/2256/2386 1695/2266/2390 1684/2267/2374
f 1370/2268/2391 1686/2237/2376 1685/2236/2375 1371/2269/2392
f 1371/2270/2393 1685/2242/2378 1687/2241/2377 1372/2271/2394
f 1372/2271/2394 1687/2241/2377 1688/2244/2379 1373/2272/2395
f 1373/2273/2395 1688/2248/2379 1689/2247/2380 1374/2274/2396
f 1374/2274/2396 1689/2247/2380 1677/2225/2365 1375/2249/2381
f 1377/2251/2383 1678/2228/2367 1690/2253/2384 1378/2275/2397
f 1369/2276/2398 1382/2277/2399 1692/2256/2386 1691/2255/2385
f 1369/2278/2400 1691/2258/2387 1686/2237/2376 1370/2268/2391
f 1378/2275/2397 1690/2253/2384 1693/2261/2388 1379/2279/2401
f 1379/2279/2401 1693/2261/2388 1694/2263/2389 1380/2280/2402
f 1380/2280/2402 1694/2263/2389 1695/2265/2390 1381/2281/2403
f 1381/2282/2403 1695/2266/2390 1692/2256/2386 1382/2277/2399
s 148
f 1276/1814/1960 1285/2283/2404 1286/1824/1970 1277/1815/1961
f 1291/1829/1975 1282/2284/2405 1279/1817/1963 1278/1816/1962
s 149
f 1282/2285/2406 1302/1846/1992 1284/1822/1968 1279/1821/1967
s 150
f 1291/1843/1989 1301/1842/1988 1302/1866/2012 1282/2286/2407
s 149
f 1283/1823/1969 1304/1845/1991 1285/2287/2408 1276/1820/1966
s 150
f 1304/1863/2009 1294/1833/1979 1286/1832/1978 1285/2288/2409
f 1323/1871/2017 1340/2289/2410 1324/1872/2018 1309/1851/1997
s 148
f 1326/1875/2021 1343/2290/2411 1328/1877/2023 1312/1855/2001
f 1329/1878/2024 1345/2291/2412 1327/1876/2022 1313/1856/2002
s 150
f 1331/1881/2027 1349/2292/2413 1332/1882/2028 1316/1860/2006
f 1339/1891/2037 1359/2293/2414 1340/2289/2410 1323/1871/2017
f 1340/2289/2410 1360/2294/2415 1341/1892/2038 1324/1872/2018
f 1348/1901/2047 1385/2295/2416 1349/2292/2413 1331/1881/2027
f 1349/2292/2413 1389/2296/2417 1350/1902/2048 1332/1882/2028
f 1358/1923/2069 1394/1952/2098 1359/2293/2414 1339/1891/2037
f 1360/2294/2415 1400/2297/2418 1361/2298/2419 1341/1892/2038
f 1342/1893/2039 1406/2299/2420 1343/2300/2421 1326/1894/2040
f 1364/2301/2422 1401/2302/2423 1406/2299/2420 1342/1893/2039
s 152
f 1343/2303/2424 1406/2304/2425 1346/1898/2044 1328/1897/2043
s 150
f 1327/1895/2041 1345/2305/2426 1414/2306/2427 1344/1896/2042
f 1414/2306/2427 1410/2307/2428 1365/2308/2429 1344/1896/2042
s 152
f 1329/1900/2046 1347/1899/2045 1414/2309/2430 1345/2310/2431
f 1384/1938/2084 1410/2311/2432 1414/2309/2430 1347/1899/2045
s 150
f 1368/1931/2077 1409/2312/2433 1385/2295/2416 1348/1901/2047
s 160
f 1359/2313/2434 1432/1989/2135 1399/1988/2134 1340/2314/2435
s 152
f 1340/2315/2436 1399/1992/2138 1433/1995/2141 1360/2316/2437
s 150
f 1400/2317/2418 1435/2318/2438 1402/2319/2439 1361/2320/2419
f 1361/2298/2419 1402/2321/2439 1436/2322/2440 1362/1924/2070
f 1436/2322/2440 1437/2323/2441 1403/1925/2071 1362/1924/2070
f 1441/2324/2442 1405/2325/2443 1364/2301/2422 1363/1927/2073
f 1404/1926/2072 1440/2326/2444 1441/2324/2442 1363/1927/2073
f 1405/2327/2443 1434/2328/2445 1401/2329/2423 1364/2330/2422
f 1410/2311/2428 1445/2331/2446 1411/2332/2447 1365/2333/2429
f 1365/2308/2429 1411/2334/2447 1446/2335/2448 1366/1932/2078
f 1446/2335/2448 1449/2336/2449 1412/1933/2079 1366/1932/2078
f 1413/1934/2080 1444/2337/2450 1407/1929/2075 1367/1928/2074
f 1408/2338/2076 1443/2339/2451 1409/2340/2433 1368/2341/2077
s 152
f 1346/1898/2044 1406/2304/2425 1401/2329/2452 1383/1935/2081
f 1401/2329/2452 1434/2328/2453 1416/1936/2082 1383/1935/2081
f 1415/1937/2083 1445/2331/2454 1410/2311/2432 1384/1938/2084
f 1385/2342/2455 1453/1994/2140 1417/1993/2139 1349/2343/2456
f 1409/2340/2457 1452/2027/2173 1453/1994/2140 1385/2342/2455
s 150
f 1350/1902/2048 1389/2296/2417 1454/1968/2114 1386/1939/2085
s 160
f 1349/2344/2458 1417/1991/2137 1461/1990/2136 1389/2345/2459
f 1394/1981/2127 1467/1984/2130 1432/1989/2135 1359/2313/2434
s 152
f 1360/2316/2437 1433/1995/2141 1475/2028/2174 1400/2317/2460
f 1477/2034/2180 1442/2033/2179 1408/2338/2461 1407/2346/2462
s 149
f 1463/1978/2124 1490/2347/2463 1464/1979/2125 1424/1949/2095
f 1465/1980/2126 1489/2348/2464 1462/1976/2122 1425/1950/2096
s 150
f 1474/2026/2172 1496/2349/2465 1468/1985/2131 1431/1957/2103
s 152
f 1434/2328/2453 1405/2327/2466 1450/1966/2112 1416/1936/2082
f 1400/2317/2460 1475/2028/2174 1505/2065/2211 1435/2318/2467
f 1435/2318/2467 1505/2065/2211 1476/2036/2182 1402/2319/2468
f 1402/2319/2468 1476/2036/2182 1506/2035/2181 1436/2350/2469
f 1437/2351/2470 1507/2029/2175 1438/1959/2105 1403/1958/2104
f 1436/2350/2469 1506/2035/2181 1507/2067/2175 1437/2352/2470
f 1439/1960/2106 1510/2032/2178 1440/2353/2471 1404/1961/2107
f 1510/2032/2178 1478/1996/2142 1441/2354/2472 1440/2353/2471
f 1441/2354/2472 1478/1996/2142 1450/1966/2112 1405/2327/2466
f 1442/2033/2179 1511/2064/2210 1443/2339/2473 1408/2338/2461
f 1443/2339/2473 1511/2064/2210 1452/2027/2173 1409/2340/2457
f 1413/1965/2111 1448/1964/2110 1508/2030/2176 1444/2355/2474
f 1444/2356/2474 1508/2066/2176 1477/2034/2180 1407/2346/2462
f 1445/2331/2454 1415/1937/2083 1451/1967/2113 1411/2332/2475
f 1411/2332/2475 1451/1967/2113 1479/1997/2143 1446/2357/2476
f 1412/1962/2108 1449/2358/2477 1509/2031/2177 1447/1963/2109
f 1446/2357/2476 1479/1997/2143 1509/2031/2177 1449/2358/2477
s 160
f 1389/2345/2459 1461/1990/2136 1481/2000/2146 1454/1999/2145
s 150
f 1480/1998/2144 1513/2359/2478 1483/2041/2187 1456/1970/2116
f 1462/2005/2151 1489/2360/2479 1500/2022/2168 1469/2006/2152
f 1488/2007/2153 1521/2050/2196 1490/2361/2480 1463/2008/2154
s 164
f 1465/2012/2158 1492/2011/2157 1500/2060/2206 1489/2362/2481
f 1490/2363/2482 1521/2075/2219 1491/2010/2156 1464/2009/2155
s 160
f 1468/2013/2159 1496/2364/2483 1544/2097/2241 1493/2014/2160
f 1524/2053/2199 1545/2099/2243 1525/2365/2484 1494/2015/2161
f 1494/2015/2161 1525/2365/2484 1532/2062/2208 1495/2016/2162
s 150
f 1474/2026/2172 1503/2025/2171 1551/2366/2485 1496/2349/2465
s 160
f 1551/2367/2486 1564/2098/2242 1544/2097/2241 1496/2364/2483
f 1533/2063/2209 1535/2368/2487 1514/2040/2186 1504/2039/2185
f 1512/2037/2183 1554/2109/2253 1513/2369/2488 1480/2038/2184
s 150
f 1513/2359/2478 1556/2370/2489 1515/2042/2188 1483/2041/2187
s 160
f 1554/2109/2253 1576/2108/2252 1556/2371/2490 1513/2369/2488
f 1535/2368/2487 1555/2107/2251 1534/2068/2212 1514/2040/2186
s 150
f 1545/2372/2491 1565/2373/2492 1566/2374/2493 1525/2375/2494
f 1548/2082/2226 1570/2123/2267 1549/2083/2227 1528/2056/2202
f 1550/2084/2228 1572/2125/2269 1531/2061/2207 1530/2058/2204
f 1531/2061/2207 1572/2125/2269 1551/2366/2485 1503/2025/2171
f 1525/2375/2494 1566/2374/2493 1552/2086/2230 1532/2085/2229
f 1553/2087/2231 1575/2376/2495 1535/2377/2496 1533/2088/2232
f 1575/2376/2495 1577/2378/2497 1555/2379/2498 1535/2377/2496
f 1515/2042/2188 1556/2370/2489 1578/2128/2272 1536/2069/2213
f 1536/2069/2213 1578/2128/2272 1557/2089/2233 1537/2070/2214
f 1564/2380/2499 1585/2381/2500 1565/2373/2492 1545/2372/2491
f 1567/2101/2245 1586/2382/2501 1568/2102/2246 1547/2081/2225
f 1570/2123/2267 1590/2142/2286 1571/2104/2248 1549/2083/2227
f 1574/2106/2250 1595/2159/2303 1575/2376/2495 1553/2087/2231
f 1577/2378/2497 1596/2383/2502 1576/2384/2503 1555/2379/2498
f 1558/2090/2234 1599/2135/2279 1559/2091/2235 1539/2072/2216
f 1582/2113/2257 1600/2385/2504 1580/2111/2255 1560/2092/2236
f 1551/2386/2505 1592/2387/2506 1585/2381/2500 1564/2380/2499
f 1606/2163/2307 1607/2164/2308 1566/2374/2493 1565/2373/2492
f 1566/2374/2493 1607/2164/2308 1573/2105/2249 1552/2086/2230
f 1590/2142/2286 1610/2388/2309 1591/2124/2268 1571/2104/2248
f 1572/2125/2269 1591/2124/2268 1592/2389/2506 1551/2366/2485
f 1607/2164/2308 1611/2153/2297 1593/2126/2270 1573/2105/2249
f 1594/2127/2271 1614/2158/2302 1595/2159/2303 1574/2106/2250
f 1576/2384/2503 1596/2383/2502 1597/2390/2507 1556/2391/2508
f 1575/2376/2495 1595/2159/2303 1615/2160/2304 1577/2378/2497
f 1556/2370/2489 1597/2392/2507 1598/2129/2273 1578/2128/2272
f 1579/2110/2254 1617/2147/2291 1599/2135/2279 1558/2090/2234
f 1598/2129/2273 1616/2393/2315 1617/2147/2291 1579/2110/2254
s 164
f 1580/2130/2274 1600/2394/2509 1604/2137/2281 1583/2115/2259
f 1584/2116/2260 1605/2138/2282 1586/2395/2510 1567/2117/2261
s 150
f 1585/2381/2500 1620/2179/2320 1606/2163/2307 1565/2373/2492
f 1586/2396/2511 1605/2149/2293 1587/2119/2263 1568/2118/2262
f 1609/2141/2285 1622/2397/2310 1610/2388/2309 1590/2142/2286
f 1610/2388/2309 1623/2398/2312 1592/2389/2506 1591/2124/2268
f 1592/2387/2506 1623/2168/2312 1620/2179/2320 1585/2381/2500
f 1577/2378/2497 1615/2160/2304 1628/2184/2323 1596/2383/2502
f 1596/2383/2502 1628/2184/2323 1629/2174/2316 1597/2390/2507
f 1597/2392/2507 1629/2399/2316 1616/2393/2315 1598/2129/2273
f 1582/2134/2278 1602/2133/2277 1604/2150/2294 1600/2400/2512
f 1616/2393/2315 1631/2401/2318 1619/2148/2292 1617/2147/2291
f 1620/2179/2320 1637/2180/2321 1624/2154/2298 1606/2163/2307
f 1621/2151/2295 1638/2181/2322 1622/2182/2310 1609/2152/2296
f 1624/2154/2298 1637/2180/2321 1625/2155/2299 1612/2143/2287
f 1626/2156/2300 1639/2185/2324 1627/2157/2301 1613/2144/2288
f 1627/2157/2301 1639/2185/2324 1628/2184/2323 1615/2160/2304
f 1633/2402/2313 1625/2155/2299 1637/2180/2321 1632/2167/2311
f 1634/2403/2314 1635/2175/2317 1639/2185/2324 1626/2156/2300
s 160
f 1493/2014/2160 1544/2097/2241 1524/2053/2199
s 150
f 1456/1970/2116 1483/2041/2187 1457/1971/2117
f 1502/2024/2170 1530/2058/2204 1531/2061/2207
f 1516/2043/2189 1536/2069/2213 1537/2070/2214
s 160
f 1512/2037/2183 1534/2068/2212 1554/2109/2253
s 150
f 1430/1956/2102 1474/2026/2172 1431/1957/2103
f 1356/1911/2057 1357/1920/2066 1338/1890/2036
f 1357/1920/2066 1358/1923/2069 1338/1890/2036
f 1338/1890/2036 1358/1923/2069 1339/1891/2037
f 1350/1902/2048 1386/1939/2085 1351/1903/2049
f 1388/1913/2059 1351/1903/2049 1387/1942/2088
f 1386/1939/2085 1387/1942/2088 1351/1903/2049
f 1427/1953/2099 1469/2006/2152 1428/1954/2100
f 1428/1954/2100 1469/2006/2152 1471/2020/2166
f 1469/2006/2152 1470/2017/2163 1471/2020/2166
f 1487/2048/2194 1488/2007/2153 1486/2045/2191
f 1486/2045/2191 1488/2007/2153 1459/1973/2119
f 1459/1973/2119 1488/2007/2153 1460/1974/2120
f 1325/1873/2019 1341/1892/2038 1342/1893/2039
f 1342/1893/2039 1341/1892/2038 1364/2301/2422
f 1364/2301/2422 1341/1892/2038 1363/1927/2073
f 1363/1927/2073 1341/1892/2038 1362/1924/2070
f 1341/1892/2038 1361/2298/2419 1362/1924/2070
f 1330/1880/2026 1344/1896/2042 1348/1901/2047
f 1344/1896/2042 1365/2308/2429 1348/1901/2047
f 1365/2308/2429 1366/1932/2078 1348/1901/2047
f 1366/1932/2078 1367/1928/2074 1348/1901/2047
f 1367/1928/2074 1368/1931/2077 1348/1901/2047
s 152
f 1346/1898/2044 1383/1935/2081 1369/2404/2513
f 1369/2404/2513 1383/1935/2081 1382/2405/2514
f 1347/1899/2045 1346/1898/2044 1384/1938/2084
f 1369/2404/2513 1370/2406/2515 1346/1898/2044
f 1370/2406/2515 1371/2407/2516 1346/1898/2044
f 1346/1898/2044 1371/2407/2516 1384/1938/2084
f 1371/2407/2516 1372/2408/2517 1384/1938/2084
f 1372/2408/2517 1373/2409/2518 1384/1938/2084
f 1373/2409/2518 1374/2410/2519 1384/1938/2084
f 1374/2410/2519 1375/2411/2520 1384/1938/2084
f 1382/2405/2514 1383/1935/2081 1381/2412/2521
f 1381/2412/2521 1383/1935/2081 1380/2413/2522
f 1380/2413/2522 1383/1935/2081 1379/2414/2523
f 1379/2414/2523 1383/1935/2081 1378/2415/2524
f 1384/1938/2084 1375/2411/2520 1383/1935/2081
f 1375/2411/2520 1376/2416/2525 1383/1935/2081
f 1376/2416/2525 1377/2417/2526 1383/1935/2081
f 1377/2417/2526 1378/2415/2524 1383/1935/2081
s 160
f 1432/1989/2135 1467/1984/2130 1461/1990/2136
f 1467/1984/2130 1495/2016/2162 1461/1990/2136
f 1495/2016/2162 1504/2039/2185 1461/1990/2136
f 1504/2039/2185 1481/2000/2146 1461/1990/2136
s 171
f 1640/2193/2331 1641/2191/2329 1647/2194/2332
f 1647/2194/2332 1641/2191/2329 1646/2197/2335
f 1646/2197/2335 1641/2191/2329 1645/2199/2337
f 1645/2199/2337 1641/2191/2329 1644/2201/2339
f 1641/2191/2329 1642/2187/2325 1644/2201/2339
f 1642/2187/2325 1643/2190/2328 1644/2201/2339
f 1640/2193/2331 1651/2208/2346 1641/2191/2329
f 1651/2208/2346 1652/2211/2349 1641/2191/2329
f 1652/2211/2349 1653/2216/2354 1641/2191/2329
f 1653/2216/2354 1654/2214/2352 1641/2191/2329
f 1641/2191/2329 1654/2214/2352 1656/2206/2344
f 1654/2214/2352 1655/2212/2350 1656/2206/2344
g default
v 0.068045 2.514627 1.834773
v 0.025991 2.514627 1.804219
v -0.025991 2.514627 1.804219
v -0.068045 2.514627 1.834773
v -0.084108 2.514627 1.884210
v -0.068045 2.514627 1.933647
v -0.025991 2.514627 1.964201
v 0.025991 2.514627 1.964201
v 0.068045 2.514627 1.933647
v 0.084108 2.514627 1.884210
v 0.129428 2.553287 1.790175
v 0.049437 2.553287 1.732058
v -0.049437 2.553287 1.732058
v -0.129428 2.553287 1.790175
v -0.159982 2.553287 1.884210
v -0.129428 2.553287 1.978245
v -0.049437 2.553287 2.036362
v 0.049437 2.553287 2.036362
v 0.129428 2.553287 1.978245
v 0.159982 2.553287 1.884210
v 0.178143 2.613501 1.754782
v 0.068045 2.613501 1.674790
v -0.068045 2.613501 1.674790
v -0.178143 2.613501 1.754782
v -0.220197 2.613501 1.884210
v -0.178143 2.613501 2.013638
v -0.068045 2.613501 2.093630
v 0.068045 2.613501 2.093630
v 0.178143 2.613501 2.013638
v 0.220197 2.613501 1.884210
v 0.209420 2.689376 1.732058
v 0.079991 2.689376 1.638023
v -0.079991 2.689376 1.638023
v -0.209420 2.689376 1.732058
v -0.258857 2.689376 1.884210
v -0.209420 2.689376 2.036362
v -0.079991 2.689376 2.130398
v 0.079991 2.689376 2.130398
v 0.209420 2.689376 2.036362
v 0.258857 2.689376 1.884210
v 0.220197 2.773484 1.724228
v 0.084108 2.773484 1.625353
v -0.084108 2.773484 1.625353
v -0.220197 2.773484 1.724228
v -0.272178 2.773484 1.884210
v -0.220197 2.773484 2.044193
v -0.084108 2.773484 2.143067
v 0.084108 2.773484 2.143067
v 0.220197 2.773484 2.044193
v 0.272178 2.773484 1.884210
v 0.209420 2.857591 1.732058
v 0.079991 2.857591 1.638023
v -0.079991 2.857591 1.638023
v -0.209420 2.857591 1.732058
v -0.258857 2.857591 1.884210
v -0.209420 2.857591 2.036362
v -0.079991 2.857591 2.130398
v 0.079991 2.857591 2.130398
v 0.209420 2.857591 2.036362
v 0.258857 2.857591 1.884210
v 0.178143 2.933466 1.754782
v 0.068045 2.933466 1.674790
v -0.068045 2.933466 1.674790
v -0.178143 2.933466 1.754782
v -0.220197 2.933466 1.884210
v -0.178143 2.933466 2.013638
v -0.068045 2.933466 2.093630
v 0.068045 2.933466 2.093630
v 0.178143 2.933466 2.013638
v 0.220197 2.933466 1.884210
v 0.129428 2.993680 1.790175
v 0.049437 2.993680 1.732058
v -0.049437 2.993680 1.732058
v -0.129428 2.993680 1.790175
v -0.159982 2.993680 1.884210
v -0.129428 2.993680 1.978245
v -0.049437 2.993680 2.036362
v 0.049437 2.993680 2.036362
v 0.129428 2.993680 1.978245
v 0.159982 2.993680 1.884210
v 0.068045 3.032341 1.834773
v 0.025991 3.032341 1.804219
v -0.025991 3.032341 1.804219
v -0.068045 3.032341 1.834773
v -0.084108 3.032341 1.884210
v -0.068045 3.032341 1.933647
v -0.025991 3.032341 1.964201
v 0.025991 3.032341 1.964201
v 0.068045 3.032341 1.933647
v 0.084108 3.032341 1.884210
v 0.000000 2.501305 1.884210
v 0.000000 3.045662 1.884210
v 0.079796 0.031949 1.857996
v 0.052204 0.032008 1.830404
v 0.014512 0.032089 1.820304
v -0.023180 0.032170 1.830404
v -0.050773 0.032229 1.857996
v -0.060872 0.032250 1.895688
v -0.050773 0.032229 1.933381
v -0.023180 0.032170 1.960973
v 0.014512 0.032089 1.971073
v 0.052204 0.032008 1.960973
v 0.079796 0.031949 1.933381
v 0.089896 0.031927 1.895688
v 0.089148 2.709770 1.857996
v 0.061555 2.709829 1.830404
v 0.023863 2.709910 1.820304
v -0.013829 2.709991 1.830404
v -0.041421 2.710050 1.857996
v -0.051521 2.710072 1.895688
v -0.041421 2.710050 1.933381
v -0.013829 2.709991 1.960973
v 0.023863 2.709910 1.971073
v 0.061555 2.709829 1.960973
v 0.089148 2.709770 1.933381
v 0.099247 2.709748 1.895688
v 0.014512 0.032089 1.895688
v 0.023863 2.709910 1.895688
v 0.090815 0.000000 1.753004
v 0.073471 0.053380 1.753004
v 0.028063 0.086370 1.753004
v -0.028063 0.086370 1.753004
v -0.073471 0.053380 1.753004
v -0.090815 0.000000 1.753004
v -0.073471 -0.053380 1.753004
v -0.028063 -0.086370 1.753004
v 0.028063 -0.086370 1.753004
v 0.073471 -0.053380 1.753004
v 0.090815 0.000000 2.031946
v 0.073471 0.053380 2.031946
v 0.028063 0.086370 2.031946
v -0.028063 0.086370 2.031946
v -0.073471 0.053380 2.031946
v -0.090815 0.000000 2.031946
v -0.073471 -0.053380 2.031946
v -0.028063 -0.086370 2.031946
v 0.028063 -0.086370 2.031946
v 0.073471 -0.053380 2.031946
v 0.181630 0.000000 2.031946
v 0.146942 0.106760 2.031946
v 0.056127 0.172741 2.031946
v -0.056127 0.172741 2.031946
v -0.146942 0.106760 2.031946
v -0.181630 0.000000 2.031946
v -0.146942 -0.106760 2.031946
v -0.056127 -0.172741 2.031946
v 0.056127 -0.172741 2.031946
v 0.146942 -0.106760 2.031946
v 0.181630 0.000000 1.753004
v 0.146942 0.106760 1.753004
v 0.056127 0.172741 1.753004
v -0.056127 0.172741 1.753004
v -0.146942 0.106760 1.753004
v -0.181630 0.000000 1.753004
v -0.146942 -0.106760 1.753004
v -0.056127 -0.172741 1.753004
v 0.056127 -0.172741 1.753004
v 0.146942 -0.106760 1.753004
v 0.097593 0.056345 1.348231
v 0.056345 0.097593 1.348231
v 0.000000 0.112691 1.348231
v -0.056345 0.097593 1.348231
v -0.097593 0.056345 1.348231
v -0.112691 0.000000 1.348231
v -0.097593 -0.056345 1.348231
v -0.056345 -0.097593 1.348231
v 0.000000 -0.112691 1.348231
v 0.056345 -0.097593 1.348231
v 0.097593 -0.056345 1.348231
v 0.112691 0.000000 1.348231
v 0.097593 0.056345 2.108608
v 0.056345 0.097593 2.108608
v 0.000000 0.112691 2.108608
v -0.056345 0.097593 2.108608
v -0.097593 0.056345 2.108608
v -0.112691 0.000000 2.108608
v -0.097593 -0.056345 2.108608
v -0.056345 -0.097593 2.108608
v 0.000000 -0.112691 2.108608
v 0.056345 -0.097593 2.108608
v 0.097593 -0.056345 2.108608
v 0.112691 0.000000 2.108608
v 0.000000 0.000000 1.348231
v 0.000000 0.000000 2.108608
vt 0.177784 0.596376
vt 0.177784 0.522207
vt 0.221264 0.522207
vt 0.221264 0.609398
vt 0.143278 0.576094
vt 0.143278 0.522207
vt 0.177784 0.448038
vt 0.221264 0.435016
vt 0.269462 0.522207
vt 0.269462 0.613885
vt 0.177784 0.642215
vt 0.221264 0.663285
vt 0.143278 0.468320
vt 0.177784 0.402199
vt 0.221264 0.381129
vt 0.269462 0.430529
vt 0.317660 0.522207
vt 0.317660 0.609398
vt 0.269462 0.670545
vt 0.269462 0.373869
vt 0.317660 0.435016
vt 0.361140 0.522207
vt 0.361140 0.596376
vt 0.317660 0.663285
vt 0.317660 0.381129
vt 0.361140 0.448038
vt 0.395645 0.522207
vt 0.395645 0.576094
vt 0.361140 0.642215
vt 0.361140 0.402199
vt 0.395645 0.468320
vt 0.448988 0.595107
vt 0.448988 0.520938
vt 0.492468 0.520938
vt 0.492468 0.608129
vt 0.414482 0.574825
vt 0.414482 0.520938
vt 0.448988 0.446769
vt 0.492468 0.433747
vt 0.540666 0.520938
vt 0.540666 0.612616
vt 0.448988 0.640946
vt 0.492468 0.662016
vt 0.414482 0.467051
vt 0.448988 0.400930
vt 0.492468 0.379860
vt 0.540666 0.429260
vt 0.588864 0.520938
vt 0.588864 0.608129
vt 0.540666 0.669276
vt 0.540666 0.372600
vt 0.588864 0.433747
vt 0.632344 0.520938
vt 0.632344 0.595107
vt 0.588864 0.662016
vt 0.588864 0.379860
vt 0.632344 0.446769
vt 0.666850 0.520938
vt 0.666850 0.574825
vt 0.632344 0.640946
vt 0.632344 0.400930
vt 0.666850 0.467051
vt 0.802958 0.579805
vt 0.780303 0.563345
vt 0.792934 0.524472
vt 0.836025 0.555780
vt 0.766302 0.606437
vt 0.752300 0.563345
vt 0.739670 0.524472
vt 0.802958 0.493621
vt 0.862268 0.536713
vt 0.811611 0.606437
vt 0.852485 0.606437
vt 0.729646 0.579805
vt 0.696578 0.555780
vt 0.729646 0.493621
vt 0.802958 0.633069
vt 0.836025 0.657094
vt 0.720992 0.606437
vt 0.680118 0.606437
vt 0.670335 0.536713
vt 0.780303 0.649529
vt 0.792934 0.688402
vt 0.729646 0.633069
vt 0.696578 0.657094
vt 0.862268 0.676161
vt 0.802958 0.719252
vt 0.752300 0.649529
vt 0.739670 0.688402
vt 0.729646 0.719252
vt 0.670335 0.676161
vt 0.165690 0.776267
vt 0.122599 0.807575
vt 0.109968 0.768701
vt 0.132623 0.752242
vt 0.191933 0.795333
vt 0.132622 0.838425
vt 0.069334 0.807575
vt 0.081965 0.768701
vt 0.095967 0.725609
vt 0.182150 0.725609
vt 0.141276 0.725609
vt 0.059311 0.838425
vt 0.026243 0.776267
vt 0.059311 0.752242
vt 0.165690 0.674952
vt 0.132623 0.698977
vt 0.000000 0.795333
vt 0.009783 0.725609
vt 0.050657 0.725609
vt 0.122599 0.643644
vt 0.109968 0.682518
vt 0.026243 0.674952
vt 0.059311 0.698977
vt 0.132623 0.612794
vt 0.191933 0.655886
vt 0.069334 0.643644
vt 0.081965 0.682518
vt 0.059311 0.612794
vt 0.000000 0.655886
vt 0.986995 0.160160
vt 0.918877 0.160160
vt 0.912897 0.122182
vt 0.992975 0.122182
vt 0.910837 0.080083
vt 0.995035 0.080083
vt 0.912897 0.037984
vt 0.992975 0.037984
vt 0.918877 0.000006
vt 0.986995 0.000006
vt 0.913760 0.603911
vt 0.981878 0.603911
vt 0.987858 0.641889
vt 0.907780 0.641889
vt 0.989918 0.683988
vt 0.905720 0.683988
vt 0.987858 0.726087
vt 0.907780 0.726087
vt 0.981878 0.764065
vt 0.913760 0.764065
vt 0.000000 0.079013
vt 0.000000 0.000006
vt 0.265212 0.000006
vt 0.265212 0.079013
vt 0.733048 0.246813
vt 0.632611 0.246813
vt 0.642221 0.000006
vt 0.742658 0.000006
vt 0.532174 0.246813
vt 0.541785 0.000006
vt 0.266087 0.373873
vt 0.266087 0.294865
vt 0.531300 0.294865
vt 0.531300 0.373873
vt 0.266087 0.186939
vt 0.531300 0.186939
vt 0.266087 0.079013
vt 0.531300 0.079013
vt 0.266087 0.000006
vt 0.531300 0.000006
vt 0.665218 0.246813
vt 0.765655 0.246813
vt 0.775265 0.493621
vt 0.674828 0.493621
vt 0.866091 0.246813
vt 0.875701 0.493621
vt 0.000000 0.373873
vt 0.000000 0.294865
vt 0.265212 0.294865
vt 0.265212 0.373873
vt 0.000000 0.186939
vt 0.265212 0.186939
vt 0.843102 0.056053
vt 0.856541 0.069492
vt 0.824744 0.087851
vt 0.824744 0.051134
vt 0.806386 0.056053
vt 0.792947 0.069492
vt 0.788027 0.087851
vt 0.792947 0.106209
vt 0.806386 0.119648
vt 0.824744 0.124567
vt 0.843102 0.119648
vt 0.856541 0.106209
vt 0.861460 0.087851
vt 0.805371 0.217422
vt 0.791932 0.230861
vt 0.773573 0.199064
vt 0.773573 0.235780
vt 0.755215 0.230861
vt 0.741776 0.217422
vt 0.736857 0.199064
vt 0.741776 0.180706
vt 0.755215 0.167267
vt 0.773573 0.162348
vt 0.791932 0.167267
vt 0.805371 0.180706
vt 0.810290 0.199064
vt 0.554876 0.246813
vt 0.591607 0.246813
vt 0.591607 0.371796
vt 0.554876 0.371796
vt 0.532174 0.246813
vt 0.532174 0.371796
vt 0.701037 0.719252
vt 0.734915 0.719252
vt 0.734915 0.828883
vt 0.701037 0.828883
vt 0.096164 0.838425
vt 0.118865 0.838425
vt 0.118865 0.963407
vt 0.096164 0.963407
vt 0.059433 0.838425
vt 0.059433 0.963407
vt 0.022701 0.838425
vt 0.022701 0.963407
vt 0.000000 0.838425
vt 0.000000 0.963407
vt 0.898661 0.713541
vt 0.864783 0.713541
vt 0.864783 0.603911
vt 0.898661 0.603911
vt 0.628339 0.246813
vt 0.651040 0.246813
vt 0.651040 0.371796
vt 0.628339 0.371796
vt 0.852108 0.052680
vt 0.826109 0.044232
vt 0.826109 0.000000
vt 0.878107 0.016895
vt 0.868176 0.074796
vt 0.910243 0.061127
vt 0.868176 0.102133
vt 0.910243 0.115801
vt 0.852108 0.124249
vt 0.878107 0.160034
vt 0.826109 0.132697
vt 0.826109 0.176929
vt 0.800110 0.124249
vt 0.774111 0.160034
vt 0.784041 0.102133
vt 0.741974 0.115801
vt 0.784041 0.074796
vt 0.741974 0.061127
vt 0.800110 0.052680
vt 0.774111 0.016895
vt 0.124983 0.419275
vt 0.124983 0.492738
vt 0.000000 0.492738
vt 0.000000 0.419275
vt 0.124983 0.373873
vt 0.000000 0.373873
vt 0.194448 0.875697
vt 0.262204 0.875697
vt 0.262204 0.985327
vt 0.194448 0.985327
vt 1.000000 0.353353
vt 1.000000 0.398755
vt 0.875018 0.398755
vt 0.875018 0.353353
vt 1.000000 0.279890
vt 0.875018 0.279890
vt 1.000000 0.206427
vt 0.875018 0.206427
vt 1.000000 0.161024
vt 0.875018 0.161024
vt 0.190565 0.948055
vt 0.122809 0.948055
vt 0.122809 0.838425
vt 0.190565 0.838425
vt 0.124983 0.566201
vt 0.124983 0.611604
vt 0.000000 0.611604
vt 0.000000 0.566201
vt 0.779228 0.728440
vt 0.831226 0.711545
vt 0.831226 0.755777
vt 0.805227 0.764225
vt 0.747091 0.772672
vt 0.789158 0.786341
vt 0.747091 0.827346
vt 0.789158 0.813678
vt 0.779228 0.871579
vt 0.805227 0.835794
vt 0.831226 0.888474
vt 0.831226 0.844241
vt 0.883224 0.871579
vt 0.857225 0.835794
vt 0.915360 0.827346
vt 0.873293 0.813678
vt 0.915360 0.772672
vt 0.873293 0.786341
vt 0.883224 0.728440
vt 0.857225 0.764225
vt 0.462713 0.664149
vt 0.503059 0.664149
vt 0.503059 0.884602
vt 0.462713 0.884602
vt 0.982712 0.603911
vt 0.931423 0.603911
vt 0.931423 0.398755
vt 0.982712 0.398755
vt 0.880135 0.603911
vt 0.880135 0.398755
vt 0.506589 0.698496
vt 0.546935 0.698496
vt 0.546935 0.918950
vt 0.506589 0.918950
vt 0.602048 0.698496
vt 0.602048 0.918950
vt 0.657162 0.698496
vt 0.657162 0.918950
vt 0.697508 0.698496
vt 0.697508 0.918950
vt 0.194448 0.670542
vt 0.245737 0.670542
vt 0.245737 0.875697
vt 0.194448 0.875697
vt 0.297026 0.670542
vt 0.297026 0.875697
vt 0.312141 0.664149
vt 0.352487 0.664149
vt 0.352487 0.884602
vt 0.312141 0.884602
vt 0.407600 0.664149
vt 0.407600 0.884602
vt 0.967582 0.844520
vt 0.987672 0.864610
vt 0.940139 0.892054
vt 0.940139 0.837167
vt 0.912695 0.844520
vt 0.892605 0.864610
vt 0.885252 0.892054
vt 0.892605 0.919497
vt 0.912695 0.939587
vt 0.940139 0.946941
vt 0.967582 0.939587
vt 0.987672 0.919497
vt 0.995026 0.892054
vt 0.803458 0.949540
vt 0.783368 0.969630
vt 0.755924 0.922096
vt 0.755924 0.976983
vt 0.728481 0.969630
vt 0.708391 0.949540
vt 0.701037 0.922096
vt 0.708391 0.894653
vt 0.728481 0.874563
vt 0.755924 0.867209
vt 0.783368 0.874563
vt 0.803458 0.894653
vt 0.810811 0.922096
vn 0.277577 -0.881467 -0.382056
vn 0.277577 -0.881467 -0.382056
vn 0.277577 -0.881467 -0.382056
vn 0.277577 -0.881468 -0.382056
vn 0.000000 -0.881470 -0.472241
vn 0.000000 -0.881470 -0.472241
vn 0.000000 -0.881470 -0.472241
vn 0.000000 -0.881470 -0.472241
vn -0.277577 -0.881469 -0.382053
vn -0.277577 -0.881469 -0.382052
vn -0.277577 -0.881469 -0.382053
vn -0.277577 -0.881469 -0.382052
vn -0.449130 -0.881468 -0.145933
vn -0.449130 -0.881468 -0.145933
vn -0.449130 -0.881468 -0.145933
vn -0.449130 -0.881468 -0.145933
vn -0.449131 -0.881468 0.145930
vn -0.449131 -0.881468 0.145930
vn -0.449131 -0.881468 0.145930
vn -0.449131 -0.881468 0.145930
vn -0.277577 -0.881468 0.382054
vn -0.277577 -0.881468 0.382054
vn -0.277577 -0.881468 0.382053
vn -0.277577 -0.881468 0.382054
vn 0.000000 -0.881469 0.472242
vn 0.000000 -0.881469 0.472242
vn 0.000000 -0.881469 0.472242
vn 0.000000 -0.881469 0.472242
vn 0.277577 -0.881468 0.382055
vn 0.277577 -0.881468 0.382055
vn 0.277577 -0.881468 0.382055
vn 0.277577 -0.881468 0.382055
vn 0.449130 -0.881468 0.145930
vn 0.449130 -0.881468 0.145930
vn 0.449130 -0.881468 0.145930
vn 0.449130 -0.881468 0.145930
vn 0.449130 -0.881468 -0.145933
vn 0.449130 -0.881468 -0.145933
vn 0.449130 -0.881468 -0.145933
vn 0.449130 -0.881468 -0.145933
vn 0.425920 -0.689152 -0.586227
vn 0.425920 -0.689152 -0.586227
vn 0.425920 -0.689152 -0.586227
vn 0.425920 -0.689152 -0.586227
vn 0.000000 -0.689150 -0.724619
vn 0.000000 -0.689150 -0.724619
vn 0.000000 -0.689150 -0.724619
vn 0.000000 -0.689150 -0.724619
vn -0.425919 -0.689151 -0.586228
vn -0.425919 -0.689151 -0.586228
vn -0.425919 -0.689151 -0.586228
vn -0.425919 -0.689151 -0.586228
vn -0.689152 -0.689152 -0.223918
vn -0.689152 -0.689152 -0.223918
vn -0.689152 -0.689152 -0.223918
vn -0.689152 -0.689152 -0.223918
vn -0.689152 -0.689152 0.223920
vn -0.689152 -0.689152 0.223920
vn -0.689152 -0.689152 0.223920
vn -0.689152 -0.689152 0.223920
vn -0.425920 -0.689151 0.586227
vn -0.425920 -0.689151 0.586227
vn -0.425920 -0.689151 0.586227
vn -0.425920 -0.689151 0.586227
vn 0.000000 -0.689152 0.724617
vn 0.000000 -0.689152 0.724617
vn 0.000000 -0.689152 0.724617
vn 0.000000 -0.689152 0.724617
vn 0.425921 -0.689152 0.586226
vn 0.425921 -0.689152 0.586226
vn 0.425921 -0.689152 0.586226
vn 0.425921 -0.689152 0.586226
vn 0.689152 -0.689152 0.223919
vn 0.689152 -0.689152 0.223919
vn 0.689152 -0.689152 0.223919
vn 0.689152 -0.689152 0.223919
vn 0.689152 -0.689152 -0.223918
vn 0.689152 -0.689152 -0.223918
vn 0.689152 -0.689152 -0.223918
vn 0.689152 -0.689152 -0.223918
vn 0.528952 -0.436082 -0.728040
vn 0.528952 -0.436082 -0.728040
vn 0.528952 -0.436082 -0.728040
vn 0.528952 -0.436082 -0.728040
vn 0.000000 -0.436083 -0.899906
vn 0.000000 -0.436083 -0.899906
vn 0.000000 -0.436083 -0.899906
vn 0.000000 -0.436083 -0.899906
vn -0.528953 -0.436082 -0.728039
vn -0.528953 -0.436082 -0.728039
vn -0.528953 -0.436082 -0.728039
vn -0.528953 -0.436083 -0.728039
vn -0.855862 -0.436083 -0.278086
vn -0.855862 -0.436083 -0.278086
vn -0.855862 -0.436083 -0.278086
vn -0.855862 -0.436083 -0.278086
vn -0.855862 -0.436083 0.278087
vn -0.855862 -0.436083 0.278087
vn -0.855862 -0.436083 0.278087
vn -0.855862 -0.436083 0.278087
vn -0.528951 -0.436084 0.728040
vn -0.528951 -0.436083 0.728040
vn -0.528951 -0.436084 0.728040
vn -0.528951 -0.436084 0.728040
vn 0.000000 -0.436083 0.899906
vn 0.000000 -0.436083 0.899906
vn 0.000000 -0.436083 0.899906
vn 0.000000 -0.436083 0.899906
vn 0.528953 -0.436085 0.728038
vn 0.528953 -0.436085 0.728038
vn 0.528953 -0.436085 0.728038
vn 0.528953 -0.436085 0.728038
vn 0.855862 -0.436083 0.278087
vn 0.855862 -0.436083 0.278087
vn 0.855862 -0.436083 0.278087
vn 0.855862 -0.436083 0.278087
vn 0.855862 -0.436083 -0.278086
vn 0.855862 -0.436083 -0.278086
vn 0.855862 -0.436083 -0.278086
vn 0.855862 -0.436083 -0.278086
vn 0.581227 -0.148953 -0.799993
vn 0.581227 -0.148953 -0.799993
vn 0.581227 -0.148953 -0.799993
vn 0.581227 -0.148953 -0.799993
vn 0.000000 -0.148952 -0.988844
vn 0.000000 -0.148952 -0.988844
vn 0.000000 -0.148952 -0.988844
vn 0.000000 -0.148952 -0.988844
vn -0.581228 -0.148952 -0.799992
vn -0.581228 -0.148952 -0.799992
vn -0.581228 -0.148952 -0.799992
vn -0.581228 -0.148952 -0.799992
vn -0.940447 -0.148952 -0.305570
vn -0.940447 -0.148952 -0.305570
vn -0.940447 -0.148952 -0.305570
vn -0.940447 -0.148952 -0.305570
vn -0.940447 -0.148952 0.305569
vn -0.940447 -0.148952 0.305569
vn -0.940447 -0.148952 0.305569
vn -0.940447 -0.148952 0.305569
vn -0.581229 -0.148952 0.799991
vn -0.581229 -0.148952 0.799991
vn -0.581229 -0.148952 0.799991
vn -0.581229 -0.148952 0.799991
vn 0.000000 -0.148952 0.988844
vn 0.000000 -0.148952 0.988844
vn 0.000000 -0.148952 0.988844
vn 0.000000 -0.148952 0.988844
vn 0.581228 -0.148952 0.799992
vn 0.581228 -0.148952 0.799992
vn 0.581228 -0.148952 0.799992
vn 0.581228 -0.148952 0.799992
vn 0.940447 -0.148952 0.305569
vn 0.940447 -0.148952 0.305569
vn 0.940447 -0.148952 0.305569
vn 0.940447 -0.148952 0.305569
vn 0.940447 -0.148952 -0.305570
vn 0.940447 -0.148952 -0.305570
vn 0.940447 -0.148952 -0.305570
vn 0.940447 -0.148952 -0.305570
vn 0.581228 0.148953 -0.799992
vn 0.581228 0.148953 -0.799992
vn 0.581228 0.148953 -0.799992
vn 0.581228 0.148953 -0.799992
vn 0.000000 0.148953 -0.988844
vn 0.000000 0.148953 -0.988844
vn 0.000000 0.148953 -0.988844
vn 0.000000 0.148953 -0.988844
vn -0.581228 0.148952 -0.799992
vn -0.581228 0.148952 -0.799992
vn -0.581228 0.148952 -0.799992
vn -0.581228 0.148952 -0.799992
vn -0.940447 0.148952 -0.305569
vn -0.940447 0.148952 -0.305569
vn -0.940447 0.148952 -0.305569
vn -0.940447 0.148952 -0.305569
vn -0.940447 0.148952 0.305571
vn -0.940447 0.148952 0.305571
vn -0.940447 0.148952 0.305571
vn -0.940447 0.148952 0.305571
vn -0.581228 0.148952 0.799992
vn -0.581228 0.148952 0.799992
vn -0.581228 0.148952 0.799992
vn -0.581228 0.148952 0.799992
vn 0.000000 0.148952 0.988845
vn 0.000000 0.148952 0.988845
vn 0.000000 0.148952 0.988845
vn 0.000000 0.148952 0.988845
vn 0.581229 0.148952 0.799991
vn 0.581229 0.148952 0.799991
vn 0.581229 0.148952 0.799991
vn 0.581229 0.148952 0.799991
vn 0.940447 0.148952 0.305569
vn 0.940447 0.148952 0.305569
vn 0.940447 0.148952 0.305569
vn 0.940447 0.148952 0.305569
vn 0.940447 0.148952 -0.305570
vn 0.940447 0.148952 -0.305570
vn 0.940447 0.148952 -0.305570
vn 0.940447 0.148952 -0.305570
vn 0.528952 0.436082 -0.728040
vn 0.528952 0.436082 -0.728040
vn 0.528952 0.436082 -0.728040
vn 0.528952 0.436082 -0.728040
vn 0.000000 0.436082 -0.899907
vn 0.000000 0.436082 -0.899907
vn 0.000000 0.436082 -0.899907
vn 0.000000 0.436082 -0.899907
vn -0.528953 0.436082 -0.728039
vn -0.528953 0.436082 -0.728039
vn -0.528953 0.436082 -0.728039
vn -0.528953 0.436082 -0.728039
vn -0.855862 0.436083 -0.278086
vn -0.855862 0.436083 -0.278086
vn -0.855862 0.436083 -0.278086
vn -0.855862 0.436083 -0.278086
vn -0.855862 0.436083 0.278086
vn -0.855862 0.436083 0.278086
vn -0.855862 0.436083 0.278086
vn -0.855862 0.436083 0.278086
vn -0.528951 0.436084 0.728040
vn -0.528951 0.436084 0.728040
vn -0.528951 0.436083 0.728040
vn -0.528951 0.436084 0.728040
vn 0.000000 0.436083 0.899906
vn 0.000000 0.436083 0.899906
vn 0.000000 0.436084 0.899906
vn 0.000000 0.436084 0.899906
vn 0.528951 0.436083 0.728041
vn 0.528951 0.436083 0.728040
vn 0.528951 0.436083 0.728040
vn 0.528951 0.436083 0.728041
vn 0.855862 0.436083 0.278086
vn 0.855862 0.436083 0.278086
vn 0.855862 0.436083 0.278086
vn 0.855862 0.436083 0.278086
vn 0.855862 0.436083 -0.278086
vn 0.855862 0.436083 -0.278086
vn 0.855862 0.436083 -0.278086
vn 0.855862 0.436083 -0.278086
vn 0.425920 0.689152 -0.586227
vn 0.425920 0.689152 -0.586227
vn 0.425920 0.689152 -0.586227
vn 0.425920 0.689152 -0.586227
vn 0.000000 0.689152 -0.724617
vn 0.000000 0.689152 -0.724617
vn 0.000000 0.689152 -0.724617
vn 0.000000 0.689152 -0.724617
vn -0.425920 0.689153 -0.586226
vn -0.425920 0.689153 -0.586226
vn -0.425920 0.689153 -0.586226
vn -0.425920 0.689153 -0.586226
vn -0.689152 0.689152 -0.223920
vn -0.689152 0.689152 -0.223920
vn -0.689152 0.689152 -0.223920
vn -0.689152 0.689152 -0.223920
vn -0.689152 0.689152 0.223919
vn -0.689152 0.689152 0.223919
vn -0.689152 0.689152 0.223919
vn -0.689152 0.689152 0.223919
vn -0.425920 0.689151 0.586227
vn -0.425920 0.689151 0.586227
vn -0.425920 0.689151 0.586227
vn -0.425920 0.689151 0.586227
vn 0.000000 0.689152 0.724617
vn 0.000000 0.689152 0.724617
vn 0.000000 0.689152 0.724617
vn 0.000000 0.689152 0.724617
vn 0.425920 0.689151 0.586228
vn 0.425920 0.689151 0.586227
vn 0.425920 0.689151 0.586228
vn 0.425920 0.689151 0.586228
vn 0.689152 0.689152 0.223919
vn 0.689152 0.689152 0.223919
vn 0.689152 0.689152 0.223919
vn 0.689152 0.689152 0.223919
vn 0.689152 0.689152 -0.223918
vn 0.689152 0.689152 -0.223918
vn 0.689152 0.689152 -0.223918
vn 0.689152 0.689152 -0.223918
vn 0.277577 0.881468 -0.382053
vn 0.277577 0.881468 -0.382053
vn 0.277577 0.881468 -0.382054
vn 0.277577 0.881468 -0.382054
vn 0.000000 0.881466 -0.472247
vn 0.000000 0.881467 -0.472247
vn 0.000000 0.881466 -0.472247
vn 0.000000 0.881466 -0.472247
vn -0.277577 0.881468 -0.382054
vn -0.277577 0.881468 -0.382053
vn -0.277577 0.881468 -0.382054
vn -0.277577 0.881468 -0.382054
vn -0.449131 0.881468 -0.145930
vn -0.449131 0.881468 -0.145930
vn -0.449131 0.881468 -0.145930
vn -0.449131 0.881468 -0.145930
vn -0.449131 0.881468 0.145930
vn -0.449131 0.881468 0.145930
vn -0.449131 0.881468 0.145930
vn -0.449131 0.881468 0.145930
vn -0.277576 0.881467 0.382058
vn -0.277576 0.881467 0.382058
vn -0.277576 0.881467 0.382058
vn -0.277576 0.881467 0.382058
vn 0.000000 0.881468 0.472244
vn 0.000000 0.881468 0.472244
vn 0.000000 0.881468 0.472244
vn 0.000000 0.881468 0.472244
vn 0.277577 0.881469 0.382053
vn 0.277577 0.881469 0.382053
vn 0.277577 0.881469 0.382053
vn 0.277577 0.881469 0.382053
vn 0.449130 0.881468 0.145933
vn 0.449130 0.881468 0.145933
vn 0.449130 0.881468 0.145933
vn 0.449130 0.881468 0.145933
vn 0.449130 0.881467 -0.145935
vn 0.449130 0.881467 -0.145935
vn 0.449130 0.881468 -0.145935
vn 0.449130 0.881468 -0.145935
vn 0.096556 -0.986416 -0.132891
vn 0.096556 -0.986416 -0.132891
vn 0.096556 -0.986416 -0.132891
vn 0.000000 -0.986415 -0.164271
vn 0.000000 -0.986415 -0.164271
vn 0.000000 -0.986415 -0.164271
vn -0.096556 -0.986415 -0.132902
vn -0.096556 -0.986415 -0.132902
vn -0.096556 -0.986415 -0.132902
vn -0.156230 -0.986416 -0.050756
vn -0.156230 -0.986416 -0.050756
vn -0.156230 -0.986416 -0.050756
vn -0.156231 -0.986415 0.050763
vn -0.156231 -0.986415 0.050763
vn -0.156231 -0.986415 0.050763
vn -0.096556 -0.986416 0.132895
vn -0.096556 -0.986416 0.132895
vn -0.096556 -0.986416 0.132895
vn 0.000000 -0.986416 0.164268
vn 0.000000 -0.986416 0.164268
vn 0.000000 -0.986416 0.164268
vn 0.096556 -0.986416 0.132895
vn 0.096556 -0.986416 0.132895
vn 0.096556 -0.986416 0.132895
vn 0.156231 -0.986415 0.050763
vn 0.156231 -0.986415 0.050763
vn 0.156231 -0.986415 0.050763
vn 0.156230 -0.986416 -0.050756
vn 0.156230 -0.986416 -0.050756
vn 0.156230 -0.986416 -0.050756
vn 0.096556 0.986415 -0.132902
vn 0.096556 0.986415 -0.132902
vn 0.096556 0.986415 -0.132902
vn 0.000000 0.986416 -0.164268
vn 0.000000 0.986416 -0.164268
vn 0.000000 0.986416 -0.164268
vn -0.096556 0.986416 -0.132895
vn -0.096556 0.986416 -0.132895
vn -0.096556 0.986416 -0.132895
vn -0.156230 0.986416 -0.050756
vn -0.156230 0.986416 -0.050756
vn -0.156230 0.986416 -0.050756
vn -0.156231 0.986415 0.050763
vn -0.156231 0.986415 0.050763
vn -0.156231 0.986415 0.050763
vn -0.096556 0.986416 0.132895
vn -0.096556 0.986416 0.132895
vn -0.096556 0.986416 0.132895
vn 0.000000 0.986416 0.164268
vn 0.000000 0.986416 0.164268
vn 0.000000 0.986416 0.164268
vn 0.096556 0.986416 0.132891
vn 0.096556 0.986416 0.132891
vn 0.096556 0.986416 0.132891
vn 0.156231 0.986415 0.050770
vn 0.156231 0.986415 0.050770
vn 0.156231 0.986415 0.050770
vn 0.156230 0.986415 -0.050763
vn 0.156230 0.986415 -0.050763
vn 0.156230 0.986415 -0.050763
vn 0.707102 -0.002469 -0.707107
vn 0.707102 -0.002469 -0.707107
vn 0.707102 -0.002469 -0.707107
vn 0.707102 -0.002469 -0.707107
vn 0.258817 -0.000904 -0.965926
vn 0.258817 -0.000904 -0.965926
vn 0.258817 -0.000904 -0.965926
vn 0.258817 -0.000904 -0.965926
vn -0.258817 0.000904 -0.965926
vn -0.258817 0.000904 -0.965926
vn -0.258817 0.000904 -0.965926
vn -0.258817 0.000904 -0.965926
vn -0.707102 0.002469 -0.707107
vn -0.707102 0.002469 -0.707107
vn -0.707102 0.002469 -0.707107
vn -0.707102 0.002469 -0.707107
vn -0.965920 0.003373 -0.258818
vn -0.965920 0.003373 -0.258818
vn -0.965920 0.003373 -0.258818
vn -0.965920 0.003373 -0.258818
vn -0.965920 0.003373 0.258818
vn -0.965920 0.003373 0.258818
vn -0.965920 0.003373 0.258818
vn -0.965920 0.003373 0.258818
vn -0.707102 0.002469 0.707107
vn -0.707102 0.002469 0.707107
vn -0.707102 0.002469 0.707107
vn -0.707102 0.002469 0.707107
vn -0.258817 0.000904 0.965926
vn -0.258817 0.000904 0.965926
vn -0.258817 0.000904 0.965926
vn -0.258817 0.000904 0.965926
vn 0.258817 -0.000904 0.965926
vn 0.258817 -0.000904 0.965926
vn 0.258817 -0.000904 0.965926
vn 0.258817 -0.000904 0.965926
vn 0.707102 -0.002469 0.707107
vn 0.707102 -0.002469 0.707107
vn 0.707102 -0.002469 0.707107
vn 0.707102 -0.002469 0.707107
vn 0.965920 -0.003373 0.258818
vn 0.965920 -0.003373 0.258818
vn 0.965920 -0.003373 0.258818
vn 0.965920 -0.003373 0.258818
vn 0.965920 -0.003373 -0.258818
vn 0.965920 -0.003373 -0.258818
vn 0.965920 -0.003373 -0.258818
vn 0.965920 -0.003373 -0.258818
vn -0.002144 -0.999998 0.000000
vn -0.002144 -0.999998 -0.000000
vn -0.002144 -0.999998 -0.000000
vn -0.002144 -0.999998 0.000000
vn -0.002144 -0.999998 -0.000000
vn -0.002144 -0.999998 0.000000
vn -0.002144 -0.999998 0.000000
vn -0.002144 -0.999998 -0.000000
vn -0.002144 -0.999998 0.000000
vn -0.002144 -0.999998 0.000000
vn -0.002144 -0.999998 -0.000000
vn -0.002144 -0.999998 0.000000
vn -0.002144 -0.999998 0.000000
vn 0.002148 0.999998 0.000005
vn 0.002147 0.999998 0.000010
vn 0.002145 0.999998 -0.000000
vn 0.002144 0.999998 0.000000
vn 0.002144 0.999998 0.000000
vn 0.002144 0.999998 0.000000
vn 0.002144 0.999998 0.000000
vn 0.002144 0.999998 0.000000
vn 0.002144 0.999998 0.000000
vn 0.002144 0.999998 0.000000
vn 0.002147 0.999998 -0.000010
vn 0.002148 0.999998 -0.000005
vn 0.002147 0.999998 0.000000
vn -0.951057 -0.309017 0.000000
vn -0.951057 -0.309017 0.000000
vn -0.951057 -0.309017 0.000000
vn -0.951057 -0.309017 0.000000
vn -0.587785 -0.809017 0.000000
vn -0.587785 -0.809017 0.000000
vn -0.587785 -0.809017 0.000000
vn -0.587785 -0.809017 0.000000
vn 0.000000 -1.000000 0.000000
vn 0.000000 -1.000000 0.000000
vn 0.000000 -1.000000 0.000000
vn 0.000000 -1.000000 0.000000
vn 0.587785 -0.809017 0.000000
vn 0.587785 -0.809017 0.000000
vn 0.587785 -0.809017 0.000000
vn 0.587785 -0.809017 0.000000
vn 0.951057 -0.309017 0.000000
vn 0.951057 -0.309017 0.000000
vn 0.951057 -0.309017 0.000000
vn 0.951057 -0.309017 0.000000
vn 0.951057 0.309017 0.000000
vn 0.951057 0.309017 0.000000
vn 0.951057 0.309017 0.000000
vn 0.951057 0.309017 0.000000
vn 0.587785 0.809017 0.000000
vn 0.587785 0.809017 0.000000
vn 0.587785 0.809017 0.000000
vn 0.587785 0.809017 0.000000
vn 0.000000 1.000000 0.000000
vn 0.000000 1.000000 0.000000
vn 0.000000 1.000000 0.000000
vn 0.000000 1.000000 0.000000
vn -0.587785 0.809017 0.000000
vn -0.587785 0.809017 0.000000
vn -0.587785 0.809017 0.000000
vn -0.587785 0.809017 0.000000
vn -0.951057 0.309017 0.000000
vn -0.951057 0.309017 0.000000
vn -0.951057 0.309017 0.000000
vn -0.951057 0.309017 0.000000
vn 0.000001 0.000000 1.000000
vn 0.000000 0.000000 1.000000
vn 0.000000 0.000000 1.000000
vn 0.000001 0.000000 1.000000
vn 0.000001 0.000000 1.000000
vn 0.000001 0.000000 1.000000
vn -0.000001 0.000000 1.000000
vn -0.000001 0.000000 1.000000
vn -0.000001 0.000000 1.000000
vn -0.000001 0.000000 1.000000
vn -0.000000 0.000000 1.000000
vn -0.000000 0.000000 1.000000
vn -0.000001 0.000000 1.000000
vn -0.000001 0.000000 1.000000
vn -0.000001 0.000000 1.000000
vn -0.000001 0.000000 1.000000
vn 0.000001 0.000000 1.000000
vn 0.000001 0.000000 1.000000
vn 0.000001 0.000000 1.000000
vn 0.000001 0.000000 1.000000
vn 0.951057 0.309017 0.000000
vn 0.951057 0.309017 0.000000
vn 0.951057 0.309017 0.000000
vn 0.951057 0.309017 0.000000
vn 0.587785 0.809017 0.000000
vn 0.587785 0.809017 0.000000
vn 0.587785 0.809017 0.000000
vn 0.587785 0.809017 0.000000
vn 0.000000 1.000000 0.000000
vn 0.000000 1.000000 0.000000
vn 0.000000 1.000000 0.000000
vn 0.000000 1.000000 0.000000
vn -0.587785 0.809017 0.000000
vn -0.587785 0.809017 0.000000
vn -0.587785 0.809017 0.000000
vn -0.587785 0.809017 0.000000
vn -0.951057 0.309017 0.000000
vn -0.951057 0.309017 0.000000
vn -0.951057 0.309017 0.000000
vn -0.951057 0.309017 0.000000
vn -0.951057 -0.309017 0.000000
vn -0.951057 -0.309017 0.000000
vn -0.951057 -0.309017 0.000000
vn -0.951057 -0.309017 0.000000
vn -0.587785 -0.809017 0.000000
vn -0.587785 -0.809017 0.000000
vn -0.587785 -0.809017 0.000000
vn -0.587785 -0.809017 0.000000
vn -0.000000 -1.000000 0.000000
vn -0.000000 -1.000000 0.000000
vn -0.000000 -1.000000 0.000000
vn -0.000000 -1.000000 0.000000
vn 0.587785 -0.809017 0.000000
vn 0.587785 -0.809017 0.000000
vn 0.587785 -0.809017 0.000000
vn 0.587785 -0.809017 0.000000
vn 0.951057 -0.309017 0.000000
vn 0.951057 -0.309017 0.000000
vn 0.951057 -0.309017 0.000000
vn 0.951057 -0.309017 0.000000
vn 0.000000 0.000000 -1.000000
vn 0.000000 0.000000 -1.000000
vn 0.000000 0.000000 -1.000000
vn 0.000000 0.000000 -1.000000
vn 0.000000 0.000000 -1.000000
vn 0.000000 0.000000 -1.000000
vn 0.000001 0.000000 -1.000000
vn 0.000001 0.000000 -1.000000
vn 0.000000 0.000000 -1.000000
vn 0.000000 0.000000 -1.000000
vn 0.000000 0.000000 -1.000000
vn 0.000000 0.000000 -1.000000
vn 0.000001 0.000000 -1.000000
vn 0.000001 0.000000 -1.000000
vn -0.000001 0.000000 -1.000000
vn -0.000001 0.000000 -1.000000
vn -0.000001 0.000000 -1.000000
vn -0.000001 0.000000 -1.000000
vn 0.000000 0.000000 -1.000000
vn 0.000000 0.000000 -1.000000
vn 0.707107 0.707107 0.000000
vn 0.707107 0.707107 0.000000
vn 0.707107 0.707107 0.000000
vn 0.707107 0.707107 0.000000
vn 0.258819 0.965926 0.000000
vn 0.258819 0.965926 0.000000
vn 0.258819 0.965926 0.000000
vn 0.258819 0.965926 0.000000
vn -0.258819 0.965926 0.000000
vn -0.258819 0.965926 0.000000
vn -0.258819 0.965926 0.000000
vn -0.258819 0.965926 0.000000
vn -0.707107 0.707107 0.000000
vn -0.707107 0.707107 0.000000
vn -0.707107 0.707107 0.000000
vn -0.707107 0.707107 0.000000
vn -0.965926 0.258819 0.000000
vn -0.965926 0.258819 0.000000
vn -0.965926 0.258819 0.000000
vn -0.965926 0.258819 0.000000
vn -0.965926 -0.258819 0.000000
vn -0.965926 -0.258819 0.000000
vn -0.965926 -0.258819 0.000000
vn -0.965926 -0.258819 0.000000
vn -0.707107 -0.707107 0.000000
vn -0.707107 -0.707107 0.000000
vn -0.707107 -0.707107 0.000000
vn -0.707107 -0.707107 0.000000
vn -0.258819 -0.965926 0.000000
vn -0.258819 -0.965926 0.000000
vn -0.258819 -0.965926 0.000000
vn -0.258819 -0.965926 0.000000
vn 0.258819 -0.965926 0.000000
vn 0.258819 -0.965926 0.000000
vn 0.258819 -0.965926 0.000000
vn 0.258819 -0.965926 0.000000
vn 0.707107 -0.707107 0.000000
vn 0.707107 -0.707107 0.000000
vn 0.707107 -0.707107 0.000000
vn 0.707107 -0.707107 0.000000
vn 0.965926 -0.258819 0.000000
vn 0.965926 -0.258819 0.000000
vn 0.965926 -0.258819 0.000000
vn 0.965926 -0.258819 0.000000
vn 0.965926 0.258819 0.000000
vn 0.965926 0.258819 0.000000
vn 0.965926 0.258819 0.000000
vn 0.965926 0.258819 0.000000
vn 0.000000 0.000000 -1.000000
vn 0.000000 0.000000 -1.000000
vn 0.000000 0.000000 -1.000000
vn 0.000000 0.000000 -1.000000
vn -0.000001 0.000000 -1.000000
vn -0.000001 0.000000 -1.000000
vn 0.000000 0.000000 -1.000000
vn 0.000000 0.000000 -1.000000
vn 0.000000 0.000000 -1.000000
vn 0.000000 0.000000 -1.000000
vn 0.000001 0.000000 -1.000000
vn 0.000001 0.000000 -1.000000
vn 0.000000 0.000000 -1.000000
vn -0.000001 0.000000 1.000000
vn 0.000001 0.000000 1.000000
vn 0.000000 0.000000 1.000000
vn 0.000000 0.000000 1.000000
vn -0.000002 0.000000 1.000000
vn 0.000000 0.000000 1.000000
vn 0.000000 0.000000 1.000000
vn 0.000001 0.000000 1.000000
vn -0.000001 0.000000 1.000000
vn 0.000000 0.000000 1.000000
vn 0.000002 0.000000 1.000000
vn 0.000000 0.000000 1.000000
vn 0.000000 0.000000 1.000000
s off
g manette
usemtl lambert5SG
f 1696/2480/2527 1697/2481/2528 1707/2482/2529 1706/2483/2530
f 1697/2481/2531 1698/2485/2532 1708/2486/2533 1707/2482/2534
f 1698/2485/2535 1699/2491/2536 1709/2492/2537 1708/2486/2538
f 1699/2491/2539 1700/2496/2540 1710/2497/2541 1709/2492/2542
f 1700/2496/2543 1701/2501/2544 1711/2502/2545 1710/2497/2546
f 1701/2501/2547 1702/2505/2548 1712/2506/2549 1711/2502/2550
f 1702/2505/2551 1703/2499/2552 1713/2500/2553 1712/2506/2554
f 1703/2499/2555 1704/2494/2556 1714/2495/2557 1713/2500/2558
f 1704/2494/2559 1705/2489/2560 1715/2490/2561 1714/2495/2562
f 1705/2489/2563 1696/2480/2564 1706/2483/2565 1715/2490/2566
f 1706/2483/2567 1707/2482/2568 1717/2487/2569 1716/2488/2570
f 1707/2482/2571 1708/2486/2572 1718/2493/2573 1717/2487/2574
f 1708/2486/2575 1709/2492/2576 1719/2498/2577 1718/2493/2578
f 1709/2422/2579 1710/2423/2580 1720/2419/2581 1719/2418/2582
f 1710/2423/2583 1711/2430/2584 1721/2424/2585 1720/2419/2586
f 1711/2502/2587 1712/2506/2588 1722/2507/2589 1721/2508/2590
f 1712/2506/2591 1713/2500/2592 1723/2504/2593 1722/2507/2594
f 1713/2500/2595 1714/2495/2596 1724/2503/2597 1723/2504/2598
f 1714/2453/2599 1715/2454/2600 1725/2450/2601 1724/2449/2602
f 1715/2454/2603 1706/2461/2604 1716/2455/2605 1725/2450/2606
f 1716/2455/2607 1717/2462/2608 1727/2463/2609 1726/2456/2610
f 1717/2538/2611 1718/2539/2612 1728/2540/2613 1727/2541/2614
f 1718/2428/2615 1719/2418/2616 1729/2421/2617 1728/2429/2618
f 1719/2418/2619 1720/2419/2620 1730/2420/2621 1729/2421/2622
f 1720/2419/2623 1721/2424/2624 1731/2425/2625 1730/2420/2626
f 1721/2424/2627 1722/2431/2628 1732/2432/2629 1731/2425/2630
f 1722/2548/2631 1723/2549/2632 1733/2550/2633 1732/2551/2634
f 1723/2459/2635 1724/2449/2636 1734/2452/2637 1733/2460/2638
f 1724/2449/2639 1725/2450/2640 1735/2451/2641 1734/2452/2642
f 1725/2450/2643 1716/2455/2644 1726/2456/2645 1735/2451/2646
f 1726/2456/2647 1727/2463/2648 1737/2468/2649 1736/2464/2650
f 1727/2541/2651 1728/2540/2652 1738/2542/2653 1737/2543/2654
f 1728/2429/2655 1729/2421/2656 1739/2427/2657 1738/2436/2658
f 1729/2421/2659 1730/2420/2660 1740/2426/2661 1739/2427/2662
f 1730/2420/2663 1731/2425/2664 1741/2433/2665 1740/2426/2666
f 1731/2425/2667 1732/2432/2668 1742/2437/2669 1741/2433/2670
f 1732/2551/2671 1733/2550/2672 1743/2552/2673 1742/2553/2674
f 1733/2460/2675 1734/2452/2676 1744/2458/2677 1743/2467/2678
f 1734/2452/2679 1735/2451/2680 1745/2457/2681 1744/2458/2682
f 1735/2451/2683 1726/2456/2684 1736/2464/2685 1745/2457/2686
f 1736/2464/2687 1737/2468/2688 1747/2473/2689 1746/2469/2690
f 1737/2543/2691 1738/2542/2692 1748/2544/2693 1747/2545/2694
f 1738/2436/2695 1739/2427/2696 1749/2435/2697 1748/2441/2698
f 1739/2427/2699 1740/2426/2700 1750/2434/2701 1749/2435/2702
f 1740/2426/2703 1741/2433/2704 1751/2438/2705 1750/2434/2706
f 1741/2433/2707 1742/2437/2708 1752/2442/2709 1751/2438/2710
f 1742/2553/2711 1743/2552/2712 1753/2554/2713 1752/2555/2714
f 1743/2467/2715 1744/2458/2716 1754/2466/2717 1753/2472/2718
f 1744/2458/2719 1745/2457/2720 1755/2465/2721 1754/2466/2722
f 1745/2457/2723 1736/2464/2724 1746/2469/2725 1755/2465/2726
f 1746/2469/2727 1747/2473/2728 1757/2478/2729 1756/2474/2730
f 1747/2545/2731 1748/2544/2732 1758/2546/2733 1757/2547/2734
f 1748/2441/2735 1749/2435/2736 1759/2440/2737 1758/2446/2738
f 1749/2435/2739 1750/2434/2740 1760/2439/2741 1759/2440/2742
f 1750/2434/2743 1751/2438/2744 1761/2443/2745 1760/2439/2746
f 1751/2438/2747 1752/2442/2748 1762/2447/2749 1761/2443/2750
f 1752/2555/2751 1753/2554/2752 1763/2556/2753 1762/2557/2754
f 1753/2472/2755 1754/2466/2756 1764/2471/2757 1763/2477/2758
f 1754/2466/2759 1755/2465/2760 1765/2470/2761 1764/2471/2762
f 1755/2465/2763 1746/2469/2764 1756/2474/2765 1765/2470/2766
f 1756/2513/2767 1757/2514/2768 1767/2510/2769 1766/2509/2770
f 1757/2514/2771 1758/2520/2772 1768/2515/2773 1767/2510/2774
f 1758/2520/2775 1759/2525/2776 1769/2521/2777 1768/2515/2778
f 1759/2440/2779 1760/2439/2780 1770/2444/2781 1769/2445/2782
f 1760/2439/2783 1761/2443/2784 1771/2448/2785 1770/2444/2786
f 1761/2537/2787 1762/2536/2788 1772/2534/2789 1771/2530/2790
f 1762/2536/2791 1763/2532/2792 1773/2528/2793 1772/2534/2794
f 1763/2532/2795 1764/2533/2796 1774/2523/2797 1773/2528/2798
f 1764/2471/2799 1765/2470/2800 1775/2475/2801 1774/2476/2802
f 1765/2470/2803 1756/2474/2804 1766/2479/2805 1775/2475/2806
f 1766/2509/2807 1767/2510/2808 1777/2511/2809 1776/2512/2810
f 1767/2510/2811 1768/2515/2812 1778/2516/2813 1777/2511/2814
f 1768/2515/2815 1769/2521/2816 1779/2522/2817 1778/2516/2818
f 1769/2521/2819 1770/2526/2820 1780/2527/2821 1779/2522/2822
f 1770/2526/2823 1771/2530/2824 1781/2531/2825 1780/2527/2826
f 1771/2530/2827 1772/2534/2828 1782/2535/2829 1781/2531/2830
f 1772/2534/2831 1773/2528/2832 1783/2529/2833 1782/2535/2834
f 1773/2528/2835 1774/2523/2836 1784/2524/2837 1783/2529/2838
f 1774/2523/2839 1775/2518/2840 1785/2519/2841 1784/2524/2842
f 1775/2518/2843 1766/2509/2844 1776/2512/2845 1785/2519/2846
f 1697/2481/2847 1696/2480/2848 1786/2484/2849
f 1698/2485/2850 1697/2481/2851 1786/2484/2852
f 1699/2491/2853 1698/2485/2854 1786/2484/2855
f 1700/2496/2856 1699/2491/2857 1786/2484/2858
f 1701/2501/2859 1700/2496/2860 1786/2484/2861
f 1702/2505/2862 1701/2501/2863 1786/2484/2864
f 1703/2499/2865 1702/2505/2866 1786/2484/2867
f 1704/2494/2868 1703/2499/2869 1786/2484/2870
f 1705/2489/2871 1704/2494/2872 1786/2484/2873
f 1696/2480/2874 1705/2489/2875 1786/2484/2876
f 1776/2512/2877 1777/2511/2878 1787/2517/2879
f 1777/2511/2880 1778/2516/2881 1787/2517/2882
f 1778/2516/2883 1779/2522/2884 1787/2517/2885
f 1779/2522/2886 1780/2527/2887 1787/2517/2888
f 1780/2527/2889 1781/2531/2890 1787/2517/2891
f 1781/2531/2892 1782/2535/2893 1787/2517/2894
f 1782/2535/2895 1783/2529/2896 1787/2517/2897
f 1783/2529/2898 1784/2524/2899 1787/2517/2900
f 1784/2524/2901 1785/2519/2902 1787/2517/2903
f 1785/2519/2904 1776/2512/2905 1787/2517/2906
f 1788/2558/2907 1789/2559/2908 1801/2560/2909 1800/2561/2910
f 1789/2562/2911 1790/2563/2912 1802/2564/2913 1801/2565/2914
f 1790/2563/2915 1791/2566/2916 1803/2567/2917 1802/2564/2918
f 1791/2568/2919 1792/2569/2920 1804/2570/2921 1803/2571/2922
f 1792/2569/2923 1793/2572/2924 1805/2573/2925 1804/2570/2926
f 1793/2572/2927 1794/2574/2928 1806/2575/2929 1805/2573/2930
f 1794/2574/2931 1795/2576/2932 1807/2577/2933 1806/2575/2934
f 1795/2578/2935 1796/2579/2936 1808/2580/2937 1807/2581/2938
f 1796/2579/2939 1797/2582/2940 1809/2583/2941 1808/2580/2942
f 1797/2584/2943 1798/2585/2944 1810/2586/2945 1809/2587/2946
f 1798/2585/2947 1799/2588/2948 1811/2589/2949 1810/2586/2950
f 1799/2588/2951 1788/2558/2952 1800/2561/2953 1811/2589/2954
s 1
f 1789/2590/2955 1788/2591/2956 1812/2592/2957
f 1790/2593/2958 1789/2590/2955 1812/2592/2957
f 1791/2594/2959 1790/2593/2958 1812/2592/2957
f 1792/2595/2960 1791/2594/2959 1812/2592/2957
f 1793/2596/2961 1792/2595/2960 1812/2592/2957
f 1794/2597/2962 1793/2596/2961 1812/2592/2957
f 1795/2598/2963 1794/2597/2962 1812/2592/2957
f 1796/2599/2964 1795/2598/2963 1812/2592/2957
f 1797/2600/2965 1796/2599/2964 1812/2592/2957
f 1798/2601/2966 1797/2600/2965 1812/2592/2957
f 1799/2602/2967 1798/2601/2966 1812/2592/2957
f 1788/2591/2956 1799/2602/2967 1812/2592/2957
s 2
f 1800/2603/2968 1801/2604/2969 1813/2605/2970
f 1801/2604/2969 1802/2606/2971 1813/2605/2970
f 1802/2606/2971 1803/2607/2972 1813/2605/2970
f 1803/2607/2972 1804/2608/2973 1813/2605/2970
f 1804/2608/2973 1805/2609/2974 1813/2605/2970
f 1805/2609/2974 1806/2610/2975 1813/2605/2970
f 1806/2610/2975 1807/2611/2976 1813/2605/2970
f 1807/2611/2976 1808/2612/2977 1813/2605/2970
f 1808/2612/2977 1809/2613/2978 1813/2605/2970
f 1809/2613/2978 1810/2614/2979 1813/2605/2970
f 1810/2614/2979 1811/2615/2980 1813/2605/2970
f 1811/2615/2980 1800/2603/2968 1813/2605/2970
s off
f 1815/2616/2981 1814/2617/2982 1824/2618/2983 1825/2619/2984
f 1816/2620/2985 1815/2616/2986 1825/2619/2987 1826/2621/2988
f 1817/2622/2989 1816/2623/2990 1826/2624/2991 1827/2625/2992
f 1818/2626/2993 1817/2627/2994 1827/2628/2995 1828/2629/2996
f 1819/2630/2997 1818/2626/2998 1828/2629/2999 1829/2631/3000
f 1820/2632/3001 1819/2630/3002 1829/2631/3003 1830/2633/3004
f 1821/2634/3005 1820/2632/3006 1830/2633/3007 1831/2635/3008
f 1822/2636/3009 1821/2637/3010 1831/2638/3011 1832/2639/3012
f 1823/2640/3013 1822/2641/3014 1832/2642/3015 1833/2643/3016
f 1814/2617/3017 1823/2640/3018 1833/2643/3019 1824/2618/3020
s 3
f 1825/2644/3021 1824/2645/3022 1834/2646/3023 1835/2647/3024
f 1826/2648/3025 1825/2644/3021 1835/2647/3024 1836/2649/3026
f 1827/2650/3027 1826/2648/3025 1836/2649/3026 1837/2651/3028
f 1828/2652/3029 1827/2650/3027 1837/2651/3028 1838/2653/3030
f 1829/2654/3031 1828/2652/3029 1838/2653/3030 1839/2655/3032
f 1830/2656/3033 1829/2654/3031 1839/2655/3032 1840/2657/3034
f 1831/2658/3035 1830/2656/3033 1840/2657/3034 1841/2659/3036
f 1832/2660/3037 1831/2658/3035 1841/2659/3036 1842/2661/3038
f 1833/2662/3039 1832/2660/3037 1842/2661/3038 1843/2663/3040
f 1824/2645/3022 1833/2662/3039 1843/2663/3040 1834/2646/3023
s off
f 1835/2664/3041 1834/2665/3042 1844/2666/3043 1845/2667/3044
f 1836/2668/3045 1835/2664/3046 1845/2667/3047 1846/2669/3048
f 1837/2670/3049 1836/2671/3050 1846/2672/3051 1847/2673/3052
f 1838/2674/3053 1837/2675/3054 1847/2676/3055 1848/2677/3056
f 1839/2678/3057 1838/2674/3058 1848/2677/3059 1849/2679/3060
f 1840/2680/3061 1839/2678/3062 1849/2679/3063 1850/2681/3064
f 1841/2682/3065 1840/2680/3066 1850/2681/3067 1851/2683/3068
f 1842/2684/3069 1841/2685/3070 1851/2686/3071 1852/2687/3072
f 1843/2688/3073 1842/2689/3074 1852/2690/3075 1853/2691/3076
f 1834/2665/3077 1843/2688/3078 1853/2691/3079 1844/2666/3080
s 4
f 1845/2692/3081 1844/2693/3082 1814/2694/3083 1815/2695/3084
f 1846/2696/3085 1845/2692/3081 1815/2695/3084 1816/2697/3086
f 1847/2698/3087 1846/2696/3085 1816/2697/3086 1817/2699/3088
f 1848/2700/3089 1847/2698/3087 1817/2699/3088 1818/2701/3090
f 1849/2702/3091 1848/2700/3089 1818/2701/3090 1819/2703/3092
f 1850/2704/3093 1849/2702/3091 1819/2703/3092 1820/2705/3094
f 1851/2706/3095 1850/2704/3093 1820/2705/3094 1821/2707/3096
f 1852/2708/3097 1851/2706/3095 1821/2707/3096 1822/2709/3098
f 1853/2710/3099 1852/2708/3097 1822/2709/3098 1823/2711/3100
f 1844/2693/3082 1853/2710/3099 1823/2711/3100 1814/2694/3083
s off
f 1854/2712/3101 1855/2713/3102 1867/2714/3103 1866/2715/3104
f 1855/2716/3105 1856/2717/3106 1868/2718/3107 1867/2719/3108
f 1856/2717/3109 1857/2720/3110 1869/2721/3111 1868/2718/3112
f 1857/2722/3113 1858/2723/3114 1870/2724/3115 1869/2725/3116
f 1858/2723/3117 1859/2726/3118 1871/2727/3119 1870/2724/3120
f 1859/2726/3121 1860/2728/3122 1872/2729/3123 1871/2727/3124
f 1860/2728/3125 1861/2730/3126 1873/2731/3127 1872/2729/3128
f 1861/2732/3129 1862/2733/3130 1874/2734/3131 1873/2735/3132
f 1862/2733/3133 1863/2736/3134 1875/2737/3135 1874/2734/3136
f 1863/2738/3137 1864/2739/3138 1876/2740/3139 1875/2741/3140
f 1864/2739/3141 1865/2742/3142 1877/2743/3143 1876/2740/3144
f 1865/2742/3145 1854/2712/3146 1866/2715/3147 1877/2743/3148
s 5
f 1855/2744/3149 1854/2745/3150 1878/2746/3151
f 1856/2747/3152 1855/2744/3149 1878/2746/3151
f 1857/2748/3153 1856/2747/3152 1878/2746/3151
f 1858/2749/3154 1857/2748/3153 1878/2746/3151
f 1859/2750/3155 1858/2749/3154 1878/2746/3151
f 1860/2751/3156 1859/2750/3155 1878/2746/3151
f 1861/2752/3157 1860/2751/3156 1878/2746/3151
f 1862/2753/3158 1861/2752/3157 1878/2746/3151
f 1863/2754/3159 1862/2753/3158 1878/2746/3151
f 1864/2755/3160 1863/2754/3159 1878/2746/3151
f 1865/2756/3161 1864/2755/3160 1878/2746/3151
f 1854/2745/3150 1865/2756/3161 1878/2746/3151
s 6
f 1866/2757/3162 1867/2758/3163 1879/2759/3164
f 1867/2758/3163 1868/2760/3165 1879/2759/3164
f 1868/2760/3165 1869/2761/3166 1879/2759/3164
f 1869/2761/3166 1870/2762/3167 1879/2759/3164
f 1870/2762/3167 1871/2763/3168 1879/2759/3164
f 1871/2763/3168 1872/2764/3169 1879/2759/3164
f 1872/2764/3169 1873/2765/3170 1879/2759/3164
f 1873/2765/3170 1874/2766/3171 1879/2759/3164
f 1874/2766/3171 1875/2767/3172 1879/2759/3164
f 1875/2767/3172 1876/2768/3173 1879/2759/3164
f 1876/2768/3173 1877/2769/3174 1879/2759/3164
f 1877/2769/3174 1866/2757/3162 1879/2759/3164
g default
v -1.026397 2.689243 -1.455067
v -1.026397 2.689243 1.455067
v 1.578947 3.202273 -1.251905
v 1.521877 3.183730 -1.395562
v 1.384098 3.138963 -1.455067
v 1.343132 3.665085 -1.251905
v 1.294586 3.629814 -1.395562
v 1.177384 3.544662 -1.455067
v 0.975843 4.032375 -1.251905
v 0.940572 3.983828 -1.395562
v 0.855420 3.866627 -1.455067
v 0.513031 4.268189 -1.251905
v 0.497338 4.209666 -1.395562
v 0.459453 4.068381 -1.455067
v -1.026397 4.146810 -1.455067
v -1.026397 4.349445 -1.251905
v -1.026397 4.290095 -1.395562
v -1.026397 1.231676 -1.455067
v -1.026397 1.088391 -1.395562
v -1.026397 1.029041 -1.251905
v 0.513031 1.110297 -1.251905
v 0.497338 1.168819 -1.395562
v 0.459452 1.310104 -1.455067
v 0.975842 1.346111 -1.251905
v 0.940571 1.394658 -1.395562
v 0.855419 1.511859 -1.455067
v 1.343132 1.713400 -1.251905
v 1.294585 1.748671 -1.395562
v 1.177383 1.833823 -1.455067
v 1.578946 2.176212 -1.251905
v 1.521876 2.194755 -1.395562
v 1.384097 2.239522 -1.455067
v 1.660202 2.689243 -1.251905
v 1.600195 2.689243 -1.395562
v 1.455326 2.689243 -1.455067
v 1.578947 3.202273 1.251905
v 1.521877 3.183730 1.395562
v 1.384098 3.138963 1.455067
v 1.343132 3.665085 1.251905
v 1.294586 3.629814 1.395562
v 1.177384 3.544662 1.455067
v 0.975843 4.032375 1.251905
v 0.940572 3.983828 1.395562
v 0.855420 3.866627 1.455067
v 0.513031 4.268189 1.251905
v 0.497338 4.209666 1.395562
v 0.459453 4.068381 1.455067
v -1.026397 4.146810 1.455067
v -1.026397 4.290095 1.395562
v -1.026397 4.349445 1.251905
v -1.026397 1.231676 1.455067
v -1.026397 1.029041 1.251905
v -1.026397 1.088391 1.395562
v 0.513031 1.110297 1.251905
v 0.497338 1.168819 1.395562
v 0.459452 1.310104 1.455067
v 0.975842 1.346111 1.251905
v 0.940571 1.394658 1.395562
v 0.855419 1.511859 1.455067
v 1.343132 1.713400 1.251905
v 1.294585 1.748671 1.395562
v 1.177383 1.833823 1.455067
v 1.578946 2.176212 1.251905
v 1.521876 2.194755 1.395562
v 1.384097 2.239522 1.455067
v 1.660202 2.689243 1.251905
v 1.600195 2.689243 1.395562
v 1.455326 2.689243 1.455067
vt 0.645342 0.021345
vt 0.705610 0.021345
vt 0.705610 0.393362
vt 0.645342 0.393362
vt 0.642927 0.000000
vt 0.701017 0.000000
vt 0.753439 0.021345
vt 0.753439 0.393362
vt 0.642927 0.414706
vt 0.701017 0.414706
vt 0.578534 0.021345
vt 0.578534 0.393362
vt 0.578534 0.000000
vt 0.747117 0.000000
vt 0.747117 0.414706
vt 0.578534 0.414706
vt 0.511727 0.021345
vt 0.511727 0.393362
vt 0.514141 0.000000
vt 0.514141 0.414706
vt 0.451458 0.021345
vt 0.451458 0.393362
vt 0.456051 0.000000
vt 0.456051 0.414706
vt 0.403629 0.021345
vt 0.403629 0.393362
vt 0.409951 0.000000
vt 0.409951 0.414706
vt 0.399780 0.024397
vt 0.399780 0.199890
vt 0.399780 0.375383
vt 0.391605 0.392634
vt 0.371871 0.399780
vt 0.027909 0.399780
vt 0.008174 0.392634
vt 0.000000 0.375383
vt 0.000000 0.199890
vt 0.000000 0.024397
vt 0.008174 0.007146
vt 0.027909 0.000000
vt 0.371871 0.000000
vt 0.391605 0.007146
vt 0.341163 0.825244
vt 0.341163 0.806712
vt 0.533334 0.796569
vt 0.538234 0.814842
vt 0.341163 0.618199
vt 0.584546 0.770475
vt 0.595559 0.785633
vt 0.626187 0.728834
vt 0.641345 0.739847
vt 0.652922 0.676363
vt 0.670742 0.682153
vt 0.662135 0.618199
vt 0.680871 0.618199
vt 0.652923 0.560035
vt 0.670742 0.554245
vt 0.626187 0.507564
vt 0.641346 0.496551
vt 0.584546 0.465923
vt 0.595559 0.450765
vt 0.533334 0.439829
vt 0.538234 0.421556
vt 0.341163 0.429685
vt 0.341163 0.411154
vt 0.192171 0.783925
vt 0.197071 0.802198
vt 0.000000 0.812600
vt 0.000000 0.794068
vt 0.243383 0.757831
vt 0.254396 0.772989
vt 0.000000 0.605555
vt 0.285024 0.716190
vt 0.300183 0.727203
vt 0.311760 0.663719
vt 0.329579 0.669509
vt 0.320972 0.605555
vt 0.339708 0.605555
vt 0.311760 0.547391
vt 0.329579 0.541601
vt 0.285024 0.494920
vt 0.300183 0.483907
vt 0.243383 0.453279
vt 0.254396 0.438121
vt 0.192171 0.427185
vt 0.197071 0.408912
vt 0.000000 0.417042
vt 0.000000 0.398510
vt 0.754402 0.020105
vt 0.754402 0.000000
vt 0.941306 0.000000
vt 0.943231 0.020105
vt 0.995673 0.000000
vt 1.000000 0.020105
vt 0.943231 0.370524
vt 0.754402 0.370524
vt 1.000000 0.370524
vt 0.754402 0.390630
vt 0.941306 0.390630
vt 0.995673 0.390630
vt 0.869229 0.414706
vt 0.871154 0.434812
vt 0.682326 0.434812
vt 0.682326 0.414706
vt 0.923597 0.414706
vt 0.927923 0.434812
vt 0.871154 0.785231
vt 0.682326 0.785231
vt 0.927923 0.785231
vt 0.869229 0.805336
vt 0.682326 0.805336
vt 0.923597 0.805336
vn 0.052697 -0.998367 -0.022032
vn 0.048726 -0.923132 -0.381384
vn 0.143069 -0.911017 -0.386755
vn 0.156307 -0.987473 -0.021576
vn 0.020240 -0.383453 -0.923339
vn 0.003828 -0.072529 -0.997359
vn 0.014038 -0.092132 -0.995648
vn 0.057060 -0.374480 -0.925478
vn 0.014038 0.092132 0.995648
vn 0.057061 0.374480 0.925478
vn 0.020240 0.383452 0.923339
vn 0.003828 0.072529 0.997359
vn 0.143069 0.911017 0.386755
vn 0.156307 0.987473 0.021576
vn 0.052697 0.998367 0.022032
vn 0.048726 0.923132 0.381384
vn 0.950836 0.308944 -0.021549
vn 0.808829 0.587649 -0.021549
vn 0.808829 0.587649 0.021549
vn 0.950836 0.308944 0.021549
vn 0.587659 0.808822 -0.021517
vn 0.587659 0.808822 0.021517
vn 0.156307 0.987473 -0.021576
vn 0.052697 0.998367 -0.022032
vn 0.156307 -0.987473 0.021576
vn 0.052697 -0.998367 0.022032
vn 0.587659 -0.808822 -0.021517
vn 0.587659 -0.808822 0.021517
vn 0.808829 -0.587649 -0.021549
vn 0.808829 -0.587649 0.021549
vn 0.950836 -0.308945 -0.021549
vn 0.950836 -0.308945 0.021549
vn 0.999768 -0.000001 -0.021549
vn 0.999768 -0.000001 0.021549
vn 0.045765 0.033250 -0.998399
vn 0.051257 0.016654 -0.998547
vn 0.000000 0.000000 -1.000000
vn 0.036138 0.049617 -0.998114
vn 0.014038 0.092132 -0.995648
vn 0.003828 0.072529 -0.997359
vn 0.036138 -0.049617 -0.998114
vn 0.045765 -0.033250 -0.998399
vn 0.051257 -0.016654 -0.998547
vn 0.053034 -0.000000 -0.998593
vn 0.051257 0.016654 0.998547
vn 0.045765 0.033250 0.998399
vn 0.000000 -0.000000 1.000000
vn 0.036138 0.049617 0.998114
vn 0.003828 -0.072529 0.997359
vn 0.014038 -0.092132 0.995648
vn 0.036138 -0.049617 0.998114
vn 0.045765 -0.033250 0.998399
vn 0.051257 -0.016654 0.998547
vn 0.053034 0.000000 0.998593
vn -1.000000 0.000000 0.000000
vn -1.000000 0.000000 0.000000
vn -1.000000 0.000000 0.000000
vn -1.000000 0.000000 0.000000
vn -1.000000 0.000000 0.000000
vn -1.000000 0.000000 0.000000
vn -1.000000 0.000000 0.000000
vn -1.000000 0.000000 0.000000
vn -1.000000 0.000000 0.000000
vn -1.000000 0.000000 0.000000
vn -1.000000 0.000000 0.000000
vn -1.000000 0.000000 0.000000
vn -1.000000 0.000000 0.000000
vn -1.000000 0.000000 0.000000
vn 0.877574 0.285140 -0.385434
vn 0.746508 0.542370 -0.385435
vn 0.361349 0.117409 -0.925009
vn 0.307382 0.223326 -0.925009
vn 0.542555 0.746373 -0.385437
vn 0.223688 0.307119 -0.925009
vn 0.143069 0.911017 -0.386755
vn 0.057061 0.374480 -0.925478
vn 0.048726 0.923132 -0.381384
vn 0.020240 0.383452 -0.923339
vn 0.542556 -0.746373 -0.385435
vn 0.223688 -0.307118 -0.925009
vn 0.746508 -0.542370 -0.385436
vn 0.307382 -0.223326 -0.925009
vn 0.877573 -0.285141 -0.385435
vn 0.361349 -0.117409 -0.925009
vn 0.922735 -0.000001 -0.385434
vn 0.379945 -0.000000 -0.925009
vn 0.877574 0.285140 0.385434
vn 0.922735 -0.000001 0.385434
vn 0.361349 0.117409 0.925009
vn 0.379945 -0.000001 0.925009
vn 0.307382 0.223326 0.925009
vn 0.746508 0.542370 0.385435
vn 0.223688 0.307119 0.925009
vn 0.542555 0.746373 0.385437
vn 0.020240 -0.383453 0.923339
vn 0.057060 -0.374480 0.925478
vn 0.048726 -0.923132 0.381384
vn 0.143069 -0.911017 0.386754
vn 0.223688 -0.307119 0.925009
vn 0.542556 -0.746373 0.385435
vn 0.307382 -0.223326 0.925009
vn 0.746508 -0.542370 0.385436
vn 0.361349 -0.117409 0.925009
vn 0.877573 -0.285141 0.385435
s 1
g vitre
usemtl lambert3SG
f 1899/2858/3175 1898/2859/3176 1901/2860/3177 1900/2861/3178
s 2
f 1898/2812/3179 1897/2813/3180 1902/2814/3181 1901/2815/3182
s 3
f 1926/2835/3183 1925/2836/3184 1928/2837/3185 1927/2838/3186
s 1
f 1925/2870/3187 1924/2871/3188 1929/2872/3189 1928/2873/3190
f 1882/2770/3191 1885/2771/3192 1918/2772/3193 1915/2773/3194
f 1885/2771/3192 1888/2776/3195 1921/2777/3196 1918/2772/3193
f 1888/2878/3195 1891/2876/3197 1924/2871/3188 1921/2875/3196
f 1891/2876/3197 1895/2877/3198 1929/2872/3189 1924/2871/3188
f 1899/2858/3175 1900/2861/3178 1933/2864/3199 1931/2865/3200
f 1900/2861/3178 1903/2863/3201 1936/2866/3202 1933/2864/3199
f 1903/2794/3201 1906/2790/3203 1939/2791/3204 1936/2795/3202
f 1906/2790/3203 1909/2786/3205 1942/2787/3206 1939/2791/3204
f 1909/2786/3205 1912/2780/3207 1945/2781/3208 1942/2787/3206
f 1912/2780/3207 1882/2770/3191 1915/2773/3194 1945/2781/3208
s 2
f 1887/2827/3209 1884/2825/3210 1880/2816/3211
f 1890/2829/3212 1887/2827/3209 1880/2816/3211
f 1893/2831/3213 1890/2829/3212 1880/2816/3211
f 1894/2833/3214 1893/2831/3213 1880/2816/3211
f 1902/2814/3181 1897/2813/3180 1880/2816/3211
f 1905/2817/3215 1902/2814/3181 1880/2816/3211
f 1908/2819/3216 1905/2817/3215 1880/2816/3211
f 1911/2821/3217 1908/2819/3216 1880/2816/3211
f 1914/2823/3218 1911/2821/3217 1880/2816/3211
f 1884/2825/3210 1914/2823/3218 1880/2816/3211
s 3
f 1917/2844/3219 1920/2842/3220 1881/2841/3221
f 1920/2842/3220 1923/2839/3222 1881/2841/3221
f 1923/2839/3222 1926/2835/3183 1881/2841/3221
f 1926/2835/3183 1927/2838/3186 1881/2841/3221
f 1930/2856/3223 1935/2854/3224 1881/2841/3221
f 1935/2854/3224 1938/2852/3225 1881/2841/3221
f 1938/2852/3225 1941/2850/3226 1881/2841/3221
f 1941/2850/3226 1944/2848/3227 1881/2841/3221
f 1944/2848/3227 1947/2846/3228 1881/2841/3221
f 1947/2846/3228 1917/2844/3219 1881/2841/3221
s off
f 1930/2798/3229 1881/2799/3230 1927/2800/3231 1928/2801/3232 1929/2802/3233 1895/2803/3234 1896/2804/3235 1894/2805/3236 1880/2806/3237 1897/2807/3238 1898/2808/3239 1899/2809/3240 1931/2810/3241 1932/2811/3242
s 1
f 1882/2770/3191 1883/2774/3243 1886/2775/3244 1885/2771/3192
s 2
f 1883/2826/3245 1884/2825/3210 1887/2827/3209 1886/2828/3246
s 1
f 1885/2771/3192 1886/2775/3244 1889/2783/3247 1888/2776/3195
s 2
f 1886/2828/3246 1887/2827/3209 1890/2829/3212 1889/2830/3248
s 1
f 1888/2878/3195 1889/2881/3247 1892/2879/3249 1891/2876/3197
s 2
f 1889/2830/3248 1890/2829/3212 1893/2831/3213 1892/2832/3250
s 1
f 1891/2876/3197 1892/2879/3249 1896/2880/3251 1895/2877/3198
s 2
f 1892/2832/3250 1893/2831/3213 1894/2833/3214 1896/2834/3252
s 1
f 1900/2861/3178 1901/2860/3177 1904/2862/3253 1903/2863/3201
s 2
f 1901/2815/3182 1902/2814/3181 1905/2817/3215 1904/2818/3254
s 1
f 1903/2794/3201 1904/2796/3253 1907/2792/3255 1906/2790/3203
s 2
f 1904/2818/3254 1905/2817/3215 1908/2819/3216 1907/2820/3256
s 1
f 1906/2790/3203 1907/2792/3255 1910/2788/3257 1909/2786/3205
s 2
f 1907/2820/3256 1908/2819/3216 1911/2821/3217 1910/2822/3258
s 1
f 1909/2786/3205 1910/2788/3257 1913/2782/3259 1912/2780/3207
s 2
f 1910/2822/3258 1911/2821/3217 1914/2823/3218 1913/2824/3260
f 1884/2825/3210 1883/2826/3245 1913/2824/3260 1914/2823/3218
s 1
f 1883/2774/3243 1882/2770/3191 1912/2780/3207 1913/2782/3259
f 1915/2773/3194 1916/2778/3261 1946/2785/3262 1945/2781/3208
s 3
f 1916/2845/3263 1917/2844/3219 1947/2846/3228 1946/2847/3264
f 1917/2844/3219 1916/2845/3263 1919/2843/3265 1920/2842/3220
s 1
f 1916/2778/3261 1915/2773/3194 1918/2772/3193 1919/2779/3266
s 3
f 1920/2842/3220 1919/2843/3265 1922/2840/3267 1923/2839/3222
s 1
f 1919/2779/3266 1918/2772/3193 1921/2777/3196 1922/2784/3268
s 3
f 1923/2839/3222 1922/2840/3267 1925/2836/3184 1926/2835/3183
s 1
f 1922/2874/3268 1921/2875/3196 1924/2871/3188 1925/2870/3187
s 3
f 1930/2856/3223 1932/2857/3269 1934/2855/3270 1935/2854/3224
s 1
f 1932/2867/3271 1931/2865/3200 1933/2864/3199 1934/2868/3272
s 3
f 1935/2854/3224 1934/2855/3270 1937/2853/3273 1938/2852/3225
s 1
f 1934/2868/3272 1933/2864/3199 1936/2866/3202 1937/2869/3274
s 3
f 1938/2852/3225 1937/2853/3273 1940/2851/3275 1941/2850/3226
s 1
f 1937/2797/3274 1936/2795/3202 1939/2791/3204 1940/2793/3276
s 3
f 1941/2850/3226 1940/2851/3275 1943/2849/3277 1944/2848/3227
s 1
f 1940/2793/3276 1939/2791/3204 1942/2787/3206 1943/2789/3278
s 3
f 1944/2848/3227 1943/2849/3277 1946/2847/3264 1947/2846/3228
s 1
f 1943/2789/3278 1942/2787/3206 1945/2781/3208 1946/2785/3262
